scope,scope_value,field,obs_col,spatial_buffer_km,percentile,threshold,threshold_source,tp,fp,tn,fn,POD,FAR,CSI,HSS
by_radar,KTLX,max_reflectivity_buffer,severe_obs,2.0,0.0,40.52341842651367,percentile,496,214,0,0,1.0,0.30140845070422534,0.6985915492957746,0.0
by_radar,KTLX,max_reflectivity_buffer,severe_obs,2.0,1.0,45.49947929382325,percentile,492,210,4,4,0.9919354838709677,0.29914529914529914,0.6968838526912181,0.014630729720615321
by_radar,KTLX,max_reflectivity_buffer,severe_obs,2.0,2.0,46.1907287979126,percentile,490,205,9,6,0.9879032258064516,0.2949640287769784,0.6990014265335235,0.04072485112377537
by_radar,KTLX,max_reflectivity_buffer,severe_obs,2.0,3.0,47.12103645324707,percentile,487,201,13,9,0.9818548387096774,0.2921511627906977,0.6987087517934003,0.057188385269121816
by_radar,KTLX,max_reflectivity_buffer,severe_obs,2.0,4.0,48.0811164855957,percentile,483,198,16,13,0.9737903225806451,0.2907488986784141,0.6959654178674352,0.06437752157783634
by_radar,KTLX,max_reflectivity_buffer,severe_obs,2.0,5.0,48.36347351074219,percentile,478,196,18,18,0.9637096774193549,0.29080118694362017,0.6907514450867052,0.06263109838856945
by_radar,KTLX,max_reflectivity_buffer,severe_obs,2.0,6.0,48.700335083007815,percentile,474,193,21,22,0.9556451612903226,0.2893553223388306,0.6879535558780842,0.06958175368449282
by_radar,KTLX,max_reflectivity_buffer,severe_obs,2.0,7.0,48.99529663085938,percentile,471,189,25,25,0.9495967741935484,0.2863636363636364,0.6875912408759124,0.08491929655504697
by_radar,KTLX,max_reflectivity_buffer,severe_obs,2.0,8.0,49.45419738769531,percentile,470,183,31,26,0.9475806451612904,0.28024502297090353,0.6921944035346097,0.11679979049364934
by_radar,KTLX,max_reflectivity_buffer,severe_obs,2.0,9.0,49.9119913482666,percentile,468,178,36,28,0.9435483870967742,0.2755417956656347,0.6943620178041543,0.13958632374049934
by_radar,KTLX,max_reflectivity_buffer,severe_obs,2.0,10.0,50.289092254638675,percentile,466,173,41,30,0.9395161290322581,0.27073552425665104,0.6965620328849028,0.16184971098265896
by_radar,KTLX,max_reflectivity_buffer,severe_obs,2.0,11.0,50.47887546539307,percentile,461,171,43,35,0.9294354838709677,0.27056962025316456,0.6911544227886057,0.15911599668843712
by_radar,KTLX,max_reflectivity_buffer,severe_obs,2.0,12.0,50.756056518554686,percentile,456,168,46,40,0.9193548387096774,0.2692307692307692,0.6867469879518072,0.1618234653105703
by_radar,KTLX,max_reflectivity_buffer,severe_obs,2.0,13.0,50.97685848236084,percentile,455,162,52,41,0.9173387096774194,0.2625607779578606,0.6914893617021277,0.1910353266055252
by_radar,KTLX,max_reflectivity_buffer,severe_obs,2.0,14.0,51.30718315124512,percentile,452,158,56,44,0.9112903225806451,0.25901639344262295,0.691131498470948,0.2038414566448318
by_radar,KTLX,max_reflectivity_buffer,severe_obs,2.0,15.0,51.5237398147583,percentile,449,154,60,47,0.905241935483871,0.25538971807628524,0.6907692307692308,0.2163699660652119
by_radar,KTLX,max_reflectivity_buffer,severe_obs,2.0,16.0,51.748698730468746,percentile,446,150,64,50,0.8991935483870968,0.2516778523489933,0.6904024767801857,0.22862978575463908
by_radar,KTLX,max_reflectivity_buffer,severe_obs,2.0,17.0,51.919916915893566,percentile,444,145,69,52,0.8951612903225806,0.2461799660441426,0.6926677067082684,0.24826133224409067
by_radar,KTLX,max_reflectivity_buffer,severe_obs,2.0,18.0,52.18101501464844,percentile,439,144,70,57,0.8850806451612904,0.2469982847341338,0.6859375,0.2399096690350139
by_radar,KTLX,max_reflectivity_buffer,severe_obs,2.0,19.0,52.35722732543945,percentile,435,142,72,61,0.8770161290322581,0.24610051993067592,0.6818181818181818,0.23920272795413997
by_radar,KTLX,max_reflectivity_buffer,severe_obs,2.0,20.0,52.48208923339844,percentile,431,137,77,65,0.8689516129032258,0.24119718309859156,0.6808846761453397,0.2529585798816568
by_radar,KTLX,max_reflectivity_buffer,severe_obs,2.0,21.0,52.657023506164556,percentile,428,133,81,68,0.8629032258064516,0.23707664884135474,0.6804451510333863,0.26422215118737047
by_radar,KTLX,max_reflectivity_buffer,severe_obs,2.0,22.0,52.805250701904306,percentile,425,129,85,71,0.8568548387096774,0.2328519855595668,0.68,0.2752587632443909
by_radar,KTLX,max_reflectivity_buffer,severe_obs,2.0,23.0,52.952904052734375,percentile,421,125,89,75,0.8487903225806451,0.22893772893772893,0.677938808373591,0.283508587805518
by_radar,KTLX,max_reflectivity_buffer,severe_obs,2.0,24.0,53.17029678344726,percentile,417,122,92,79,0.8407258064516129,0.22634508348794063,0.6747572815533981,0.2870275077187478
by_radar,KTLX,max_reflectivity_buffer,severe_obs,2.0,25.0,53.38013458251953,percentile,415,117,97,81,0.8366935483870968,0.2199248120300752,0.6769983686786297,0.304527644754027
by_radar,KTLX,max_reflectivity_buffer,severe_obs,2.0,26.0,53.53536155700684,percentile,411,114,100,85,0.8286290322580645,0.21714285714285714,0.6737704918032786,0.307775219244525
by_radar,KTLX,max_reflectivity_buffer,severe_obs,2.0,27.0,53.677879333496094,percentile,406,113,101,90,0.8185483870967742,0.21772639691714837,0.6666666666666666,0.2996666699060262
by_radar,KTLX,max_reflectivity_buffer,severe_obs,2.0,28.0,53.82762283325195,percentile,401,110,104,95,0.8084677419354839,0.21526418786692758,0.6617161716171617,0.3004354554979861
by_radar,KTLX,max_reflectivity_buffer,severe_obs,2.0,29.0,54.026766052246096,percentile,397,107,107,99,0.8004032258064516,0.2123015873015873,0.6583747927031509,0.30362992305934333
by_radar,KTLX,max_reflectivity_buffer,severe_obs,2.0,30.0,54.1681640625,percentile,394,103,111,102,0.7943548387096774,0.20724346076458752,0.657762938230384,0.3134628265237776
by_radar,KTLX,max_reflectivity_buffer,severe_obs,2.0,31.0,54.341649246215816,percentile,389,101,113,107,0.7842741935483871,0.20612244897959184,0.6515912897822446,0.30984204131227217
by_radar,KTLX,max_reflectivity_buffer,severe_obs,2.0,32.0,54.447242736816406,percentile,385,99,115,111,0.7762096774193549,0.20454545454545456,0.6470588235294118,0.3086724285025409
by_radar,KTLX,max_reflectivity_buffer,severe_obs,2.0,33.0,54.61772520065308,percentile,381,95,119,115,0.7681451612903226,0.19957983193277312,0.6446700507614214,0.31582908116442127
by_radar,KTLX,max_reflectivity_buffer,severe_obs,2.0,34.0,54.7464714050293,percentile,375,94,120,121,0.7560483870967742,0.20042643923240938,0.635593220338983,0.30582714118107157
by_radar,KTLX,max_reflectivity_buffer,severe_obs,2.0,35.0,54.81538429260254,percentile,369,92,122,127,0.7439516129032258,0.19956616052060738,0.6275510204081632,0.30009272679804466
by_radar,KTLX,max_reflectivity_buffer,severe_obs,2.0,36.0,54.95615585327148,percentile,365,89,125,131,0.7358870967741935,0.1960352422907489,0.6239316239316239,0.30308925097710276
by_radar,KTLX,max_reflectivity_buffer,severe_obs,2.0,37.0,55.03084392547608,percentile,360,87,127,136,0.7258064516129032,0.19463087248322147,0.6174957118353345,0.2997532130947432
by_radar,KTLX,max_reflectivity_buffer,severe_obs,2.0,38.0,55.11089202880859,percentile,355,85,129,141,0.7157258064516129,0.19318181818181818,0.6110154905335629,0.2964749210803227
by_radar,KTLX,max_reflectivity_buffer,severe_obs,2.0,39.0,55.24123996734619,percentile,351,82,132,145,0.7076612903225806,0.18937644341801385,0.6072664359861591,0.2994253523085884
by_radar,KTLX,max_reflectivity_buffer,severe_obs,2.0,40.0,55.30926589965821,percentile,345,81,133,151,0.6955645161290323,0.19014084507042253,0.5979202772963604,0.29008567931456547
by_radar,KTLX,max_reflectivity_buffer,severe_obs,2.0,41.0,55.38892642974854,percentile,338,81,133,158,0.6814516129032258,0.19331742243436753,0.58578856152513,0.27483525781830925
by_radar,KTLX,max_reflectivity_buffer,severe_obs,2.0,42.0,55.51201873779297,percentile,334,78,136,162,0.6733870967741935,0.18932038834951456,0.5818815331010453,0.27789266705088655
by_radar,KTLX,max_reflectivity_buffer,severe_obs,2.0,43.0,55.61504581451416,percentile,328,77,137,168,0.6612903225806451,0.19012345679012346,0.5724258289703316,0.26896406808152973
by_radar,KTLX,max_reflectivity_buffer,severe_obs,2.0,44.0,55.694685821533206,percentile,324,74,140,172,0.6532258064516129,0.18592964824120603,0.5684210526315789,0.2720194728330638
by_radar,KTLX,max_reflectivity_buffer,severe_obs,2.0,45.0,55.898915863037104,percentile,317,73,141,179,0.6391129032258065,0.18717948717948718,0.5571177504393673,0.2612106697497729
by_radar,KTLX,max_reflectivity_buffer,severe_obs,2.0,46.0,56.000230102539064,percentile,314,69,145,182,0.6330645161290323,0.1801566579634465,0.5557522123893806,0.2700918272893338
by_radar,KTLX,max_reflectivity_buffer,severe_obs,2.0,47.0,56.06675758361816,percentile,308,68,146,188,0.6209677419354839,0.18085106382978725,0.5460992907801419,0.2615224598582851
by_radar,KTLX,max_reflectivity_buffer,severe_obs,2.0,48.0,56.106353759765625,percentile,304,68,146,192,0.6129032258064516,0.1827956989247312,0.5390070921985816,0.25340537742259034
by_radar,KTLX,max_reflectivity_buffer,severe_obs,2.0,49.0,56.154993209838864,percentile,295,67,147,201,0.594758064516129,0.1850828729281768,0.5239786856127886,0.23911131016171083
by_radar,KTLX,max_reflectivity_buffer,severe_obs,2.0,50.0,56.22564125061035,percentile,288,67,147,208,0.5806451612903226,0.18873239436619718,0.5115452930728241,0.22535211267605634
by_radar,KTLX,max_reflectivity_buffer,severe_obs,2.0,51.0,56.33615913391113,percentile,283,65,149,213,0.5705645161290323,0.1867816091954023,0.5044563279857398,0.22298680439643498
by_radar,KTLX,max_reflectivity_buffer,severe_obs,2.0,52.0,56.391921539306644,percentile,278,63,151,218,0.5604838709677419,0.18475073313782991,0.49731663685152055,0.22065797389042102
by_radar,KTLX,max_reflectivity_buffer,severe_obs,2.0,53.0,56.45311946868897,percentile,273,61,153,223,0.5504032258064516,0.18263473053892215,0.49012567324955114,0.21836478377498333
by_radar,KTLX,max_reflectivity_buffer,severe_obs,2.0,54.0,56.55762184143067,percentile,267,60,154,229,0.5383064516129032,0.1834862385321101,0.4802158273381295,0.2106437490863487
by_radar,KTLX,max_reflectivity_buffer,severe_obs,2.0,55.0,56.620836639404295,percentile,261,59,155,235,0.5262096774193549,0.184375,0.4702702702702703,0.20303909590714722
by_radar,KTLX,max_reflectivity_buffer,severe_obs,2.0,56.0,56.65566284179687,percentile,257,55,159,239,0.5181451612903226,0.1762820512820513,0.4664246823956443,0.20984495185028162
by_radar,KTLX,max_reflectivity_buffer,severe_obs,2.0,57.0,56.834988555908204,percentile,251,54,160,245,0.5060483870967742,0.17704918032786884,0.45636363636363636,0.20236708622956978
by_radar,KTLX,max_reflectivity_buffer,severe_obs,2.0,58.0,56.90717178344727,percentile,245,53,161,251,0.4939516129032258,0.17785234899328858,0.44626593806921677,0.19499932866882488
by_radar,KTLX,max_reflectivity_buffer,severe_obs,2.0,59.0,56.98936046600342,percentile,240,51,163,256,0.4838709677419355,0.17525773195876287,0.43875685557586835,0.19299661604306584
by_radar,KTLX,max_reflectivity_buffer,severe_obs,2.0,60.0,57.098059844970706,percentile,235,49,165,261,0.4737903225806452,0.17253521126760563,0.43119266055045874,0.19102296450939457
by_radar,KTLX,max_reflectivity_buffer,severe_obs,2.0,61.0,57.16734661102295,percentile,229,48,166,267,0.46169354838709675,0.17328519855595667,0.4209558823529412,0.18389613422564094
by_radar,KTLX,max_reflectivity_buffer,severe_obs,2.0,62.0,57.3394889831543,percentile,226,45,169,270,0.45564516129032256,0.16605166051660517,0.4177449168207024,0.1889039595558102
by_radar,KTLX,max_reflectivity_buffer,severe_obs,2.0,63.0,57.53596496582031,percentile,220,44,170,276,0.4435483870967742,0.16666666666666666,0.4074074074074074,0.1818862706688944
by_radar,KTLX,max_reflectivity_buffer,severe_obs,2.0,64.0,57.62195449829102,percentile,214,42,172,282,0.4314516129032258,0.1640625,0.39776951672862454,0.17833466681906504
by_radar,KTLX,max_reflectivity_buffer,severe_obs,2.0,65.0,57.77087821960449,percentile,208,41,173,288,0.41935483870967744,0.1646586345381526,0.38733705772811916,0.17149626518929426
by_radar,KTLX,max_reflectivity_buffer,severe_obs,2.0,66.0,57.867514572143556,percentile,202,40,174,294,0.40725806451612906,0.1652892561983471,0.376865671641791,0.1647529550993956
by_radar,KTLX,max_reflectivity_buffer,severe_obs,2.0,67.0,57.99675365447998,percentile,194,40,174,302,0.3911290322580645,0.17094017094017094,0.3619402985074627,0.15148931411878172
by_radar,KTLX,max_reflectivity_buffer,severe_obs,2.0,68.0,58.044337615966796,percentile,189,38,176,307,0.3810483870967742,0.16740088105726872,0.3539325842696629,0.14991011501114018
by_radar,KTLX,max_reflectivity_buffer,severe_obs,2.0,69.0,58.087765579223635,percentile,182,38,176,314,0.36693548387096775,0.17272727272727273,0.3408239700374532,0.13856335309527093
by_radar,KTLX,max_reflectivity_buffer,severe_obs,2.0,70.0,58.1667423248291,percentile,177,36,178,319,0.35685483870967744,0.16901408450704225,0.33270676691729323,0.13709285367039378
by_radar,KTLX,max_reflectivity_buffer,severe_obs,2.0,71.0,58.26449230194092,percentile,171,35,179,325,0.34475806451612906,0.16990291262135923,0.3220338983050847,0.13081328128188038
by_radar,KTLX,max_reflectivity_buffer,severe_obs,2.0,72.0,58.496962280273436,percentile,164,35,179,332,0.33064516129032256,0.17587939698492464,0.3088512241054614,0.11982083623269671
by_radar,KTLX,max_reflectivity_buffer,severe_obs,2.0,73.0,58.62158847808838,percentile,158,34,180,338,0.3185483870967742,0.17708333333333334,0.2981132075471698,0.11373885965854183
by_radar,KTLX,max_reflectivity_buffer,severe_obs,2.0,74.0,58.75746162414551,percentile,152,33,181,344,0.3064516129032258,0.1783783783783784,0.28733459357277885,0.10773692456415214
by_radar,KTLX,max_reflectivity_buffer,severe_obs,2.0,75.0,58.990025043487556,percentile,148,30,184,348,0.29838709677419356,0.16853932584269662,0.2813688212927757,0.11121855585434025
by_radar,KTLX,max_reflectivity_buffer,severe_obs,2.0,76.0,59.078716125488285,percentile,141,30,184,355,0.2842741935483871,0.17543859649122806,0.26806083650190116,0.10063894610084952
by_radar,KTLX,max_reflectivity_buffer,severe_obs,2.0,77.0,59.24124279022217,percentile,134,30,184,362,0.2701612903225806,0.18292682926829268,0.25475285171102663,0.09019587332304715
by_radar,KTLX,max_reflectivity_buffer,severe_obs,2.0,78.0,59.263448562622074,percentile,127,29,185,369,0.2560483870967742,0.1858974358974359,0.2419047619047619,0.08303263155162119
by_radar,KTLX,max_reflectivity_buffer,severe_obs,2.0,79.0,59.348180618286136,percentile,121,28,186,375,0.2439516129032258,0.18791946308724833,0.23091603053435114,0.07742259997033617
by_radar,KTLX,max_reflectivity_buffer,severe_obs,2.0,80.0,59.493081665039064,percentile,115,27,187,381,0.2318548387096774,0.19014084507042253,0.2198852772466539,0.0718835304822566
by_radar,KTLX,max_reflectivity_buffer,severe_obs,2.0,81.0,59.58265663146973,percentile,109,26,188,387,0.21975806451612903,0.1925925925925926,0.20881226053639848,0.06641408513483396
by_radar,KTLX,max_reflectivity_buffer,severe_obs,2.0,82.0,59.703248291015626,percentile,102,26,188,394,0.2056451612903226,0.203125,0.19540229885057472,0.05652019844082211
by_radar,KTLX,max_reflectivity_buffer,severe_obs,2.0,83.0,59.88026538848877,percentile,97,24,190,399,0.19556451612903225,0.19834710743801653,0.18653846153846154,0.05567888113998956
by_radar,KTLX,max_reflectivity_buffer,severe_obs,2.0,84.0,59.97490509033203,percentile,92,22,192,404,0.18548387096774194,0.19298245614035087,0.1776061776061776,0.05484794320212992
by_radar,KTLX,max_reflectivity_buffer,severe_obs,2.0,85.0,60.05196380615234,percentile,86,22,192,410,0.17338709677419356,0.2037037037037037,0.16602316602316602,0.0465769775943103
by_radar,KTLX,max_reflectivity_buffer,severe_obs,2.0,86.0,60.140694808959964,percentile,80,20,194,416,0.16129032258064516,0.2,0.15503875968992248,0.044449932090381526
by_radar,KTLX,max_reflectivity_buffer,severe_obs,2.0,87.0,60.36350280761719,percentile,75,18,196,421,0.15120967741935484,0.1935483870967742,0.14591439688715954,0.04370209919799714
by_radar,KTLX,max_reflectivity_buffer,severe_obs,2.0,88.0,60.51837432861328,percentile,71,15,199,425,0.1431451612903226,0.1744186046511628,0.13894324853228962,0.04729375312587677
by_radar,KTLX,max_reflectivity_buffer,severe_obs,2.0,89.0,60.65122985839844,percentile,67,12,202,429,0.1350806451612903,0.1518987341772152,0.13188976377952755,0.050842422441964095
by_radar,KTLX,max_reflectivity_buffer,severe_obs,2.0,90.0,60.957847595214844,percentile,59,12,202,437,0.11895161290322581,0.16901408450704225,0.11614173228346457,0.040188114578879865
by_radar,KTLX,max_reflectivity_buffer,severe_obs,2.0,91.0,61.285955696105965,percentile,53,11,203,443,0.10685483870967742,0.171875,0.10453648915187377,0.035233694090604346
by_radar,KTLX,max_reflectivity_buffer,severe_obs,2.0,92.0,61.53066635131836,percentile,50,8,206,446,0.10080645161290322,0.13793103448275862,0.0992063492063492,0.040094817214803874
by_radar,KTLX,max_reflectivity_buffer,severe_obs,2.0,93.0,61.59700218200683,percentile,42,8,206,454,0.0846774193548387,0.16,0.08333333333333333,0.029698870023072827
by_radar,KTLX,max_reflectivity_buffer,severe_obs,2.0,94.0,61.85160278320312,percentile,35,8,206,461,0.07056451612903226,0.18604651162790697,0.06944444444444445,0.0207155755012734
by_radar,KTLX,max_reflectivity_buffer,severe_obs,2.0,95.0,62.39042053222656,percentile,29,7,207,467,0.05846774193548387,0.19444444444444445,0.05765407554671968,0.015987930106898085
by_radar,KTLX,max_reflectivity_buffer,severe_obs,2.0,96.0,62.6331005859375,percentile,24,5,209,472,0.04838709677419355,0.1724137931034483,0.04790419161676647,0.01544266851172445
by_radar,KTLX,max_reflectivity_buffer,severe_obs,2.0,97.0,62.81504821777344,percentile,20,4,210,476,0.04032258064516129,0.16666666666666666,0.04,0.013295038680687451
by_radar,KTLX,max_reflectivity_buffer,severe_obs,2.0,98.0,63.13529083251954,percentile,13,2,212,483,0.02620967741935484,0.13333333333333333,0.02610441767068273,0.01028942603397235
by_radar,KTLX,max_reflectivity_buffer,severe_obs,2.0,99.0,63.78774173736573,percentile,8,0,214,488,0.016129032258064516,0.0,0.016129032258064516,0.00978554117700855
by_radar,KTLX,max_reflectivity_buffer,severe_obs,2.0,100.0,65.7410888671875,percentile,1,0,214,495,0.0020161290322580645,0.0,0.0020161290322580645,0.0012163306600583156
by_radar,KTLX,max_reflectivity_buffer,sig_severe_obs,2.0,0.0,40.52341842651367,percentile,121,589,0,0,1.0,0.8295774647887324,0.1704225352112676,0.0
by_radar,KTLX,max_reflectivity_buffer,sig_severe_obs,2.0,1.0,45.49947929382325,percentile,121,581,8,0,1.0,0.8276353276353277,0.17236467236467237,0.00467129613990725
by_radar,KTLX,max_reflectivity_buffer,sig_severe_obs,2.0,2.0,46.1907287979126,percentile,121,574,15,0,1.0,0.8258992805755395,0.17410071942446043,0.008828465111754263
by_radar,KTLX,max_reflectivity_buffer,sig_severe_obs,2.0,3.0,47.12103645324707,percentile,121,567,22,0,1.0,0.8241279069767442,0.17587209302325582,0.01305241067532251
by_radar,KTLX,max_reflectivity_buffer,sig_severe_obs,2.0,4.0,48.0811164855957,percentile,120,561,28,1,0.9917355371900827,0.8237885462555066,0.17595307917888564,0.013835271787216585
by_radar,KTLX,max_reflectivity_buffer,sig_severe_obs,2.0,5.0,48.36347351074219,percentile,120,554,35,1,0.9917355371900827,0.8219584569732937,0.17777777777777778,0.018169042861200673
by_radar,KTLX,max_reflectivity_buffer,sig_severe_obs,2.0,6.0,48.700335083007815,percentile,118,549,40,3,0.9752066115702479,0.823088455772114,0.1761194029850746,0.015439650711188597
by_radar,KTLX,max_reflectivity_buffer,sig_severe_obs,2.0,7.0,48.99529663085938,percentile,117,543,46,4,0.9669421487603306,0.8227272727272728,0.17620481927710843,0.016261810076243065
by_radar,KTLX,max_reflectivity_buffer,sig_severe_obs,2.0,8.0,49.45419738769531,percentile,117,536,53,4,0.9669421487603306,0.8208269525267994,0.1780821917808219,0.02072467395801938
by_radar,KTLX,max_reflectivity_buffer,sig_severe_obs,2.0,9.0,49.9119913482666,percentile,117,529,60,4,0.9669421487603306,0.8188854489164087,0.18,0.02526285422859174
by_radar,KTLX,max_reflectivity_buffer,sig_severe_obs,2.0,10.0,50.289092254638675,percentile,116,523,66,5,0.9586776859504132,0.8184663536776213,0.18012422360248448,0.02618959793434157
by_radar,KTLX,max_reflectivity_buffer,sig_severe_obs,2.0,11.0,50.47887546539307,percentile,116,516,73,5,0.9586776859504132,0.8164556962025317,0.18210361067503925,0.03085258563321683
by_radar,KTLX,max_reflectivity_buffer,sig_severe_obs,2.0,12.0,50.756056518554686,percentile,116,508,81,5,0.9586776859504132,0.8141025641025641,0.18441971383147854,0.03628069915489678
by_radar,KTLX,max_reflectivity_buffer,sig_severe_obs,2.0,13.0,50.97685848236084,percentile,116,501,88,5,0.9586776859504132,0.8119935170178282,0.1864951768488746,0.04111929024784742
by_radar,KTLX,max_reflectivity_buffer,sig_severe_obs,2.0,14.0,51.30718315124512,percentile,116,494,95,5,0.9586776859504132,0.8098360655737705,0.1886178861788618,0.04604324295215272
by_radar,KTLX,max_reflectivity_buffer,sig_severe_obs,2.0,15.0,51.5237398147583,percentile,115,488,101,6,0.9504132231404959,0.8092868988391376,0.18883415435139572,0.047197335607991005
by_radar,KTLX,max_reflectivity_buffer,sig_severe_obs,2.0,16.0,51.748698730468746,percentile,114,482,107,7,0.9421487603305785,0.8087248322147651,0.1890547263681592,0.04837215421639193
by_radar,KTLX,max_reflectivity_buffer,sig_severe_obs,2.0,17.0,51.919916915893566,percentile,114,475,114,7,0.9421487603305785,0.8064516129032258,0.1912751677852349,0.053495666026850165
by_radar,KTLX,max_reflectivity_buffer,sig_severe_obs,2.0,18.0,52.18101501464844,percentile,114,469,120,7,0.9421487603305785,0.8044596912521441,0.19322033898305085,0.05796172307486467
by_radar,KTLX,max_reflectivity_buffer,sig_severe_obs,2.0,19.0,52.35722732543945,percentile,114,463,126,7,0.9421487603305785,0.8024263431542461,0.1952054794520548,0.06249824411568047
by_radar,KTLX,max_reflectivity_buffer,sig_severe_obs,2.0,20.0,52.48208923339844,percentile,114,454,135,7,0.9421487603305785,0.7992957746478874,0.19826086956521738,0.06943883730318934
by_radar,KTLX,max_reflectivity_buffer,sig_severe_obs,2.0,21.0,52.657023506164556,percentile,114,447,142,7,0.9421487603305785,0.7967914438502673,0.2007042253521127,0.07495307899373813
by_radar,KTLX,max_reflectivity_buffer,sig_severe_obs,2.0,22.0,52.805250701904306,percentile,113,441,148,8,0.9338842975206612,0.796028880866426,0.20106761565836298,0.07645821624534303
by_radar,KTLX,max_reflectivity_buffer,sig_severe_obs,2.0,23.0,52.952904052734375,percentile,112,434,155,9,0.9256198347107438,0.7948717948717948,0.2018018018018018,0.07880786555685074
by_radar,KTLX,max_reflectivity_buffer,sig_severe_obs,2.0,24.0,53.17029678344726,percentile,110,429,160,11,0.9090909090909091,0.7959183673469388,0.2,0.07618242144297703
by_radar,KTLX,max_reflectivity_buffer,sig_severe_obs,2.0,25.0,53.38013458251953,percentile,110,422,167,11,0.9090909090909091,0.793233082706767,0.20257826887661143,0.08198610870564908
by_radar,KTLX,max_reflectivity_buffer,sig_severe_obs,2.0,26.0,53.53536155700684,percentile,109,416,173,12,0.9008264462809917,0.7923809523809524,0.20297951582867785,0.08362232743282771
by_radar,KTLX,max_reflectivity_buffer,sig_severe_obs,2.0,27.0,53.677879333496094,percentile,109,410,179,12,0.9008264462809917,0.789980732177264,0.20527306967984935,0.08875250150546529
by_radar,KTLX,max_reflectivity_buffer,sig_severe_obs,2.0,28.0,53.82762283325195,percentile,108,403,186,13,0.8925619834710744,0.7886497064579256,0.20610687022900764,0.09136215690738268
by_radar,KTLX,max_reflectivity_buffer,sig_severe_obs,2.0,29.0,54.026766052246096,percentile,108,396,193,13,0.8925619834710744,0.7857142857142857,0.20889748549323017,0.09755673095449714
by_radar,KTLX,max_reflectivity_buffer,sig_severe_obs,2.0,30.0,54.1681640625,percentile,108,389,200,13,0.8925619834710744,0.7826961770623743,0.21176470588235294,0.103878733838609
by_radar,KTLX,max_reflectivity_buffer,sig_severe_obs,2.0,31.0,54.341649246215816,percentile,107,383,206,14,0.8842975206611571,0.7816326530612245,0.2123015873015873,0.1058274910382895
by_radar,KTLX,max_reflectivity_buffer,sig_severe_obs,2.0,32.0,54.447242736816406,percentile,104,380,209,17,0.859504132231405,0.7851239669421488,0.20758483033932135,0.09779080858582302
by_radar,KTLX,max_reflectivity_buffer,sig_severe_obs,2.0,33.0,54.61772520065308,percentile,102,374,215,19,0.8429752066115702,0.7857142857142857,0.20606060606060606,0.09604830924134534
by_radar,KTLX,max_reflectivity_buffer,sig_severe_obs,2.0,34.0,54.7464714050293,percentile,99,370,219,22,0.8181818181818182,0.7889125799573561,0.20162932790224034,0.088676564004165
by_radar,KTLX,max_reflectivity_buffer,sig_severe_obs,2.0,35.0,54.81538429260254,percentile,97,364,225,24,0.8016528925619835,0.789587852494577,0.2,0.08678039369086847
by_radar,KTLX,max_reflectivity_buffer,sig_severe_obs,2.0,36.0,54.95615585327148,percentile,96,358,231,25,0.7933884297520661,0.788546255506608,0.20041753653444677,0.08865146020872573
by_radar,KTLX,max_reflectivity_buffer,sig_severe_obs,2.0,37.0,55.03084392547608,percentile,94,353,236,27,0.7768595041322314,0.7897091722595079,0.19831223628691982,0.08575223817882388
by_radar,KTLX,max_reflectivity_buffer,sig_severe_obs,2.0,38.0,55.11089202880859,percentile,94,346,243,27,0.7768595041322314,0.7863636363636364,0.2012847965738758,0.09251961758558065
by_radar,KTLX,max_reflectivity_buffer,sig_severe_obs,2.0,39.0,55.24123996734619,percentile,94,339,250,27,0.7768595041322314,0.7829099307159353,0.20434782608695654,0.0994406592873431
by_radar,KTLX,max_reflectivity_buffer,sig_severe_obs,2.0,40.0,55.30926589965821,percentile,93,333,256,28,0.768595041322314,0.7816901408450704,0.20484581497797358,0.101543056246889
by_radar,KTLX,max_reflectivity_buffer,sig_severe_obs,2.0,41.0,55.38892642974854,percentile,91,328,261,30,0.7520661157024794,0.7828162291169452,0.2026726057906459,0.09865887475975348
by_radar,KTLX,max_reflectivity_buffer,sig_severe_obs,2.0,42.0,55.51201873779297,percentile,91,321,268,30,0.7520661157024794,0.779126213592233,0.20588235294117646,0.10589611302856569
by_radar,KTLX,max_reflectivity_buffer,sig_severe_obs,2.0,43.0,55.61504581451416,percentile,91,314,275,30,0.7520661157024794,0.7753086419753087,0.20919540229885059,0.11330550009076057
by_radar,KTLX,max_reflectivity_buffer,sig_severe_obs,2.0,44.0,55.694685821533206,percentile,91,307,282,30,0.7520661157024794,0.7713567839195979,0.21261682242990654,0.12089325211078207
by_radar,KTLX,max_reflectivity_buffer,sig_severe_obs,2.0,45.0,55.898915863037104,percentile,89,301,288,32,0.7355371900826446,0.7717948717948718,0.2109004739336493,0.11921171255075812
by_radar,KTLX,max_reflectivity_buffer,sig_severe_obs,2.0,46.0,56.000230102539064,percentile,89,294,295,32,0.7355371900826446,0.7676240208877284,0.21445783132530122,0.12707332342714045
by_radar,KTLX,max_reflectivity_buffer,sig_severe_obs,2.0,47.0,56.06675758361816,percentile,87,289,300,34,0.71900826446281,0.7686170212765957,0.2121951219512195,0.12428688167772779
by_radar,KTLX,max_reflectivity_buffer,sig_severe_obs,2.0,48.0,56.106353759765625,percentile,86,286,303,35,0.7107438016528925,0.7688172043010753,0.2113022113022113,0.12344330515449643
by_radar,KTLX,max_reflectivity_buffer,sig_severe_obs,2.0,49.0,56.154993209838864,percentile,84,278,311,37,0.6942148760330579,0.7679558011049724,0.21052631578947367,0.12406100436304959
by_radar,KTLX,max_reflectivity_buffer,sig_severe_obs,2.0,50.0,56.22564125061035,percentile,82,273,316,39,0.6776859504132231,0.7690140845070422,0.20812182741116753,0.12112676056338029
by_radar,KTLX,max_reflectivity_buffer,sig_severe_obs,2.0,51.0,56.33615913391113,percentile,81,267,322,40,0.6694214876033058,0.7672413793103449,0.20876288659793815,0.12382322911558281
by_radar,KTLX,max_reflectivity_buffer,sig_severe_obs,2.0,52.0,56.391921539306644,percentile,78,263,326,43,0.6446280991735537,0.7712609970674487,0.203125,0.11502334031234471
by_radar,KTLX,max_reflectivity_buffer,sig_severe_obs,2.0,53.0,56.45311946868897,percentile,78,256,333,43,0.6446280991735537,0.7664670658682635,0.20689655172413793,0.1235725904335692
by_radar,KTLX,max_reflectivity_buffer,sig_severe_obs,2.0,54.0,56.55762184143067,percentile,78,249,340,43,0.6446280991735537,0.7614678899082569,0.21081081081081082,0.1323562645953479
by_radar,KTLX,max_reflectivity_buffer,sig_severe_obs,2.0,55.0,56.620836639404295,percentile,75,245,344,46,0.6198347107438017,0.765625,0.20491803278688525,0.12330801544532609
by_radar,KTLX,max_reflectivity_buffer,sig_severe_obs,2.0,56.0,56.65566284179687,percentile,74,238,351,47,0.6115702479338843,0.7628205128205128,0.20612813370473537,0.1275234341988393
by_radar,KTLX,max_reflectivity_buffer,sig_severe_obs,2.0,57.0,56.834988555908204,percentile,73,232,357,48,0.6033057851239669,0.760655737704918,0.20679886685552407,0.1305488738246228
by_radar,KTLX,max_reflectivity_buffer,sig_severe_obs,2.0,58.0,56.90717178344727,percentile,71,227,362,50,0.5867768595041323,0.761744966442953,0.20402298850574713,0.1273616300016861
by_radar,KTLX,max_reflectivity_buffer,sig_severe_obs,2.0,59.0,56.98936046600342,percentile,70,221,368,51,0.5785123966942148,0.7594501718213058,0.2046783625730994,0.13047393492962567
by_radar,KTLX,max_reflectivity_buffer,sig_severe_obs,2.0,60.0,57.098059844970706,percentile,69,215,374,52,0.5702479338842975,0.7570422535211268,0.20535714285714285,0.1336794289422453
by_radar,KTLX,max_reflectivity_buffer,sig_severe_obs,2.0,61.0,57.16734661102295,percentile,67,210,379,54,0.5537190082644629,0.7581227436823105,0.20241691842900303,0.13039444016590426
by_radar,KTLX,max_reflectivity_buffer,sig_severe_obs,2.0,62.0,57.3394889831543,percentile,65,206,383,56,0.5371900826446281,0.7601476014760148,0.19877675840978593,0.12559110267089096
by_radar,KTLX,max_reflectivity_buffer,sig_severe_obs,2.0,63.0,57.53596496582031,percentile,65,199,390,56,0.5371900826446281,0.7537878787878788,0.203125,0.13564274188158235
by_radar,KTLX,max_reflectivity_buffer,sig_severe_obs,2.0,64.0,57.62195449829102,percentile,64,192,397,57,0.5289256198347108,0.75,0.20447284345047922,0.140619683255719
by_radar,KTLX,max_reflectivity_buffer,sig_severe_obs,2.0,65.0,57.77087821960449,percentile,63,186,403,58,0.5206611570247934,0.7469879518072289,0.20521172638436483,0.14424872309105818
by_radar,KTLX,max_reflectivity_buffer,sig_severe_obs,2.0,66.0,57.867514572143556,percentile,63,179,410,58,0.5206611570247934,0.7396694214876033,0.21,0.15512687908578773
by_radar,KTLX,max_reflectivity_buffer,sig_severe_obs,2.0,67.0,57.99675365447998,percentile,60,174,415,61,0.49586776859504134,0.7435897435897436,0.2033898305084746,0.14620667069214316
by_radar,KTLX,max_reflectivity_buffer,sig_severe_obs,2.0,68.0,58.044337615966796,percentile,60,167,422,61,0.49586776859504134,0.73568281938326,0.20833333333333334,0.1575156391493968
by_radar,KTLX,max_reflectivity_buffer,sig_severe_obs,2.0,69.0,58.087765579223635,percentile,57,163,426,64,0.47107438016528924,0.740909090909091,0.2007042253521127,0.146661724996029
by_radar,KTLX,max_reflectivity_buffer,sig_severe_obs,2.0,70.0,58.1667423248291,percentile,56,157,432,65,0.4628099173553719,0.7370892018779343,0.2014388489208633,0.15072685539403213
by_radar,KTLX,max_reflectivity_buffer,sig_severe_obs,2.0,71.0,58.26449230194092,percentile,54,152,437,67,0.4462809917355372,0.7378640776699029,0.1978021978021978,0.14714948606281333
by_radar,KTLX,max_reflectivity_buffer,sig_severe_obs,2.0,72.0,58.496962280273436,percentile,52,147,442,69,0.4297520661157025,0.7386934673366834,0.19402985074626866,0.1434412037399046
by_radar,KTLX,max_reflectivity_buffer,sig_severe_obs,2.0,73.0,58.62158847808838,percentile,52,140,449,69,0.4297520661157025,0.7291666666666666,0.19923371647509577,0.15575253461989236
by_radar,KTLX,max_reflectivity_buffer,sig_severe_obs,2.0,74.0,58.75746162414551,percentile,50,135,454,71,0.4132231404958678,0.7297297297297297,0.1953125,0.15206678648037567
by_radar,KTLX,max_reflectivity_buffer,sig_severe_obs,2.0,75.0,58.990025043487556,percentile,50,128,461,71,0.4132231404958678,0.7191011235955056,0.20080321285140562,0.1650218067063009
by_radar,KTLX,max_reflectivity_buffer,sig_severe_obs,2.0,76.0,59.078716125488285,percentile,48,123,466,73,0.39669421487603307,0.7192982456140351,0.19672131147540983,0.16137352505152527
by_radar,KTLX,max_reflectivity_buffer,sig_severe_obs,2.0,77.0,59.24124279022217,percentile,47,117,472,74,0.3884297520661157,0.7134146341463414,0.19747899159663865,0.16630804982110142
by_radar,KTLX,max_reflectivity_buffer,sig_severe_obs,2.0,78.0,59.263448562622074,percentile,46,110,479,75,0.38016528925619836,0.7051282051282052,0.19913419913419914,0.17347311191935463
by_radar,KTLX,max_reflectivity_buffer,sig_severe_obs,2.0,79.0,59.348180618286136,percentile,44,105,484,77,0.36363636363636365,0.7046979865771812,0.19469026548672566,0.16976137546420633
by_radar,KTLX,max_reflectivity_buffer,sig_severe_obs,2.0,80.0,59.493081665039064,percentile,42,100,489,79,0.34710743801652894,0.704225352112676,0.19004524886877827,0.16589002795899346
by_radar,KTLX,max_reflectivity_buffer,sig_severe_obs,2.0,81.0,59.58265663146973,percentile,40,95,494,81,0.3305785123966942,0.7037037037037037,0.18518518518518517,0.16184854785699912
by_radar,KTLX,max_reflectivity_buffer,sig_severe_obs,2.0,82.0,59.703248291015626,percentile,38,90,499,83,0.3140495867768595,0.703125,0.18009478672985782,0.15762546806205166
by_radar,KTLX,max_reflectivity_buffer,sig_severe_obs,2.0,83.0,59.88026538848877,percentile,37,84,505,84,0.30578512396694213,0.6942148760330579,0.18048780487804877,0.16317052294826642
by_radar,KTLX,max_reflectivity_buffer,sig_severe_obs,2.0,84.0,59.97490509033203,percentile,33,81,508,88,0.2727272727272727,0.7105263157894737,0.16336633663366337,0.1383866381353133
by_radar,KTLX,max_reflectivity_buffer,sig_severe_obs,2.0,85.0,60.05196380615234,percentile,31,77,512,90,0.256198347107438,0.7129629629629629,0.15656565656565657,0.13106248259486714
by_radar,KTLX,max_reflectivity_buffer,sig_severe_obs,2.0,86.0,60.140694808959964,percentile,29,71,518,92,0.2396694214876033,0.71,0.15104166666666666,0.12794815763695275
by_radar,KTLX,max_reflectivity_buffer,sig_severe_obs,2.0,87.0,60.36350280761719,percentile,28,65,524,93,0.23140495867768596,0.6989247311827957,0.15053763440860216,0.13330345967829163
by_radar,KTLX,max_reflectivity_buffer,sig_severe_obs,2.0,88.0,60.51837432861328,percentile,27,59,530,94,0.2231404958677686,0.686046511627907,0.15,0.13893688866342205
by_radar,KTLX,max_reflectivity_buffer,sig_severe_obs,2.0,89.0,60.65122985839844,percentile,27,52,537,94,0.2231404958677686,0.6582278481012658,0.15606936416184972,0.15642649045425694
by_radar,KTLX,max_reflectivity_buffer,sig_severe_obs,2.0,90.0,60.957847595214844,percentile,25,46,543,96,0.2066115702479339,0.647887323943662,0.1497005988023952,0.1537544696066746
by_radar,KTLX,max_reflectivity_buffer,sig_severe_obs,2.0,91.0,61.285955696105965,percentile,22,42,547,99,0.18181818181818182,0.65625,0.13496932515337423,0.1359548428302636
by_radar,KTLX,max_reflectivity_buffer,sig_severe_obs,2.0,92.0,61.53066635131836,percentile,22,36,553,99,0.18181818181818182,0.6206896551724138,0.14012738853503184,0.15217506678224565
by_radar,KTLX,max_reflectivity_buffer,sig_severe_obs,2.0,93.0,61.59700218200683,percentile,20,30,559,101,0.1652892561983471,0.6,0.13245033112582782,0.14911718964413137
by_radar,KTLX,max_reflectivity_buffer,sig_severe_obs,2.0,94.0,61.85160278320312,percentile,16,27,562,105,0.1322314049586777,0.627906976744186,0.10810810810810811,0.11613256125393742
by_radar,KTLX,max_reflectivity_buffer,sig_severe_obs,2.0,95.0,62.39042053222656,percentile,14,22,567,107,0.11570247933884298,0.6111111111111112,0.0979020979020979,0.10868253566632281
by_radar,KTLX,max_reflectivity_buffer,sig_severe_obs,2.0,96.0,62.6331005859375,percentile,13,16,573,108,0.10743801652892562,0.5517241379310345,0.0948905109489051,0.11501578174946221
by_radar,KTLX,max_reflectivity_buffer,sig_severe_obs,2.0,97.0,62.81504821777344,percentile,11,13,576,110,0.09090909090909091,0.5416666666666666,0.08208955223880597,0.10100677358917873
by_radar,KTLX,max_reflectivity_buffer,sig_severe_obs,2.0,98.0,63.13529083251954,percentile,8,7,582,113,0.06611570247933884,0.4666666666666667,0.0625,0.08318088884106317
by_radar,KTLX,max_reflectivity_buffer,sig_severe_obs,2.0,99.0,63.78774173736573,percentile,6,2,587,115,0.049586776859504134,0.25,0.04878048780487805,0.07343788341847547
by_radar,KTLX,max_reflectivity_buffer,sig_severe_obs,2.0,100.0,65.7410888671875,percentile,0,1,588,121,0.0,1.0,0.0,-0.002801639306304846
by_radar,KTLX,max_hdr_size_buffer,severe_obs,2.0,0.0,2.4578611850738525,percentile,496,214,0,0,1.0,0.30140845070422534,0.6985915492957746,0.0
by_radar,KTLX,max_hdr_size_buffer,severe_obs,2.0,1.0,11.752837877273558,percentile,491,211,3,5,0.9899193548387096,0.3005698005698006,0.6944837340876945,0.0054216711198734075
by_radar,KTLX,max_hdr_size_buffer,severe_obs,2.0,2.0,12.20243088722229,percentile,486,209,5,10,0.9798387096774194,0.30071942446043165,0.6893617021276596,0.004354229365435103
by_radar,KTLX,max_hdr_size_buffer,severe_obs,2.0,3.0,12.414656620025635,percentile,484,204,10,12,0.9758064516129032,0.29651162790697677,0.6914285714285714,0.030250910562525293
by_radar,KTLX,max_hdr_size_buffer,severe_obs,2.0,4.0,12.747151260375976,percentile,481,200,14,15,0.969758064516129,0.2936857562408223,0.6910919540229885,0.04664060255561523
by_radar,KTLX,max_hdr_size_buffer,severe_obs,2.0,5.0,12.943692684173584,percentile,481,193,21,15,0.969758064516129,0.28635014836795253,0.6981132075471698,0.08891246946178713
by_radar,KTLX,max_hdr_size_buffer,severe_obs,2.0,6.0,13.138956146240234,percentile,478,189,25,18,0.9637096774193549,0.28335832083958024,0.6978102189781021,0.10420196750088379
by_radar,KTLX,max_hdr_size_buffer,severe_obs,2.0,7.0,13.416018867492676,percentile,476,184,30,20,0.9596774193548387,0.2787878787878788,0.7,0.12768007708985787
by_radar,KTLX,max_hdr_size_buffer,severe_obs,2.0,8.0,13.746471214294434,percentile,476,177,37,20,0.9596774193548387,0.27105666156202146,0.7072808320950966,0.16750985036961205
by_radar,KTLX,max_hdr_size_buffer,severe_obs,2.0,9.0,14.000458602905272,percentile,475,171,43,21,0.9576612903225806,0.2647058823529412,0.712143928035982,0.1980610396027955
by_radar,KTLX,max_hdr_size_buffer,severe_obs,2.0,10.0,14.230390930175782,percentile,473,166,48,23,0.9536290322580645,0.2597809076682316,0.7145015105740181,0.21965317919075145
by_radar,KTLX,max_hdr_size_buffer,severe_obs,2.0,11.0,14.409666690826416,percentile,472,160,54,24,0.9516129032258065,0.25316455696202533,0.7195121951219512,0.24891914267316714
by_radar,KTLX,max_hdr_size_buffer,severe_obs,2.0,12.0,14.561832466125487,percentile,469,155,59,27,0.9455645161290323,0.2483974358974359,0.7204301075268817,0.266595532146749
by_radar,KTLX,max_hdr_size_buffer,severe_obs,2.0,13.0,14.925612759590148,percentile,466,151,63,30,0.9395161290322581,0.24473257698541329,0.7202472952086554,0.2787063749536949
by_radar,KTLX,max_hdr_size_buffer,severe_obs,2.0,14.0,15.22127893447876,percentile,461,149,65,35,0.9294354838709677,0.2442622950819672,0.7147286821705426,0.2747862773398468
by_radar,KTLX,max_hdr_size_buffer,severe_obs,2.0,15.0,15.459362077713013,percentile,459,144,70,37,0.9254032258064516,0.23880597014925373,0.7171875,0.2943431037701659
by_radar,KTLX,max_hdr_size_buffer,severe_obs,2.0,16.0,15.648634796142579,percentile,455,141,73,41,0.9173387096774194,0.23657718120805368,0.7142857142857143,0.29805310503672156
by_radar,KTLX,max_hdr_size_buffer,severe_obs,2.0,17.0,15.945542459487916,percentile,451,138,76,45,0.9092741935483871,0.23429541595925296,0.7113564668769716,0.3016843847749675
by_radar,KTLX,max_hdr_size_buffer,severe_obs,2.0,18.0,16.212978439331053,percentile,447,135,79,49,0.9012096774193549,0.23195876288659795,0.7083993660855784,0.3052394222382948
by_radar,KTLX,max_hdr_size_buffer,severe_obs,2.0,19.0,16.53261604309082,percentile,444,131,83,52,0.8951612903225806,0.22782608695652173,0.7081339712918661,0.31619388453239305
by_radar,KTLX,max_hdr_size_buffer,severe_obs,2.0,20.0,16.79074592590332,percentile,439,129,85,57,0.8850806451612904,0.22711267605633803,0.7024,0.3121301775147929
by_radar,KTLX,max_hdr_size_buffer,severe_obs,2.0,21.0,17.028511657714844,percentile,433,128,86,63,0.8729838709677419,0.2281639928698752,0.6939102564102564,0.3008280143123769
by_radar,KTLX,max_hdr_size_buffer,severe_obs,2.0,22.0,17.208460693359374,percentile,430,124,90,66,0.8669354838709677,0.22382671480144403,0.6935483870967742,0.3114958250821714
by_radar,KTLX,max_hdr_size_buffer,severe_obs,2.0,23.0,17.418386363983153,percentile,426,120,94,70,0.8588709677419355,0.21978021978021978,0.6915584415584416,0.31933315841524207
by_radar,KTLX,max_hdr_size_buffer,severe_obs,2.0,24.0,17.65140151977539,percentile,423,117,97,73,0.8528225806451613,0.21666666666666667,0.6900489396411092,0.32509505703422054
by_radar,KTLX,max_hdr_size_buffer,severe_obs,2.0,25.0,17.76026678085327,percentile,422,110,104,74,0.8508064516129032,0.20676691729323307,0.6963696369636964,0.353702457751217
by_radar,KTLX,max_hdr_size_buffer,severe_obs,2.0,26.0,18.13938144683838,percentile,416,109,105,80,0.8387096774193549,0.20761904761904762,0.687603305785124,0.34256038410660916
by_radar,KTLX,max_hdr_size_buffer,severe_obs,2.0,27.0,18.250424957275392,percentile,411,107,107,85,0.8286290322580645,0.20656370656370657,0.681592039800995,0.3385221560140525
by_radar,KTLX,max_hdr_size_buffer,severe_obs,2.0,28.0,18.636835937500003,percentile,408,103,111,88,0.8225806451612904,0.20156555772994128,0.6811352253756261,0.3482105951225139
by_radar,KTLX,max_hdr_size_buffer,severe_obs,2.0,29.0,18.770304737091063,percentile,403,101,113,93,0.8125,0.2003968253968254,0.6750418760469011,0.3441951702597699
by_radar,KTLX,max_hdr_size_buffer,severe_obs,2.0,30.0,18.957507896423337,percentile,398,99,115,98,0.8024193548387096,0.19919517102615694,0.66890756302521,0.3402545210984595
by_radar,KTLX,max_hdr_size_buffer,severe_obs,2.0,31.0,19.024163913726806,percentile,395,95,119,101,0.7963709677419355,0.19387755102040816,0.6683587140439933,0.3496588466211796
by_radar,KTLX,max_hdr_size_buffer,severe_obs,2.0,32.0,19.261628723144533,percentile,391,92,122,105,0.7883064516129032,0.19047619047619047,0.6649659863945578,0.3523157709512211
by_radar,KTLX,max_hdr_size_buffer,severe_obs,2.0,33.0,19.481949081420897,percentile,388,88,126,108,0.782258064516129,0.18487394957983194,0.6643835616438356,0.36144047575345983
by_radar,KTLX,max_hdr_size_buffer,severe_obs,2.0,34.0,19.716353111267086,percentile,385,83,131,111,0.7762096774193549,0.17735042735042736,0.6649395509499136,0.37443229299131636
by_radar,KTLX,max_hdr_size_buffer,severe_obs,2.0,35.0,19.929297924041748,percentile,379,82,132,117,0.7641129032258065,0.17787418655097614,0.6557093425605537,0.3640111992365794
by_radar,KTLX,max_hdr_size_buffer,severe_obs,2.0,36.0,20.030100631713868,percentile,373,81,133,123,0.7520161290322581,0.17841409691629956,0.6464471403812825,0.35377366908785896
by_radar,KTLX,max_hdr_size_buffer,severe_obs,2.0,37.0,20.15406862258911,percentile,367,80,134,129,0.7399193548387096,0.1789709172259508,0.6371527777777778,0.3437148947838624
by_radar,KTLX,max_hdr_size_buffer,severe_obs,2.0,38.0,20.2508394241333,percentile,363,77,137,133,0.7318548387096774,0.175,0.6335078534031413,0.3462820063135742
by_radar,KTLX,max_hdr_size_buffer,severe_obs,2.0,39.0,20.363694133758546,percentile,357,76,138,139,0.719758064516129,0.17551963048498845,0.6241258741258742,0.3364601354464604
by_radar,KTLX,max_hdr_size_buffer,severe_obs,2.0,40.0,20.495298004150392,percentile,351,75,139,145,0.7076612903225806,0.176056338028169,0.6147110332749562,0.3268053855569155
by_radar,KTLX,max_hdr_size_buffer,severe_obs,2.0,41.0,20.63287977218628,percentile,344,75,139,152,0.6935483870967742,0.17899761336515513,0.6024518388791593,0.31124520303245273
by_radar,KTLX,max_hdr_size_buffer,severe_obs,2.0,42.0,20.724601402282715,percentile,338,74,140,158,0.6814516129032258,0.1796116504854369,0.5929824561403508,0.30196291148252363
by_radar,KTLX,max_hdr_size_buffer,severe_obs,2.0,43.0,20.79019975662231,percentile,331,74,140,165,0.6673387096774194,0.18271604938271604,0.5807017543859649,0.28686698886320655
by_radar,KTLX,max_hdr_size_buffer,severe_obs,2.0,44.0,20.98620895385742,percentile,327,71,143,169,0.6592741935483871,0.17839195979899497,0.5767195767195767,0.2897750954468915
by_radar,KTLX,max_hdr_size_buffer,severe_obs,2.0,45.0,21.08124208450317,percentile,320,70,144,176,0.6451612903225806,0.1794871794871795,0.5653710247349824,0.2788008918985878
by_radar,KTLX,max_hdr_size_buffer,severe_obs,2.0,46.0,21.175076446533204,percentile,314,69,145,182,0.6330645161290323,0.1801566579634465,0.5557522123893806,0.2700918272893338
by_radar,KTLX,max_hdr_size_buffer,severe_obs,2.0,47.0,21.292141380310056,percentile,307,69,145,189,0.6189516129032258,0.18351063829787234,0.5433628318584071,0.255753104075928
by_radar,KTLX,max_hdr_size_buffer,severe_obs,2.0,48.0,21.437118682861332,percentile,301,68,146,195,0.6068548387096774,0.1842818428184282,0.5336879432624113,0.24736600269244102
by_radar,KTLX,max_hdr_size_buffer,severe_obs,2.0,49.0,21.670641517639158,percentile,296,66,148,200,0.5967741935483871,0.18232044198895028,0.5266903914590747,0.24478958396647418
by_radar,KTLX,max_hdr_size_buffer,severe_obs,2.0,50.0,21.857297897338867,percentile,290,65,149,206,0.5846774193548387,0.18309859154929578,0.5169340463458111,0.23661971830985915
by_radar,KTLX,max_hdr_size_buffer,severe_obs,2.0,51.0,22.041926441192626,percentile,284,64,150,212,0.5725806451612904,0.1839080459770115,0.5071428571428571,0.22857682738638868
by_radar,KTLX,max_hdr_size_buffer,severe_obs,2.0,52.0,22.330441360473632,percentile,277,64,150,219,0.5584677419354839,0.187683284457478,0.49464285714285716,0.21511105555512153
by_radar,KTLX,max_hdr_size_buffer,severe_obs,2.0,53.0,22.508703823089604,percentile,271,63,151,225,0.5463709677419355,0.18862275449101795,0.4847942754919499,0.20735583706758873
by_radar,KTLX,max_hdr_size_buffer,severe_obs,2.0,54.0,22.636341590881347,percentile,265,62,152,231,0.5342741935483871,0.18960244648318042,0.47491039426523296,0.19971840305294178
by_radar,KTLX,max_hdr_size_buffer,severe_obs,2.0,55.0,22.78253040313721,percentile,262,58,156,234,0.5282258064516129,0.18125,0.4729241877256318,0.2084605986560782
by_radar,KTLX,max_hdr_size_buffer,severe_obs,2.0,56.0,22.93504783630371,percentile,255,57,157,241,0.5141129032258065,0.18269230769230768,0.46112115732368897,0.19909454303191812
by_radar,KTLX,max_hdr_size_buffer,severe_obs,2.0,57.0,23.06645736694336,percentile,249,56,158,247,0.5020161290322581,0.18360655737704917,0.45108695652173914,0.19169641179785835
by_radar,KTLX,max_hdr_size_buffer,severe_obs,2.0,58.0,23.32344467163086,percentile,243,55,159,253,0.4899193548387097,0.18456375838926176,0.44101633393829404,0.18440721457236203
by_radar,KTLX,max_hdr_size_buffer,severe_obs,2.0,59.0,23.40038108825684,percentile,238,54,160,258,0.4798387096774194,0.18493150684931506,0.43272727272727274,0.17899605657188603
by_radar,KTLX,max_hdr_size_buffer,severe_obs,2.0,60.0,23.516211318969727,percentile,233,51,163,263,0.46975806451612906,0.1795774647887324,0.4259597806215722,0.18058455114822547
by_radar,KTLX,max_hdr_size_buffer,severe_obs,2.0,61.0,23.654820175170897,percentile,230,47,167,266,0.4637096774193548,0.16967509025270758,0.42357274401473294,0.18907774607182737
by_radar,KTLX,max_hdr_size_buffer,severe_obs,2.0,62.0,23.74042453765869,percentile,226,44,170,270,0.45564516129032256,0.16296296296296298,0.4185185185185185,0.19230490544163467
by_radar,KTLX,max_hdr_size_buffer,severe_obs,2.0,63.0,23.857306804656982,percentile,220,43,171,276,0.4435483870967742,0.1634980988593156,0.40816326530612246,0.18527018568746087
by_radar,KTLX,max_hdr_size_buffer,severe_obs,2.0,64.0,24.017228240966798,percentile,214,42,172,282,0.4314516129032258,0.1640625,0.39776951672862454,0.17833466681906504
by_radar,KTLX,max_hdr_size_buffer,severe_obs,2.0,65.0,24.193327713012692,percentile,209,40,174,287,0.4213709677419355,0.1606425702811245,0.38992537313432835,0.17653276205744445
by_radar,KTLX,max_hdr_size_buffer,severe_obs,2.0,66.0,24.332598342895505,percentile,202,40,174,294,0.40725806451612906,0.1652892561983471,0.376865671641791,0.1647529550993956
by_radar,KTLX,max_hdr_size_buffer,severe_obs,2.0,67.0,24.719072818756107,percentile,196,38,176,300,0.3951612903225806,0.1623931623931624,0.36704119850187267,0.16141341570803572
by_radar,KTLX,max_hdr_size_buffer,severe_obs,2.0,68.0,24.92086570739746,percentile,189,38,176,307,0.3810483870967742,0.16740088105726872,0.3539325842696629,0.14991011501114018
by_radar,KTLX,max_hdr_size_buffer,severe_obs,2.0,69.0,24.998935451507567,percentile,185,35,179,311,0.37298387096774194,0.1590909090909091,0.3483992467043315,0.15324693230387426
by_radar,KTLX,max_hdr_size_buffer,severe_obs,2.0,70.0,25.24761199951172,percentile,179,35,179,317,0.36088709677419356,0.16355140186915887,0.3370998116760829,0.14355818129480624
by_radar,KTLX,max_hdr_size_buffer,severe_obs,2.0,71.0,25.43384246826172,percentile,172,34,180,324,0.3467741935483871,0.1650485436893204,0.32452830188679244,0.13564209638586994
by_radar,KTLX,max_hdr_size_buffer,severe_obs,2.0,72.0,25.54921371459961,percentile,167,32,182,329,0.33669354838709675,0.16080402010050251,0.3162878787878788,0.13421068632153546
by_radar,KTLX,max_hdr_size_buffer,severe_obs,2.0,73.0,25.681166801452633,percentile,161,31,183,335,0.3245967741935484,0.16145833333333334,0.3055028462998102,0.12803339418017826
by_radar,KTLX,max_hdr_size_buffer,severe_obs,2.0,74.0,25.787891349792478,percentile,155,30,184,341,0.3125,0.16216216216216217,0.2946768060836502,0.12193739791326377
by_radar,KTLX,max_hdr_size_buffer,severe_obs,2.0,75.0,25.95396995544434,percentile,149,29,185,347,0.3004032258064516,0.16292134831460675,0.2838095238095238,0.11592110317786226
by_radar,KTLX,max_hdr_size_buffer,severe_obs,2.0,76.0,26.213072509765624,percentile,143,28,186,353,0.28830645161290325,0.16374269005847952,0.2729007633587786,0.10998295705045108
by_radar,KTLX,max_hdr_size_buffer,severe_obs,2.0,77.0,26.445697269439695,percentile,137,27,187,359,0.2762096774193548,0.16463414634146342,0.26195028680688337,0.10412144669055153
by_radar,KTLX,max_hdr_size_buffer,severe_obs,2.0,78.0,26.598862609863282,percentile,131,25,189,365,0.26411290322580644,0.16025641025641027,0.2514395393474088,0.10146413644505595
by_radar,KTLX,max_hdr_size_buffer,severe_obs,2.0,79.0,26.69645118713379,percentile,125,25,189,371,0.25201612903225806,0.16666666666666666,0.2399232245681382,0.09262247466597819
by_radar,KTLX,max_hdr_size_buffer,severe_obs,2.0,80.0,26.788999938964842,percentile,118,24,190,378,0.23790322580645162,0.16901408450704225,0.22692307692307692,0.08553230209281165
by_radar,KTLX,max_hdr_size_buffer,severe_obs,2.0,81.0,26.949245338439944,percentile,112,23,191,384,0.22580645161290322,0.17037037037037037,0.21579961464354527,0.07997707663408578
by_radar,KTLX,max_hdr_size_buffer,severe_obs,2.0,82.0,27.29344997406006,percentile,107,21,193,389,0.2157258064516129,0.1640625,0.20696324951644102,0.07898400323985015
by_radar,KTLX,max_hdr_size_buffer,severe_obs,2.0,83.0,27.50180826187134,percentile,101,20,194,395,0.20362903225806453,0.1652892561983471,0.19573643410852712,0.07353838220589992
by_radar,KTLX,max_hdr_size_buffer,severe_obs,2.0,84.0,27.691652526855467,percentile,97,17,197,399,0.19556451612903225,0.14912280701754385,0.18908382066276802,0.07703461120207993
by_radar,KTLX,max_hdr_size_buffer,severe_obs,2.0,85.0,27.936832618713378,percentile,90,17,197,406,0.1814516129032258,0.1588785046728972,0.17543859649122806,0.06725758262781611
by_radar,KTLX,max_hdr_size_buffer,severe_obs,2.0,86.0,28.139907646179203,percentile,84,16,198,412,0.1693548387096774,0.16,0.1640625,0.06198296085936535
by_radar,KTLX,max_hdr_size_buffer,severe_obs,2.0,87.0,28.24694061279297,percentile,78,16,198,418,0.15725806451612903,0.1702127659574468,0.15234375,0.0537751956075811
by_radar,KTLX,max_hdr_size_buffer,severe_obs,2.0,88.0,28.866389770507812,percentile,71,15,199,425,0.1431451612903226,0.1744186046511628,0.13894324853228962,0.04729375312587677
by_radar,KTLX,max_hdr_size_buffer,severe_obs,2.0,89.0,29.09407138824463,percentile,66,12,202,430,0.13306451612903225,0.15384615384615385,0.12992125984251968,0.04950267139966805
by_radar,KTLX,max_hdr_size_buffer,severe_obs,2.0,90.0,29.292052459716796,percentile,61,10,204,435,0.12298387096774194,0.14084507042253522,0.12055335968379446,0.04873877725523728
by_radar,KTLX,max_hdr_size_buffer,severe_obs,2.0,91.0,29.562906188964842,percentile,56,8,206,440,0.11290322580645161,0.125,0.1111111111111111,0.04798390958720429
by_radar,KTLX,max_hdr_size_buffer,severe_obs,2.0,92.0,30.0853849029541,percentile,49,8,206,447,0.09879032258064516,0.14035087719298245,0.09722222222222222,0.03878769124569307
by_radar,KTLX,max_hdr_size_buffer,severe_obs,2.0,93.0,30.246727790832516,percentile,42,8,206,454,0.0846774193548387,0.16,0.08333333333333333,0.029698870023072827
by_radar,KTLX,max_hdr_size_buffer,severe_obs,2.0,94.0,30.533171844482418,percentile,35,8,206,461,0.07056451612903226,0.18604651162790697,0.06944444444444445,0.0207155755012734
by_radar,KTLX,max_hdr_size_buffer,severe_obs,2.0,95.0,30.7858021736145,percentile,28,8,206,468,0.056451612903225805,0.2222222222222222,0.05555555555555555,0.011835980444901873
by_radar,KTLX,max_hdr_size_buffer,severe_obs,2.0,96.0,31.30928283691406,percentile,22,7,207,474,0.04435483870967742,0.2413793103448276,0.0437375745526839,0.007186422545365746
by_radar,KTLX,max_hdr_size_buffer,severe_obs,2.0,97.0,32.13778644561768,percentile,18,4,210,478,0.036290322580645164,0.18181818181818182,0.036,0.010799061152285261
by_radar,KTLX,max_hdr_size_buffer,severe_obs,2.0,98.0,33.67000129699707,percentile,11,4,210,485,0.02217741935483871,0.26666666666666666,0.022,0.0021268645992009888
by_radar,KTLX,max_hdr_size_buffer,severe_obs,2.0,99.0,34.40814208984375,percentile,7,2,212,489,0.014112903225806451,0.2222222222222222,0.014056224899598393,0.002894554690494305
by_radar,KTLX,max_hdr_size_buffer,severe_obs,2.0,100.0,38.04975128173828,percentile,1,0,214,495,0.0020161290322580645,0.0,0.0020161290322580645,0.0012163306600583156
by_radar,KTLX,max_hdr_size_buffer,sig_severe_obs,2.0,0.0,2.4578611850738525,percentile,121,589,0,0,1.0,0.8295774647887324,0.1704225352112676,0.0
by_radar,KTLX,max_hdr_size_buffer,sig_severe_obs,2.0,1.0,11.752837877273558,percentile,121,581,8,0,1.0,0.8276353276353277,0.17236467236467237,0.00467129613990725
by_radar,KTLX,max_hdr_size_buffer,sig_severe_obs,2.0,2.0,12.20243088722229,percentile,121,574,15,0,1.0,0.8258992805755395,0.17410071942446043,0.008828465111754263
by_radar,KTLX,max_hdr_size_buffer,sig_severe_obs,2.0,3.0,12.414656620025635,percentile,121,567,22,0,1.0,0.8241279069767442,0.17587209302325582,0.01305241067532251
by_radar,KTLX,max_hdr_size_buffer,sig_severe_obs,2.0,4.0,12.747151260375976,percentile,120,561,28,1,0.9917355371900827,0.8237885462555066,0.17595307917888564,0.013835271787216585
by_radar,KTLX,max_hdr_size_buffer,sig_severe_obs,2.0,5.0,12.943692684173584,percentile,120,554,35,1,0.9917355371900827,0.8219584569732937,0.17777777777777778,0.018169042861200673
by_radar,KTLX,max_hdr_size_buffer,sig_severe_obs,2.0,6.0,13.138956146240234,percentile,119,548,41,2,0.9834710743801653,0.8215892053973014,0.17787742899850523,0.019006898353539362
by_radar,KTLX,max_hdr_size_buffer,sig_severe_obs,2.0,7.0,13.416018867492676,percentile,119,541,48,2,0.9834710743801653,0.8196969696969697,0.1797583081570997,0.023455507991590466
by_radar,KTLX,max_hdr_size_buffer,sig_severe_obs,2.0,8.0,13.746471214294434,percentile,119,534,55,2,0.9834710743801653,0.8177641653905053,0.18167938931297709,0.02797856526203405
by_radar,KTLX,max_hdr_size_buffer,sig_severe_obs,2.0,9.0,14.000458602905272,percentile,119,527,62,2,0.9834710743801653,0.8157894736842105,0.18364197530864199,0.03257795475970925
by_radar,KTLX,max_hdr_size_buffer,sig_severe_obs,2.0,10.0,14.230390930175782,percentile,119,520,69,2,0.9834710743801653,0.8137715179968701,0.1856474258970359,0.03725562523054224
by_radar,KTLX,max_hdr_size_buffer,sig_severe_obs,2.0,11.0,14.409666690826416,percentile,119,513,76,2,0.9834710743801653,0.8117088607594937,0.18769716088328076,0.04201359232458094
by_radar,KTLX,max_hdr_size_buffer,sig_severe_obs,2.0,12.0,14.561832466125487,percentile,118,506,83,3,0.9752066115702479,0.8108974358974359,0.18819776714513556,0.043795079668308895
by_radar,KTLX,max_hdr_size_buffer,sig_severe_obs,2.0,13.0,14.925612759590148,percentile,117,500,89,4,0.9669421487603306,0.8103727714748784,0.18840579710144928,0.04490933257888359
by_radar,KTLX,max_hdr_size_buffer,sig_severe_obs,2.0,14.0,15.22127893447876,percentile,117,493,96,4,0.9669421487603306,0.8081967213114755,0.19055374592833876,0.0498667169282964
by_radar,KTLX,max_hdr_size_buffer,sig_severe_obs,2.0,15.0,15.459362077713013,percentile,117,486,103,4,0.9669421487603306,0.8059701492537313,0.1927512355848435,0.05491233693910039
by_radar,KTLX,max_hdr_size_buffer,sig_severe_obs,2.0,16.0,15.648634796142579,percentile,116,480,109,5,0.9586776859504132,0.8053691275167785,0.1930116472545757,0.05615643107351756
by_radar,KTLX,max_hdr_size_buffer,sig_severe_obs,2.0,17.0,15.945542459487916,percentile,115,474,115,6,0.9504132231404959,0.8047538200339559,0.19327731092436976,0.05742306990225743
by_radar,KTLX,max_hdr_size_buffer,sig_severe_obs,2.0,18.0,16.212978439331053,percentile,115,467,122,6,0.9504132231404959,0.802405498281787,0.195578231292517,0.06267618606364747
by_radar,KTLX,max_hdr_size_buffer,sig_severe_obs,2.0,19.0,16.53261604309082,percentile,115,460,129,6,0.9504132231404959,0.8,0.19793459552495696,0.06802625278161178
by_radar,KTLX,max_hdr_size_buffer,sig_severe_obs,2.0,20.0,16.79074592590332,percentile,115,453,136,6,0.9504132231404959,0.7975352112676056,0.20034843205574912,0.07347597900686315
by_radar,KTLX,max_hdr_size_buffer,sig_severe_obs,2.0,21.0,17.028511657714844,percentile,115,446,143,6,0.9504132231404959,0.7950089126559715,0.20282186948853614,0.07902817556204765
by_radar,KTLX,max_hdr_size_buffer,sig_severe_obs,2.0,22.0,17.208460693359374,percentile,115,439,150,6,0.9504132231404959,0.7924187725631769,0.20535714285714285,0.08468575997589678
by_radar,KTLX,max_hdr_size_buffer,sig_severe_obs,2.0,23.0,17.418386363983153,percentile,113,433,156,8,0.9338842975206612,0.793040293040293,0.20397111913357402,0.08296674652499136
by_radar,KTLX,max_hdr_size_buffer,sig_severe_obs,2.0,24.0,17.65140151977539,percentile,112,428,161,9,0.9256198347107438,0.7925925925925926,0.2040072859744991,0.08374922481764759
by_radar,KTLX,max_hdr_size_buffer,sig_severe_obs,2.0,25.0,17.76026678085327,percentile,112,420,169,9,0.9256198347107438,0.7894736842105263,0.20702402957486138,0.09046660654670545
by_radar,KTLX,max_hdr_size_buffer,sig_severe_obs,2.0,26.0,18.13938144683838,percentile,108,417,172,13,0.8925619834710744,0.7942857142857143,0.20074349442379183,0.07934018877597178
by_radar,KTLX,max_hdr_size_buffer,sig_severe_obs,2.0,27.0,18.250424957275392,percentile,104,414,175,17,0.859504132231405,0.7992277992277992,0.19439252336448598,0.06799174011829417
by_radar,KTLX,max_hdr_size_buffer,sig_severe_obs,2.0,28.0,18.636835937500003,percentile,104,407,182,17,0.859504132231405,0.7964774951076321,0.19696969696969696,0.07388835223252466
by_radar,KTLX,max_hdr_size_buffer,sig_severe_obs,2.0,29.0,18.770304737091063,percentile,103,401,188,18,0.8512396694214877,0.7956349206349206,0.19731800766283525,0.07549210334947262
by_radar,KTLX,max_hdr_size_buffer,sig_severe_obs,2.0,30.0,18.957507896423337,percentile,103,394,195,18,0.8512396694214877,0.7927565392354124,0.2,0.08158716005349978
by_radar,KTLX,max_hdr_size_buffer,sig_severe_obs,2.0,31.0,19.024163913726806,percentile,103,387,202,18,0.8512396694214877,0.789795918367347,0.20275590551181102,0.08780890143704596
by_radar,KTLX,max_hdr_size_buffer,sig_severe_obs,2.0,32.0,19.261628723144533,percentile,102,381,208,19,0.8429752066115702,0.7888198757763976,0.20318725099601595,0.08960936548337255
by_radar,KTLX,max_hdr_size_buffer,sig_severe_obs,2.0,33.0,19.481949081420897,percentile,101,375,214,20,0.8347107438016529,0.7878151260504201,0.20362903225806453,0.09144804618404939
by_radar,KTLX,max_hdr_size_buffer,sig_severe_obs,2.0,34.0,19.716353111267086,percentile,101,367,222,20,0.8347107438016529,0.7841880341880342,0.2069672131147541,0.09891976624449882
by_radar,KTLX,max_hdr_size_buffer,sig_severe_obs,2.0,35.0,19.929297924041748,percentile,101,360,229,20,0.8347107438016529,0.7809110629067245,0.20997920997921,0.10560966392404644
by_radar,KTLX,max_hdr_size_buffer,sig_severe_obs,2.0,36.0,20.030100631713868,percentile,101,353,236,20,0.8347107438016529,0.7775330396475771,0.21308016877637131,0.11244646124766239
by_radar,KTLX,max_hdr_size_buffer,sig_severe_obs,2.0,37.0,20.15406862258911,percentile,98,349,240,23,0.8099173553719008,0.7807606263982103,0.20851063829787234,0.10499955948032233
by_radar,KTLX,max_hdr_size_buffer,sig_severe_obs,2.0,38.0,20.2508394241333,percentile,97,343,246,24,0.8016528925619835,0.7795454545454545,0.20905172413793102,0.10711715724908337
by_radar,KTLX,max_hdr_size_buffer,sig_severe_obs,2.0,39.0,20.363694133758546,percentile,96,337,252,25,0.7933884297520661,0.7782909930715936,0.2096069868995633,0.10928283787436667
by_radar,KTLX,max_hdr_size_buffer,sig_severe_obs,2.0,40.0,20.495298004150392,percentile,95,331,258,26,0.7851239669421488,0.7769953051643192,0.21017699115044247,0.11149825783972125
by_radar,KTLX,max_hdr_size_buffer,sig_severe_obs,2.0,41.0,20.63287977218628,percentile,93,326,263,28,0.768595041322314,0.7780429594272077,0.2080536912751678,0.10872972532109701
by_radar,KTLX,max_hdr_size_buffer,sig_severe_obs,2.0,42.0,20.724601402282715,percentile,91,321,268,30,0.7520661157024794,0.779126213592233,0.20588235294117646,0.10589611302856569
by_radar,KTLX,max_hdr_size_buffer,sig_severe_obs,2.0,43.0,20.79019975662231,percentile,90,315,274,31,0.743801652892562,0.7777777777777778,0.20642201834862386,0.1081502995098929
by_radar,KTLX,max_hdr_size_buffer,sig_severe_obs,2.0,44.0,20.98620895385742,percentile,89,309,280,32,0.7355371900826446,0.7763819095477387,0.2069767441860465,0.11045875065215634
by_radar,KTLX,max_hdr_size_buffer,sig_severe_obs,2.0,45.0,21.08124208450317,percentile,85,305,284,36,0.7024793388429752,0.782051282051282,0.19953051643192488,0.09805163357299855
by_radar,KTLX,max_hdr_size_buffer,sig_severe_obs,2.0,46.0,21.175076446533204,percentile,83,300,289,38,0.6859504132231405,0.783289817232376,0.19714964370546317,0.09494105312384502
by_radar,KTLX,max_hdr_size_buffer,sig_severe_obs,2.0,47.0,21.292141380310056,percentile,83,293,296,38,0.6859504132231405,0.7792553191489362,0.20048309178743962,0.10259739267903376
by_radar,KTLX,max_hdr_size_buffer,sig_severe_obs,2.0,48.0,21.437118682861332,percentile,82,287,302,39,0.6776859504132231,0.7777777777777778,0.20098039215686275,0.10495665153401752
by_radar,KTLX,max_hdr_size_buffer,sig_severe_obs,2.0,49.0,21.670641517639158,percentile,82,280,309,39,0.6776859504132231,0.7734806629834254,0.20448877805486285,0.11293796949781848
by_radar,KTLX,max_hdr_size_buffer,sig_severe_obs,2.0,50.0,21.857297897338867,percentile,82,273,316,39,0.6776859504132231,0.7690140845070422,0.20812182741116753,0.12112676056338029
by_radar,KTLX,max_hdr_size_buffer,sig_severe_obs,2.0,51.0,22.041926441192626,percentile,80,268,321,41,0.6611570247933884,0.7701149425287356,0.20565552699228792,0.11811523712285046
by_radar,KTLX,max_hdr_size_buffer,sig_severe_obs,2.0,52.0,22.330441360473632,percentile,80,261,328,41,0.6611570247933884,0.7653958944281525,0.2094240837696335,0.12659166266120295
by_radar,KTLX,max_hdr_size_buffer,sig_severe_obs,2.0,53.0,22.508703823089604,percentile,79,255,334,42,0.6528925619834711,0.7634730538922155,0.21010638297872342,0.12943498113301022
by_radar,KTLX,max_hdr_size_buffer,sig_severe_obs,2.0,54.0,22.636341590881347,percentile,78,249,340,43,0.6446280991735537,0.7614678899082569,0.21081081081081082,0.1323562645953479
by_radar,KTLX,max_hdr_size_buffer,sig_severe_obs,2.0,55.0,22.78253040313721,percentile,77,243,346,44,0.6363636363636364,0.759375,0.21153846153846154,0.13535876437391267
by_radar,KTLX,max_hdr_size_buffer,sig_severe_obs,2.0,56.0,22.93504783630371,percentile,76,236,353,45,0.628099173553719,0.7564102564102564,0.21288515406162464,0.13976871933289067
by_radar,KTLX,max_hdr_size_buffer,sig_severe_obs,2.0,57.0,23.06645736694336,percentile,73,232,357,48,0.6033057851239669,0.760655737704918,0.20679886685552407,0.1305488738246228
by_radar,KTLX,max_hdr_size_buffer,sig_severe_obs,2.0,58.0,23.32344467163086,percentile,72,226,363,49,0.5950413223140496,0.7583892617449665,0.207492795389049,0.13366226805221543
by_radar,KTLX,max_hdr_size_buffer,sig_severe_obs,2.0,59.0,23.40038108825684,percentile,71,221,368,50,0.5867768595041323,0.7568493150684932,0.20760233918128654,0.135492393267615
by_radar,KTLX,max_hdr_size_buffer,sig_severe_obs,2.0,60.0,23.516211318969727,percentile,71,213,376,50,0.5867768595041323,0.75,0.2125748502994012,0.14665801427644387
by_radar,KTLX,max_hdr_size_buffer,sig_severe_obs,2.0,61.0,23.654820175170897,percentile,71,206,383,50,0.5867768595041323,0.7436823104693141,0.21712538226299694,0.15674612379724048
by_radar,KTLX,max_hdr_size_buffer,sig_severe_obs,2.0,62.0,23.74042453765869,percentile,69,201,388,52,0.5702479338842975,0.7444444444444445,0.21428571428571427,0.1537664295472747
by_radar,KTLX,max_hdr_size_buffer,sig_severe_obs,2.0,63.0,23.857306804656982,percentile,67,196,393,54,0.5537190082644629,0.7452471482889734,0.2113564668769716,0.1506933213393686
by_radar,KTLX,max_hdr_size_buffer,sig_severe_obs,2.0,64.0,24.017228240966798,percentile,66,190,399,55,0.5454545454545454,0.7421875,0.21221864951768488,0.15442498954879982
by_radar,KTLX,max_hdr_size_buffer,sig_severe_obs,2.0,65.0,24.193327713012692,percentile,66,183,406,55,0.5454545454545454,0.7349397590361446,0.21710526315789475,0.16529178727734364
by_radar,KTLX,max_hdr_size_buffer,sig_severe_obs,2.0,66.0,24.332598342895505,percentile,66,176,413,55,0.5454545454545454,0.7272727272727273,0.2222222222222222,0.17651607202032477
by_radar,KTLX,max_hdr_size_buffer,sig_severe_obs,2.0,67.0,24.719072818756107,percentile,62,172,417,59,0.512396694214876,0.7350427350427351,0.21160409556313994,0.16073932310589392
by_radar,KTLX,max_hdr_size_buffer,sig_severe_obs,2.0,68.0,24.92086570739746,percentile,61,166,423,60,0.5041322314049587,0.7312775330396476,0.21254355400696864,0.16490585284106876
by_radar,KTLX,max_hdr_size_buffer,sig_severe_obs,2.0,69.0,24.998935451507567,percentile,61,159,430,60,0.5041322314049587,0.7227272727272728,0.21785714285714286,0.17673532059088262
by_radar,KTLX,max_hdr_size_buffer,sig_severe_obs,2.0,70.0,25.24761199951172,percentile,60,154,435,61,0.49586776859504134,0.719626168224299,0.21818181818181817,0.17957455041867765
by_radar,KTLX,max_hdr_size_buffer,sig_severe_obs,2.0,71.0,25.43384246826172,percentile,58,148,441,63,0.4793388429752066,0.7184466019417476,0.21561338289962825,0.17830384273631786
by_radar,KTLX,max_hdr_size_buffer,sig_severe_obs,2.0,72.0,25.54921371459961,percentile,56,143,446,65,0.4628099173553719,0.7185929648241206,0.21212121212121213,0.1751656036013896
by_radar,KTLX,max_hdr_size_buffer,sig_severe_obs,2.0,73.0,25.681166801452633,percentile,52,140,449,69,0.4297520661157025,0.7291666666666666,0.19923371647509577,0.15575253461989236
by_radar,KTLX,max_hdr_size_buffer,sig_severe_obs,2.0,74.0,25.787891349792478,percentile,52,133,456,69,0.4297520661157025,0.7189189189189189,0.2047244094488189,0.16853150907298975
by_radar,KTLX,max_hdr_size_buffer,sig_severe_obs,2.0,75.0,25.95396995544434,percentile,51,127,462,70,0.4214876033057851,0.7134831460674157,0.2056451612903226,0.17341354734241848
by_radar,KTLX,max_hdr_size_buffer,sig_severe_obs,2.0,76.0,26.213072509765624,percentile,48,123,466,73,0.39669421487603307,0.7192982456140351,0.19672131147540983,0.16137352505152527
by_radar,KTLX,max_hdr_size_buffer,sig_severe_obs,2.0,77.0,26.445697269439695,percentile,47,117,472,74,0.3884297520661157,0.7134146341463414,0.19747899159663865,0.16630804982110142
by_radar,KTLX,max_hdr_size_buffer,sig_severe_obs,2.0,78.0,26.598862609863282,percentile,46,110,479,75,0.38016528925619836,0.7051282051282052,0.19913419913419914,0.17347311191935463
by_radar,KTLX,max_hdr_size_buffer,sig_severe_obs,2.0,79.0,26.69645118713379,percentile,45,105,484,76,0.371900826446281,0.7,0.19911504424778761,0.17679841137659344
by_radar,KTLX,max_hdr_size_buffer,sig_severe_obs,2.0,80.0,26.788999938964842,percentile,41,101,488,80,0.33884297520661155,0.7112676056338029,0.18468468468468469,0.1565703634669152
by_radar,KTLX,max_hdr_size_buffer,sig_severe_obs,2.0,81.0,26.949245338439944,percentile,40,95,494,81,0.3305785123966942,0.7037037037037037,0.18518518518518517,0.16184854785699912
by_radar,KTLX,max_hdr_size_buffer,sig_severe_obs,2.0,82.0,27.29344997406006,percentile,39,89,500,82,0.32231404958677684,0.6953125,0.18571428571428572,0.16736390195728806
by_radar,KTLX,max_hdr_size_buffer,sig_severe_obs,2.0,83.0,27.50180826187134,percentile,38,83,506,83,0.3140495867768595,0.6859504132231405,0.18627450980392157,0.17313277862745374
by_radar,KTLX,max_hdr_size_buffer,sig_severe_obs,2.0,84.0,27.691652526855467,percentile,37,77,512,84,0.30578512396694213,0.6754385964912281,0.18686868686868688,0.17917306946618602
by_radar,KTLX,max_hdr_size_buffer,sig_severe_obs,2.0,85.0,27.936832618713378,percentile,33,74,515,88,0.2727272727272727,0.6915887850467289,0.16923076923076924,0.15417763593311076
by_radar,KTLX,max_hdr_size_buffer,sig_severe_obs,2.0,86.0,28.139907646179203,percentile,31,69,520,90,0.256198347107438,0.69,0.1631578947368421,0.14934820284831588
by_radar,KTLX,max_hdr_size_buffer,sig_severe_obs,2.0,87.0,28.24694061279297,percentile,30,64,525,91,0.24793388429752067,0.6808510638297872,0.16216216216216217,0.15282289726101214
by_radar,KTLX,max_hdr_size_buffer,sig_severe_obs,2.0,88.0,28.866389770507812,percentile,28,58,531,93,0.23140495867768596,0.6744186046511628,0.1564245810055866,0.15019261560899824
by_radar,KTLX,max_hdr_size_buffer,sig_severe_obs,2.0,89.0,29.09407138824463,percentile,25,53,536,96,0.2066115702479339,0.6794871794871795,0.14367816091954022,0.13580146061724965
by_radar,KTLX,max_hdr_size_buffer,sig_severe_obs,2.0,90.0,29.292052459716796,percentile,24,47,542,97,0.19834710743801653,0.6619718309859155,0.14285714285714285,0.14183551847437426
by_radar,KTLX,max_hdr_size_buffer,sig_severe_obs,2.0,91.0,29.562906188964842,percentile,23,41,548,98,0.19008264462809918,0.640625,0.1419753086419753,0.14821080250643007
by_radar,KTLX,max_hdr_size_buffer,sig_severe_obs,2.0,92.0,30.0853849029541,percentile,21,36,553,100,0.17355371900826447,0.631578947368421,0.1337579617834395,0.14234451885669622
by_radar,KTLX,max_hdr_size_buffer,sig_severe_obs,2.0,93.0,30.246727790832516,percentile,19,31,558,102,0.15702479338842976,0.62,0.125,0.13612661238678986
by_radar,KTLX,max_hdr_size_buffer,sig_severe_obs,2.0,94.0,30.533171844482418,percentile,16,27,562,105,0.1322314049586777,0.627906976744186,0.10810810810810811,0.11613256125393742
by_radar,KTLX,max_hdr_size_buffer,sig_severe_obs,2.0,95.0,30.7858021736145,percentile,14,22,567,107,0.11570247933884298,0.6111111111111112,0.0979020979020979,0.10868253566632281
by_radar,KTLX,max_hdr_size_buffer,sig_severe_obs,2.0,96.0,31.30928283691406,percentile,14,15,574,107,0.11570247933884298,0.5172413793103449,0.10294117647058823,0.12928972075350315
by_radar,KTLX,max_hdr_size_buffer,sig_severe_obs,2.0,97.0,32.13778644561768,percentile,11,11,578,110,0.09090909090909091,0.5,0.08333333333333333,0.10702035216098787
by_radar,KTLX,max_hdr_size_buffer,sig_severe_obs,2.0,98.0,33.67000129699707,percentile,6,9,580,115,0.049586776859504134,0.6,0.046153846153846156,0.05262025180243194
by_radar,KTLX,max_hdr_size_buffer,sig_severe_obs,2.0,99.0,34.40814208984375,percentile,4,5,584,117,0.03305785123966942,0.5555555555555556,0.031746031746031744,0.03885843634184772
by_radar,KTLX,max_hdr_size_buffer,sig_severe_obs,2.0,100.0,38.04975128173828,percentile,0,1,588,121,0.0,1.0,0.0,-0.002801639306304846
by_radar,KTLX,max_hsda_buffer,severe_obs,2.0,,2.0,hsda_class,167,43,170,326,0.33874239350912777,0.20476190476190476,0.31156716417910446,0.09937149534325758
by_radar,KTLX,max_hsda_buffer,sig_severe_obs,2.0,,3.0,hsda_class,24,76,509,97,0.19834710743801653,0.76,0.1218274111675127,0.07349081364829396
by_radar,KTLX,max_mesh_75_mh19_buffer,severe_obs,2.0,0.0,4.775813959783007,percentile,495,214,0,0,1.0,0.3018335684062059,0.6981664315937941,0.0
by_radar,KTLX,max_mesh_75_mh19_buffer,severe_obs,2.0,1.0,12.289833300908889,percentile,491,210,4,4,0.9919191919191919,0.2995720399429387,0.6964539007092199,0.014599867510099108
by_radar,KTLX,max_mesh_75_mh19_buffer,severe_obs,2.0,2.0,14.308913578605074,percentile,489,205,9,6,0.9878787878787879,0.2953890489913545,0.6985714285714286,0.040669227464233265
by_radar,KTLX,max_mesh_75_mh19_buffer,severe_obs,2.0,3.0,15.082540975326918,percentile,483,204,10,12,0.9757575757575757,0.29694323144104806,0.6909871244635193,0.03016946576487575
by_radar,KTLX,max_mesh_75_mh19_buffer,severe_obs,2.0,4.0,16.07799927542838,percentile,482,200,14,13,0.9737373737373738,0.2932551319648094,0.6935251798561151,0.052073590981275855
by_radar,KTLX,max_mesh_75_mh19_buffer,severe_obs,2.0,5.0,16.59076229059541,percentile,480,193,21,15,0.9696969696969697,0.2867756315007429,0.6976744186046512,0.08879030165222872
by_radar,KTLX,max_mesh_75_mh19_buffer,severe_obs,2.0,6.0,17.627362609692717,percentile,477,189,25,18,0.9636363636363636,0.28378378378378377,0.6973684210526315,0.10406021647162243
by_radar,KTLX,max_mesh_75_mh19_buffer,severe_obs,2.0,7.0,18.245278772562347,percentile,475,184,30,20,0.9595959595959596,0.27921092564491656,0.6995581737849779,0.12752147476112344
by_radar,KTLX,max_mesh_75_mh19_buffer,severe_obs,2.0,8.0,18.53661969618248,percentile,472,180,34,23,0.9535353535353536,0.27607361963190186,0.6992592592592592,0.14197909897879493
by_radar,KTLX,max_mesh_75_mh19_buffer,severe_obs,2.0,9.0,18.79029131611344,percentile,470,175,39,25,0.9494949494949495,0.2713178294573643,0.7014925373134329,0.16445701490778386
by_radar,KTLX,max_mesh_75_mh19_buffer,severe_obs,2.0,10.0,19.37746296275301,percentile,468,171,43,27,0.9454545454545454,0.2676056338028169,0.7027027027027027,0.18094938038227262
by_radar,KTLX,max_mesh_75_mh19_buffer,severe_obs,2.0,11.0,19.59814361325634,percentile,467,165,49,28,0.9434343434343434,0.2610759493670886,0.7075757575757575,0.21069086252545238
by_radar,KTLX,max_mesh_75_mh19_buffer,severe_obs,2.0,12.0,19.714154854420702,percentile,463,161,53,32,0.9353535353535354,0.25801282051282054,0.7057926829268293,0.22079482492554567
by_radar,KTLX,max_mesh_75_mh19_buffer,severe_obs,2.0,13.0,20.36184564924217,percentile,460,156,58,35,0.9292929292929293,0.2532467532467532,0.706605222734255,0.23861598232307615
by_radar,KTLX,max_mesh_75_mh19_buffer,severe_obs,2.0,14.0,21.168781371541606,percentile,457,152,62,38,0.9232323232323232,0.24958949096880131,0.7063369397217929,0.250886968514008
by_radar,KTLX,max_mesh_75_mh19_buffer,severe_obs,2.0,15.0,21.900257214063338,percentile,453,149,65,42,0.9151515151515152,0.24750830564784054,0.703416149068323,0.25509233028774486
by_radar,KTLX,max_mesh_75_mh19_buffer,severe_obs,2.0,16.0,22.390608941673026,percentile,449,146,68,46,0.907070707070707,0.2453781512605042,0.7004680187207488,0.25920766216804525
by_radar,KTLX,max_mesh_75_mh19_buffer,severe_obs,2.0,17.0,22.73821161508401,percentile,445,143,71,50,0.898989898989899,0.24319727891156462,0.6974921630094044,0.26323582462431416
by_radar,KTLX,max_mesh_75_mh19_buffer,severe_obs,2.0,18.0,23.14051429489194,percentile,439,142,72,56,0.8868686868686869,0.24440619621342513,0.6891679748822606,0.25206985838652274
by_radar,KTLX,max_mesh_75_mh19_buffer,severe_obs,2.0,19.0,23.62071271816973,percentile,434,140,74,61,0.8767676767676768,0.24390243902439024,0.6834645669291338,0.24861199719499527
by_radar,KTLX,max_mesh_75_mh19_buffer,severe_obs,2.0,20.0,23.883053223457814,percentile,431,136,78,64,0.8707070707070707,0.23985890652557318,0.6830427892234548,0.2600246310560043
by_radar,KTLX,max_mesh_75_mh19_buffer,severe_obs,2.0,21.0,24.24969623400505,percentile,428,132,82,67,0.8646464646464647,0.2357142857142857,0.682615629984051,0.2712053513778765
by_radar,KTLX,max_mesh_75_mh19_buffer,severe_obs,2.0,22.0,24.387184814800698,percentile,424,129,85,71,0.8565656565656565,0.2332730560578662,0.6794871794871795,0.27491025863920393
by_radar,KTLX,max_mesh_75_mh19_buffer,severe_obs,2.0,23.0,24.661358479647472,percentile,420,126,88,75,0.8484848484848485,0.23076923076923078,0.6763285024154589,0.2785413787342618
by_radar,KTLX,max_mesh_75_mh19_buffer,severe_obs,2.0,24.0,25.360272966891188,percentile,418,121,93,77,0.8444444444444444,0.22448979591836735,0.6785714285714286,0.2963167181296868
by_radar,KTLX,max_mesh_75_mh19_buffer,severe_obs,2.0,25.0,25.720416229489334,percentile,416,117,97,79,0.8404040404040404,0.21951219512195122,0.6797385620915033,0.309262260043145
by_radar,KTLX,max_mesh_75_mh19_buffer,severe_obs,2.0,26.0,26.20236870870766,percentile,415,109,105,80,0.8383838383838383,0.20801526717557253,0.6870860927152318,0.34220047027406475
by_radar,KTLX,max_mesh_75_mh19_buffer,severe_obs,2.0,27.0,26.552895855956034,percentile,412,105,109,83,0.8323232323232324,0.20309477756286268,0.6866666666666666,0.35193846692402686
by_radar,KTLX,max_mesh_75_mh19_buffer,severe_obs,2.0,28.0,27.03907263720967,percentile,408,102,112,87,0.8242424242424242,0.2,0.6834170854271356,0.3546630065737196
by_radar,KTLX,max_mesh_75_mh19_buffer,severe_obs,2.0,29.0,27.279439631799743,percentile,403,100,114,92,0.8141414141414142,0.1988071570576541,0.6773109243697479,0.35057153216418907
by_radar,KTLX,max_mesh_75_mh19_buffer,severe_obs,2.0,30.0,27.512777630305933,percentile,399,97,117,96,0.806060606060606,0.19556451612903225,0.6739864864864865,0.3532581210800694
by_radar,KTLX,max_mesh_75_mh19_buffer,severe_obs,2.0,31.0,27.742521016127476,percentile,394,95,119,101,0.795959595959596,0.19427402862985685,0.6677966101694915,0.3492549614602943
by_radar,KTLX,max_mesh_75_mh19_buffer,severe_obs,2.0,32.0,28.034970485442795,percentile,388,94,120,107,0.7838383838383839,0.1950207468879668,0.6587436332767402,0.33874522650605765
by_radar,KTLX,max_mesh_75_mh19_buffer,severe_obs,2.0,33.0,28.22330356892104,percentile,385,90,124,110,0.7777777777777778,0.18947368421052632,0.6581196581196581,0.34798602170314513
by_radar,KTLX,max_mesh_75_mh19_buffer,severe_obs,2.0,34.0,28.412057150455066,percentile,379,89,125,116,0.7656565656565657,0.19017094017094016,0.648972602739726,0.33767606756984603
by_radar,KTLX,max_mesh_75_mh19_buffer,severe_obs,2.0,35.0,28.55231416125753,percentile,376,85,129,119,0.7595959595959596,0.1843817787418655,0.6482758620689655,0.346762174026936
by_radar,KTLX,max_mesh_75_mh19_buffer,severe_obs,2.0,36.0,28.968172291587766,percentile,371,83,131,124,0.7494949494949495,0.1828193832599119,0.6418685121107266,0.34299246578715287
by_radar,KTLX,max_mesh_75_mh19_buffer,severe_obs,2.0,37.0,29.24172869821752,percentile,367,80,134,128,0.7414141414141414,0.1789709172259508,0.6382608695652174,0.3455810568542876
by_radar,KTLX,max_mesh_75_mh19_buffer,severe_obs,2.0,38.0,29.340720771391492,percentile,359,80,134,136,0.7252525252525253,0.18223234624145787,0.6243478260869565,0.32712349953426245
by_radar,KTLX,max_mesh_75_mh19_buffer,severe_obs,2.0,39.0,29.51522916029412,percentile,355,77,137,140,0.7171717171717171,0.17824074074074073,0.6206293706293706,0.3298005340581888
by_radar,KTLX,max_mesh_75_mh19_buffer,severe_obs,2.0,40.0,29.64795321267553,percentile,350,76,138,145,0.7070707070707071,0.1784037558685446,0.6129597197898424,0.3224230158833119
by_radar,KTLX,max_mesh_75_mh19_buffer,severe_obs,2.0,41.0,29.811444663869796,percentile,345,73,141,150,0.696969696969697,0.17464114832535885,0.6073943661971831,0.3228735272830058
by_radar,KTLX,max_mesh_75_mh19_buffer,severe_obs,2.0,42.0,29.90136436194766,percentile,339,72,142,156,0.6848484848484848,0.17518248175182483,0.5978835978835979,0.31347467128733053
by_radar,KTLX,max_mesh_75_mh19_buffer,severe_obs,2.0,43.0,30.203095413097895,percentile,332,72,142,163,0.6707070707070707,0.1782178217821782,0.5855379188712522,0.2982592837498052
by_radar,KTLX,max_mesh_75_mh19_buffer,severe_obs,2.0,44.0,30.336625360018264,percentile,327,70,144,168,0.6606060606060606,0.17632241813602015,0.5787610619469027,0.29514031027828136
by_radar,KTLX,max_mesh_75_mh19_buffer,severe_obs,2.0,45.0,30.637840691181573,percentile,321,70,144,174,0.6484848484848484,0.17902813299232737,0.5681415929203539,0.2824243832025352
by_radar,KTLX,max_mesh_75_mh19_buffer,severe_obs,2.0,46.0,30.731691325356564,percentile,316,67,147,179,0.6383838383838384,0.17493472584856398,0.5622775800711743,0.283226209458682
by_radar,KTLX,max_mesh_75_mh19_buffer,severe_obs,2.0,47.0,30.840713139617222,percentile,309,67,147,186,0.6242424242424243,0.17819148936170212,0.5498220640569395,0.2687414135402101
by_radar,KTLX,max_mesh_75_mh19_buffer,severe_obs,2.0,48.0,31.1058568108922,percentile,303,67,147,192,0.6121212121212121,0.1810810810810811,0.5391459074733096,0.256509504625787
by_radar,KTLX,max_mesh_75_mh19_buffer,severe_obs,2.0,49.0,31.344221079268294,percentile,298,64,150,197,0.602020202020202,0.17679558011049723,0.5330948121645797,0.25752609004425575
by_radar,KTLX,max_mesh_75_mh19_buffer,severe_obs,2.0,50.0,31.593682996650426,percentile,294,61,153,201,0.593939393939394,0.17183098591549295,0.5287769784172662,0.26051751592356687
by_radar,KTLX,max_mesh_75_mh19_buffer,severe_obs,2.0,51.0,31.72409823885084,percentile,290,59,155,205,0.5858585858585859,0.16905444126074498,0.5234657039711191,0.2598404023947549
by_radar,KTLX,max_mesh_75_mh19_buffer,severe_obs,2.0,52.0,31.823817206586998,percentile,284,56,158,211,0.5737373737373738,0.16470588235294117,0.515426497277677,0.2588414932560735
by_radar,KTLX,max_mesh_75_mh19_buffer,severe_obs,2.0,53.0,31.991395633529816,percentile,277,56,158,218,0.5595959595959596,0.16816816816816818,0.5027223230490018,0.2452230536711969
by_radar,KTLX,max_mesh_75_mh19_buffer,severe_obs,2.0,54.0,32.35132265419893,percentile,271,56,158,224,0.5474747474747474,0.1712538226299694,0.49183303085299457,0.23371470038754305
by_radar,KTLX,max_mesh_75_mh19_buffer,severe_obs,2.0,55.0,32.4671313315323,percentile,264,55,159,231,0.5333333333333333,0.1724137931034483,0.48,0.22402761407644384
by_radar,KTLX,max_mesh_75_mh19_buffer,severe_obs,2.0,56.0,32.60674477053545,percentile,260,52,162,235,0.5252525252525253,0.16666666666666666,0.4753199268738574,0.22713202143700884
by_radar,KTLX,max_mesh_75_mh19_buffer,severe_obs,2.0,57.0,32.958755741238,percentile,254,51,163,241,0.5131313131313131,0.16721311475409836,0.4652014652014652,0.2194985862393968
by_radar,KTLX,max_mesh_75_mh19_buffer,severe_obs,2.0,58.0,33.047688025922454,percentile,247,51,163,248,0.498989898989899,0.17114093959731544,0.4523809523809524,0.20667098275933043
by_radar,KTLX,max_mesh_75_mh19_buffer,severe_obs,2.0,59.0,33.120535850927844,percentile,241,50,164,254,0.4868686868686869,0.1718213058419244,0.44220183486238535,0.1992986210175939
by_radar,KTLX,max_mesh_75_mh19_buffer,severe_obs,2.0,60.0,33.25305270520969,percentile,234,50,164,261,0.4727272727272727,0.176056338028169,0.42935779816513764,0.18680366290369574
by_radar,KTLX,max_mesh_75_mh19_buffer,severe_obs,2.0,61.0,33.370448872331515,percentile,230,47,167,265,0.46464646464646464,0.16967509025270758,0.42435424354243545,0.19006436778242372
by_radar,KTLX,max_mesh_75_mh19_buffer,severe_obs,2.0,62.0,33.72115394702058,percentile,226,44,170,269,0.45656565656565656,0.16296296296296298,0.41929499072356213,0.19327844120908083
by_radar,KTLX,max_mesh_75_mh19_buffer,severe_obs,2.0,63.0,33.85610261088589,percentile,219,43,171,276,0.44242424242424244,0.16412213740458015,0.4070631970260223,0.18447858711368645
by_radar,KTLX,max_mesh_75_mh19_buffer,severe_obs,2.0,64.0,34.12375494693466,percentile,213,42,172,282,0.4303030303030303,0.16470588235294117,0.39664804469273746,0.1775295381310419
by_radar,KTLX,max_mesh_75_mh19_buffer,severe_obs,2.0,65.0,34.461811843619216,percentile,207,41,173,288,0.41818181818181815,0.16532258064516128,0.38619402985074625,0.17067768348224285
by_radar,KTLX,max_mesh_75_mh19_buffer,severe_obs,2.0,66.0,34.70047448774804,percentile,202,40,174,293,0.4080808080808081,0.1652892561983471,0.3775700934579439,0.16559640647033252
by_radar,KTLX,max_mesh_75_mh19_buffer,severe_obs,2.0,67.0,34.74063599551901,percentile,198,39,175,297,0.4,0.16455696202531644,0.3707865168539326,0.16223914924144917
by_radar,KTLX,max_mesh_75_mh19_buffer,severe_obs,2.0,68.0,34.89925706173038,percentile,190,37,177,305,0.3838383838383838,0.16299559471365638,0.35714285714285715,0.1556231892132828
by_radar,KTLX,max_mesh_75_mh19_buffer,severe_obs,2.0,69.0,35.13540308852888,percentile,185,35,179,310,0.37373737373737376,0.1590909090909091,0.3490566037735849,0.1540111020803431
by_radar,KTLX,max_mesh_75_mh19_buffer,severe_obs,2.0,70.0,35.35368001664989,percentile,178,35,179,317,0.3595959595959596,0.1643192488262911,0.33584905660377357,0.14267851131218612
by_radar,KTLX,max_mesh_75_mh19_buffer,severe_obs,2.0,71.0,35.73626562752384,percentile,171,35,179,324,0.34545454545454546,0.16990291262135923,0.32264150943396225,0.13149804312295058
by_radar,KTLX,max_mesh_75_mh19_buffer,severe_obs,2.0,72.0,35.92126386810167,percentile,167,33,181,328,0.3373737373737374,0.165,0.3162878787878788,0.1316551033909518
by_radar,KTLX,max_mesh_75_mh19_buffer,severe_obs,2.0,73.0,36.01090791610346,percentile,160,32,182,335,0.32323232323232326,0.16666666666666666,0.3036053130929791,0.12390447234539718
by_radar,KTLX,max_mesh_75_mh19_buffer,severe_obs,2.0,74.0,36.21912340155934,percentile,157,28,186,338,0.31717171717171716,0.15135135135135136,0.30019120458891013,0.13204000401378066
by_radar,KTLX,max_mesh_75_mh19_buffer,severe_obs,2.0,75.0,36.25735070032225,percentile,151,27,187,344,0.30505050505050507,0.15168539325842698,0.289272030651341,0.1259333348840455
by_radar,KTLX,max_mesh_75_mh19_buffer,severe_obs,2.0,76.0,36.55414060485016,percentile,146,25,189,349,0.29494949494949496,0.14619883040935672,0.28076923076923077,0.1245873279983097
by_radar,KTLX,max_mesh_75_mh19_buffer,severe_obs,2.0,77.0,36.770363155912534,percentile,141,22,192,354,0.28484848484848485,0.13496932515337423,0.2727272727272727,0.12638947147651006
by_radar,KTLX,max_mesh_75_mh19_buffer,severe_obs,2.0,78.0,36.89357928796104,percentile,136,20,194,359,0.27474747474747474,0.1282051282051282,0.26407766990291265,0.12505901621195692
by_radar,KTLX,max_mesh_75_mh19_buffer,severe_obs,2.0,79.0,37.16301273802708,percentile,129,20,194,366,0.2606060606060606,0.1342281879194631,0.2504854368932039,0.11457005493616663
by_radar,KTLX,max_mesh_75_mh19_buffer,severe_obs,2.0,80.0,37.68647288530546,percentile,123,19,195,372,0.24848484848484848,0.13380281690140844,0.23929961089494164,0.10877245999877834
by_radar,KTLX,max_mesh_75_mh19_buffer,severe_obs,2.0,81.0,37.932848280867105,percentile,118,17,197,377,0.2383838383838384,0.1259259259259259,0.23046875,0.10757779055651397
by_radar,KTLX,max_mesh_75_mh19_buffer,severe_obs,2.0,82.0,38.15207285764845,percentile,113,15,199,382,0.22828282828282828,0.1171875,0.22156862745098038,0.10639804182394828
by_radar,KTLX,max_mesh_75_mh19_buffer,severe_obs,2.0,83.0,38.34123887304627,percentile,107,15,199,388,0.21616161616161617,0.12295081967213115,0.20980392156862746,0.09772225608119417
by_radar,KTLX,max_mesh_75_mh19_buffer,severe_obs,2.0,84.0,38.68114227101245,percentile,99,15,199,396,0.2,0.13157894736842105,0.19411764705882353,0.08629723348415438
by_radar,KTLX,max_mesh_75_mh19_buffer,severe_obs,2.0,85.0,38.9302894775027,percentile,94,14,200,401,0.1898989898989899,0.12962962962962962,0.18467583497053044,0.08225646975892603
by_radar,KTLX,max_mesh_75_mh19_buffer,severe_obs,2.0,86.0,39.52905627589203,percentile,87,13,201,408,0.17575757575757575,0.13,0.17125984251968504,0.07547041241424168
by_radar,KTLX,max_mesh_75_mh19_buffer,severe_obs,2.0,87.0,39.83551880639577,percentile,82,11,203,413,0.16565656565656567,0.11827956989247312,0.16205533596837945,0.07452081447685194
by_radar,KTLX,max_mesh_75_mh19_buffer,severe_obs,2.0,88.0,40.371380250056106,percentile,75,10,204,420,0.15151515151515152,0.11764705882352941,0.1485148514851485,0.06787537835937262
by_radar,KTLX,max_mesh_75_mh19_buffer,severe_obs,2.0,89.0,40.63078915530359,percentile,69,9,205,426,0.1393939393939394,0.11538461538461539,0.13690476190476192,0.06267380264225604
by_radar,KTLX,max_mesh_75_mh19_buffer,severe_obs,2.0,90.0,41.06242161630485,percentile,64,7,207,431,0.1292929292929293,0.09859154929577464,0.12749003984063745,0.061817984072700026
by_radar,KTLX,max_mesh_75_mh19_buffer,severe_obs,2.0,91.0,41.66967801402875,percentile,57,7,207,438,0.11515151515151516,0.109375,0.11354581673306773,0.05245501860522388
by_radar,KTLX,max_mesh_75_mh19_buffer,severe_obs,2.0,92.0,41.87275796114683,percentile,52,6,208,443,0.10505050505050505,0.10344827586206896,0.10379241516966067,0.048754396292323185
by_radar,KTLX,max_mesh_75_mh19_buffer,severe_obs,2.0,93.0,42.14646571592807,percentile,45,5,209,450,0.09090909090909091,0.1,0.09,0.042474881643193185
by_radar,KTLX,max_mesh_75_mh19_buffer,severe_obs,2.0,94.0,42.800454003698505,percentile,39,4,210,456,0.07878787878787878,0.09302325581395349,0.0781563126252505,0.03757170849170188
by_radar,KTLX,max_mesh_75_mh19_buffer,severe_obs,2.0,95.0,43.830857433011765,percentile,32,4,210,463,0.06464646464646465,0.1111111111111111,0.06412825651302605,0.028564806257499874
by_radar,KTLX,max_mesh_75_mh19_buffer,severe_obs,2.0,96.0,44.44839427133515,percentile,25,4,210,470,0.050505050505050504,0.13793103448275862,0.050100200400801605,0.019661266138865714
by_radar,KTLX,max_mesh_75_mh19_buffer,severe_obs,2.0,97.0,45.45454830252192,percentile,20,2,212,475,0.04040404040404041,0.09090909090909091,0.04024144869215292,0.019085021158849445
by_radar,KTLX,max_mesh_75_mh19_buffer,severe_obs,2.0,98.0,46.177435537765,percentile,13,2,212,482,0.026262626262626262,0.13333333333333333,0.026156941649899398,0.010336275018746035
by_radar,KTLX,max_mesh_75_mh19_buffer,severe_obs,2.0,99.0,49.05196487979711,percentile,8,0,214,487,0.01616161616161616,0.0,0.01616161616161616,0.009819131821271154
by_radar,KTLX,max_mesh_75_mh19_buffer,severe_obs,2.0,100.0,51.598795968861495,percentile,1,0,214,494,0.00202020202020202,0.0,0.00202020202020202,0.0012205067954852654
by_radar,KTLX,max_mesh_75_mh19_buffer,sig_severe_obs,2.0,0.0,4.775813959783007,percentile,121,588,0,0,1.0,0.8293370944992948,0.17066290550070523,0.0
by_radar,KTLX,max_mesh_75_mh19_buffer,sig_severe_obs,2.0,1.0,12.289833300908889,percentile,120,581,7,1,0.9917355371900827,0.8288159771754636,0.17094017094017094,0.001253763711527849
by_radar,KTLX,max_mesh_75_mh19_buffer,sig_severe_obs,2.0,2.0,14.308913578605074,percentile,120,574,14,1,0.9917355371900827,0.8270893371757925,0.17266187050359713,0.005396609309395028
by_radar,KTLX,max_mesh_75_mh19_buffer,sig_severe_obs,2.0,3.0,15.082540975326918,percentile,119,568,20,2,0.9834710743801653,0.826783114992722,0.17271407837445574,0.006118765032536681
by_radar,KTLX,max_mesh_75_mh19_buffer,sig_severe_obs,2.0,4.0,16.07799927542838,percentile,118,564,24,3,0.9752066115702479,0.8269794721407625,0.17226277372262774,0.005639613834863202
by_radar,KTLX,max_mesh_75_mh19_buffer,sig_severe_obs,2.0,5.0,16.59076229059541,percentile,118,555,33,3,0.9752066115702479,0.8246656760772659,0.17455621301775148,0.011142771445710858
by_radar,KTLX,max_mesh_75_mh19_buffer,sig_severe_obs,2.0,6.0,17.627362609692717,percentile,117,549,39,4,0.9669421487603306,0.8243243243243243,0.1746268656716418,0.011930112824493272
by_radar,KTLX,max_mesh_75_mh19_buffer,sig_severe_obs,2.0,7.0,18.245278772562347,percentile,117,542,46,4,0.9669421487603306,0.8224582701062215,0.17647058823529413,0.016333707710994
by_radar,KTLX,max_mesh_75_mh19_buffer,sig_severe_obs,2.0,8.0,18.53661969618248,percentile,117,535,53,4,0.9669421487603306,0.8205521472392638,0.17835365853658536,0.02081107327434898
by_radar,KTLX,max_mesh_75_mh19_buffer,sig_severe_obs,2.0,9.0,18.79029131611344,percentile,117,528,60,4,0.9669421487603306,0.8186046511627907,0.1802773497688752,0.025364078924248846
by_radar,KTLX,max_mesh_75_mh19_buffer,sig_severe_obs,2.0,10.0,19.37746296275301,percentile,117,522,66,4,0.9669421487603306,0.8169014084507042,0.18195956454121306,0.0293283220805722
by_radar,KTLX,max_mesh_75_mh19_buffer,sig_severe_obs,2.0,11.0,19.59814361325634,percentile,117,515,73,4,0.9669421487603306,0.814873417721519,0.18396226415094338,0.03402698112266461
by_radar,KTLX,max_mesh_75_mh19_buffer,sig_severe_obs,2.0,12.0,19.714154854420702,percentile,117,507,81,4,0.9669421487603306,0.8125,0.18630573248407642,0.03949660257107029
by_radar,KTLX,max_mesh_75_mh19_buffer,sig_severe_obs,2.0,13.0,20.36184564924217,percentile,117,499,89,4,0.9669421487603306,0.810064935064935,0.18870967741935485,0.045075657163666356
by_radar,KTLX,max_mesh_75_mh19_buffer,sig_severe_obs,2.0,14.0,21.168781371541606,percentile,117,492,96,4,0.9669421487603306,0.8078817733990148,0.19086460032626426,0.05004970393741626
by_radar,KTLX,max_mesh_75_mh19_buffer,sig_severe_obs,2.0,15.0,21.900257214063338,percentile,117,485,103,4,0.9669421487603306,0.8056478405315615,0.19306930693069307,0.055112380526704516
by_radar,KTLX,max_mesh_75_mh19_buffer,sig_severe_obs,2.0,16.0,22.390608941673026,percentile,117,478,110,4,0.9669421487603306,0.8033613445378152,0.19532554257095158,0.06026607709526088
by_radar,KTLX,max_mesh_75_mh19_buffer,sig_severe_obs,2.0,17.0,22.73821161508401,percentile,117,471,117,4,0.9669421487603306,0.8010204081632653,0.19763513513513514,0.0655132705301275
by_radar,KTLX,max_mesh_75_mh19_buffer,sig_severe_obs,2.0,18.0,23.14051429489194,percentile,116,465,123,5,0.9586776859504132,0.8003442340791739,0.19795221843003413,0.06688582981440204
by_radar,KTLX,max_mesh_75_mh19_buffer,sig_severe_obs,2.0,19.0,23.62071271816973,percentile,116,458,130,5,0.9586776859504132,0.7979094076655052,0.2003454231433506,0.07229113147772907
by_radar,KTLX,max_mesh_75_mh19_buffer,sig_severe_obs,2.0,20.0,23.883053223457814,percentile,116,451,137,5,0.9586776859504132,0.7954144620811288,0.20279720279720279,0.07779723770459071
by_radar,KTLX,max_mesh_75_mh19_buffer,sig_severe_obs,2.0,21.0,24.24969623400505,percentile,116,444,144,5,0.9586776859504132,0.7928571428571428,0.20530973451327433,0.08340699492382864
by_radar,KTLX,max_mesh_75_mh19_buffer,sig_severe_obs,2.0,22.0,24.387184814800698,percentile,115,438,150,6,0.9504132231404959,0.7920433996383364,0.20572450805008943,0.08500174398325776
by_radar,KTLX,max_mesh_75_mh19_buffer,sig_severe_obs,2.0,23.0,24.661358479647472,percentile,113,433,155,8,0.9338842975206612,0.793040293040293,0.20397111913357402,0.08246593753576449
by_radar,KTLX,max_mesh_75_mh19_buffer,sig_severe_obs,2.0,24.0,25.360272966891188,percentile,113,426,162,8,0.9338842975206612,0.7903525046382189,0.20658135283363802,0.08828392128046648
by_radar,KTLX,max_mesh_75_mh19_buffer,sig_severe_obs,2.0,25.0,25.720416229489334,percentile,113,420,168,8,0.9338842975206612,0.7879924953095685,0.2088724584103512,0.09336121900209142
by_radar,KTLX,max_mesh_75_mh19_buffer,sig_severe_obs,2.0,26.0,26.20236870870766,percentile,113,411,177,8,0.9338842975206612,0.7843511450381679,0.212406015037594,0.1011385882473971
by_radar,KTLX,max_mesh_75_mh19_buffer,sig_severe_obs,2.0,27.0,26.552895855956034,percentile,113,404,184,8,0.9338842975206612,0.781431334622824,0.21523809523809523,0.10732577896757
by_radar,KTLX,max_mesh_75_mh19_buffer,sig_severe_obs,2.0,28.0,27.03907263720967,percentile,112,398,190,9,0.9256198347107438,0.7803921568627451,0.21579961464354527,0.10926073978497279
by_radar,KTLX,max_mesh_75_mh19_buffer,sig_severe_obs,2.0,29.0,27.279439631799743,percentile,112,391,197,9,0.9256198347107438,0.7773359840954275,0.21875,0.11565686488509153
by_radar,KTLX,max_mesh_75_mh19_buffer,sig_severe_obs,2.0,30.0,27.512777630305933,percentile,110,386,202,11,0.9090909090909091,0.7782258064516129,0.21696252465483234,0.11325022604049512
by_radar,KTLX,max_mesh_75_mh19_buffer,sig_severe_obs,2.0,31.0,27.742521016127476,percentile,109,380,208,12,0.9008264462809917,0.7770961145194274,0.21756487025948104,0.11530723980748173
by_radar,KTLX,max_mesh_75_mh19_buffer,sig_severe_obs,2.0,32.0,28.034970485442795,percentile,109,373,215,12,0.9008264462809917,0.7738589211618258,0.22064777327935223,0.12196871491847415
by_radar,KTLX,max_mesh_75_mh19_buffer,sig_severe_obs,2.0,33.0,28.22330356892104,percentile,107,368,220,14,0.8842975206611571,0.7747368421052632,0.21881390593047034,0.11955242609244053
by_radar,KTLX,max_mesh_75_mh19_buffer,sig_severe_obs,2.0,34.0,28.412057150455066,percentile,107,361,227,14,0.8842975206611571,0.7713675213675214,0.22199170124481327,0.1264026023098786
by_radar,KTLX,max_mesh_75_mh19_buffer,sig_severe_obs,2.0,35.0,28.55231416125753,percentile,107,354,234,14,0.8842975206611571,0.7678958785249458,0.22526315789473683,0.13340153316770517
by_radar,KTLX,max_mesh_75_mh19_buffer,sig_severe_obs,2.0,36.0,28.968172291587766,percentile,106,348,240,15,0.8760330578512396,0.7665198237885462,0.2260127931769723,0.1357926442293163
by_radar,KTLX,max_mesh_75_mh19_buffer,sig_severe_obs,2.0,37.0,29.24172869821752,percentile,105,342,246,16,0.8677685950413223,0.7651006711409396,0.2267818574514039,0.1382368319198202
by_radar,KTLX,max_mesh_75_mh19_buffer,sig_severe_obs,2.0,38.0,29.340720771391492,percentile,103,336,252,18,0.8512396694214877,0.765375854214123,0.22538293216630198,0.13691790290300618
by_radar,KTLX,max_mesh_75_mh19_buffer,sig_severe_obs,2.0,39.0,29.51522916029412,percentile,103,329,259,18,0.8512396694214877,0.7615740740740741,0.2288888888888889,0.14436603798520517
by_radar,KTLX,max_mesh_75_mh19_buffer,sig_severe_obs,2.0,40.0,29.64795321267553,percentile,102,324,264,19,0.8429752066115702,0.7605633802816901,0.2292134831460674,0.1459061359669302
by_radar,KTLX,max_mesh_75_mh19_buffer,sig_severe_obs,2.0,41.0,29.811444663869796,percentile,102,316,272,19,0.8429752066115702,0.7559808612440191,0.2334096109839817,0.15473584939233795
by_radar,KTLX,max_mesh_75_mh19_buffer,sig_severe_obs,2.0,42.0,29.90136436194766,percentile,101,310,278,20,0.8347107438016529,0.754257907542579,0.23433874709976799,0.15755096750034206
by_radar,KTLX,max_mesh_75_mh19_buffer,sig_severe_obs,2.0,43.0,30.203095413097895,percentile,100,304,284,21,0.8264462809917356,0.7524752475247525,0.23529411764705882,0.1604331461759037
by_radar,KTLX,max_mesh_75_mh19_buffer,sig_severe_obs,2.0,44.0,30.336625360018264,percentile,98,299,289,23,0.8099173553719008,0.7531486146095718,0.23333333333333334,0.15815596560319778
by_radar,KTLX,max_mesh_75_mh19_buffer,sig_severe_obs,2.0,45.0,30.637840691181573,percentile,95,296,292,26,0.7851239669421488,0.7570332480818415,0.2278177458033573,0.14936695654765897
by_radar,KTLX,max_mesh_75_mh19_buffer,sig_severe_obs,2.0,46.0,30.731691325356564,percentile,95,288,300,26,0.7851239669421488,0.7519582245430809,0.23227383863080683,0.15879085584734556
by_radar,KTLX,max_mesh_75_mh19_buffer,sig_severe_obs,2.0,47.0,30.840713139617222,percentile,91,285,303,30,0.7520661157024794,0.7579787234042553,0.22413793103448276,0.1455576342580371
by_radar,KTLX,max_mesh_75_mh19_buffer,sig_severe_obs,2.0,48.0,31.1058568108922,percentile,89,281,307,32,0.7355371900826446,0.7594594594594595,0.22139303482587064,0.14178258868662963
by_radar,KTLX,max_mesh_75_mh19_buffer,sig_severe_obs,2.0,49.0,31.344221079268294,percentile,87,275,313,34,0.71900826446281,0.7596685082872928,0.2196969696969697,0.14032953622426356
by_radar,KTLX,max_mesh_75_mh19_buffer,sig_severe_obs,2.0,50.0,31.593682996650426,percentile,86,269,319,35,0.7107438016528925,0.7577464788732394,0.2205128205128205,0.14325009738685238
by_radar,KTLX,max_mesh_75_mh19_buffer,sig_severe_obs,2.0,51.0,31.72409823885084,percentile,84,265,323,37,0.6942148760330579,0.7593123209169055,0.21761658031088082,0.13930024279259723
by_radar,KTLX,max_mesh_75_mh19_buffer,sig_severe_obs,2.0,52.0,31.823817206586998,percentile,84,256,332,37,0.6942148760330579,0.7529411764705882,0.22281167108753316,0.15059962628133575
by_radar,KTLX,max_mesh_75_mh19_buffer,sig_severe_obs,2.0,53.0,31.991395633529816,percentile,84,249,339,37,0.6942148760330579,0.7477477477477478,0.22702702702702704,0.1596601740571902
by_radar,KTLX,max_mesh_75_mh19_buffer,sig_severe_obs,2.0,54.0,32.35132265419893,percentile,82,245,343,39,0.6776859504132231,0.7492354740061162,0.22404371584699453,0.15573296212127566
by_radar,KTLX,max_mesh_75_mh19_buffer,sig_severe_obs,2.0,55.0,32.4671313315323,percentile,79,240,348,42,0.6528925619834711,0.7523510971786834,0.2188365650969529,0.1483374651774989
by_radar,KTLX,max_mesh_75_mh19_buffer,sig_severe_obs,2.0,56.0,32.60674477053545,percentile,78,234,354,43,0.6446280991735537,0.75,0.21971830985915494,0.15162445516711087
by_radar,KTLX,max_mesh_75_mh19_buffer,sig_severe_obs,2.0,57.0,32.958755741238,percentile,77,228,360,44,0.6363636363636364,0.7475409836065574,0.22063037249283668,0.15500560852495793
by_radar,KTLX,max_mesh_75_mh19_buffer,sig_severe_obs,2.0,58.0,33.047688025922454,percentile,75,223,365,46,0.6198347107438017,0.7483221476510067,0.2180232558139535,0.15218154742059523
by_radar,KTLX,max_mesh_75_mh19_buffer,sig_severe_obs,2.0,59.0,33.120535850927844,percentile,72,219,369,49,0.5950413223140496,0.7525773195876289,0.21176470588235294,0.14287776404463973
by_radar,KTLX,max_mesh_75_mh19_buffer,sig_severe_obs,2.0,60.0,33.25305270520969,percentile,72,212,376,49,0.5950413223140496,0.7464788732394366,0.21621621621621623,0.15277199119116186
by_radar,KTLX,max_mesh_75_mh19_buffer,sig_severe_obs,2.0,61.0,33.370448872331515,percentile,71,206,382,50,0.5867768595041323,0.7436823104693141,0.21712538226299694,0.15637607600349526
by_radar,KTLX,max_mesh_75_mh19_buffer,sig_severe_obs,2.0,62.0,33.72115394702058,percentile,71,199,389,50,0.5867768595041323,0.737037037037037,0.221875,0.16678387192690167
by_radar,KTLX,max_mesh_75_mh19_buffer,sig_severe_obs,2.0,63.0,33.85610261088589,percentile,70,192,396,51,0.5785123966942148,0.732824427480916,0.22364217252396165,0.17226618238422622
by_radar,KTLX,max_mesh_75_mh19_buffer,sig_severe_obs,2.0,64.0,34.12375494693466,percentile,69,186,402,52,0.5702479338842975,0.7294117647058823,0.2247557003257329,0.17636205667873914
by_radar,KTLX,max_mesh_75_mh19_buffer,sig_severe_obs,2.0,65.0,34.461811843619216,percentile,69,179,409,52,0.5702479338842975,0.7217741935483871,0.23,0.18762431487314302
by_radar,KTLX,max_mesh_75_mh19_buffer,sig_severe_obs,2.0,66.0,34.70047448774804,percentile,68,174,414,53,0.5619834710743802,0.71900826446281,0.2305084745762712,0.1904397820958436
by_radar,KTLX,max_mesh_75_mh19_buffer,sig_severe_obs,2.0,67.0,34.74063599551901,percentile,66,171,417,55,0.5454545454545454,0.7215189873417721,0.22602739726027396,0.18442698047519188
by_radar,KTLX,max_mesh_75_mh19_buffer,sig_severe_obs,2.0,68.0,34.89925706173038,percentile,63,164,424,58,0.5206611570247934,0.7224669603524229,0.22105263157894736,0.17935536345530192
by_radar,KTLX,max_mesh_75_mh19_buffer,sig_severe_obs,2.0,69.0,35.13540308852888,percentile,63,157,431,58,0.5206611570247934,0.7136363636363636,0.22661870503597123,0.19145065215431048
by_radar,KTLX,max_mesh_75_mh19_buffer,sig_severe_obs,2.0,70.0,35.35368001664989,percentile,60,153,435,61,0.49586776859504134,0.7183098591549296,0.21897810218978103,0.18101047176940516
by_radar,KTLX,max_mesh_75_mh19_buffer,sig_severe_obs,2.0,71.0,35.73626562752384,percentile,58,148,440,63,0.4793388429752066,0.7184466019417476,0.21561338289962825,0.17798682352424022
by_radar,KTLX,max_mesh_75_mh19_buffer,sig_severe_obs,2.0,72.0,35.92126386810167,percentile,57,143,445,64,0.47107438016528924,0.715,0.2159090909090909,0.1809597687358041
by_radar,KTLX,max_mesh_75_mh19_buffer,sig_severe_obs,2.0,73.0,36.01090791610346,percentile,53,139,449,68,0.4380165289256198,0.7239583333333334,0.20384615384615384,0.16351957504288897
by_radar,KTLX,max_mesh_75_mh19_buffer,sig_severe_obs,2.0,74.0,36.21912340155934,percentile,53,132,456,68,0.4380165289256198,0.7135135135135136,0.20948616600790515,0.17646238907215536
by_radar,KTLX,max_mesh_75_mh19_buffer,sig_severe_obs,2.0,75.0,36.25735070032225,percentile,48,130,458,73,0.39669421487603307,0.7303370786516854,0.19123505976095617,0.14793239203149514
by_radar,KTLX,max_mesh_75_mh19_buffer,sig_severe_obs,2.0,76.0,36.55414060485016,percentile,48,123,465,73,0.39669421487603307,0.7192982456140351,0.19672131147540983,0.16107844439346558
by_radar,KTLX,max_mesh_75_mh19_buffer,sig_severe_obs,2.0,77.0,36.770363155912534,percentile,48,115,473,73,0.39669421487603307,0.7055214723926381,0.2033898305084746,0.17675251683033785
by_radar,KTLX,max_mesh_75_mh19_buffer,sig_severe_obs,2.0,78.0,36.89357928796104,percentile,48,108,480,73,0.39669421487603307,0.6923076923076923,0.2096069868995633,0.19107292566234454
by_radar,KTLX,max_mesh_75_mh19_buffer,sig_severe_obs,2.0,79.0,37.16301273802708,percentile,45,104,484,76,0.371900826446281,0.697986577181208,0.2,0.1786164817341606
by_radar,KTLX,max_mesh_75_mh19_buffer,sig_severe_obs,2.0,80.0,37.68647288530546,percentile,42,100,488,79,0.34710743801652894,0.704225352112676,0.19004524886877827,0.16562460963952058
by_radar,KTLX,max_mesh_75_mh19_buffer,sig_severe_obs,2.0,81.0,37.932848280867105,percentile,40,95,493,81,0.3305785123966942,0.7037037037037037,0.18518518518518517,0.16158942177190697
by_radar,KTLX,max_mesh_75_mh19_buffer,sig_severe_obs,2.0,82.0,38.15207285764845,percentile,39,89,499,82,0.32231404958677684,0.6953125,0.18571428571428572,0.16711434754233503
by_radar,KTLX,max_mesh_75_mh19_buffer,sig_severe_obs,2.0,83.0,38.34123887304627,percentile,38,84,504,83,0.3140495867768595,0.6885245901639344,0.18536585365853658,0.17063244678242961
by_radar,KTLX,max_mesh_75_mh19_buffer,sig_severe_obs,2.0,84.0,38.68114227101245,percentile,35,79,509,86,0.2892561983471074,0.6929824561403509,0.175,0.15854474310745395
by_radar,KTLX,max_mesh_75_mh19_buffer,sig_severe_obs,2.0,85.0,38.9302894775027,percentile,34,74,514,87,0.2809917355371901,0.6851851851851852,0.17435897435897435,0.16205542301339695
by_radar,KTLX,max_mesh_75_mh19_buffer,sig_severe_obs,2.0,86.0,39.52905627589203,percentile,31,69,519,90,0.256198347107438,0.69,0.1631578947368421,0.1491293616828567
by_radar,KTLX,max_mesh_75_mh19_buffer,sig_severe_obs,2.0,87.0,39.83551880639577,percentile,29,64,524,92,0.2396694214876033,0.6881720430107527,0.15675675675675677,0.14406438631790744
by_radar,KTLX,max_mesh_75_mh19_buffer,sig_severe_obs,2.0,88.0,40.371380250056106,percentile,28,57,531,93,0.23140495867768596,0.6705882352941176,0.15730337078651685,0.1524815912785694
by_radar,KTLX,max_mesh_75_mh19_buffer,sig_severe_obs,2.0,89.0,40.63078915530359,percentile,27,51,537,94,0.2231404958677686,0.6538461538461539,0.1569767441860465,0.15881847563719675
by_radar,KTLX,max_mesh_75_mh19_buffer,sig_severe_obs,2.0,90.0,41.06242161630485,percentile,27,44,544,94,0.2231404958677686,0.6197183098591549,0.16363636363636364,0.17742505002269937
by_radar,KTLX,max_mesh_75_mh19_buffer,sig_severe_obs,2.0,91.0,41.66967801402875,percentile,24,40,548,97,0.19834710743801653,0.625,0.14906832298136646,0.16030844506686723
by_radar,KTLX,max_mesh_75_mh19_buffer,sig_severe_obs,2.0,92.0,41.87275796114683,percentile,21,37,551,100,0.17355371900826447,0.6379310344827587,0.13291139240506328,0.1394640088593577
by_radar,KTLX,max_mesh_75_mh19_buffer,sig_severe_obs,2.0,93.0,42.14646571592807,percentile,20,30,558,101,0.1652892561983471,0.6,0.13245033112582782,0.1489843227443902
by_radar,KTLX,max_mesh_75_mh19_buffer,sig_severe_obs,2.0,94.0,42.800454003698505,percentile,18,25,563,103,0.1487603305785124,0.5813953488372093,0.1232876712328767,0.14279777085104373
by_radar,KTLX,max_mesh_75_mh19_buffer,sig_severe_obs,2.0,95.0,43.830857433011765,percentile,16,20,568,105,0.1322314049586777,0.5555555555555556,0.11347517730496454,0.13621699593571213
by_radar,KTLX,max_mesh_75_mh19_buffer,sig_severe_obs,2.0,96.0,44.44839427133515,percentile,14,15,573,107,0.11570247933884298,0.5172413793103449,0.10294117647058823,0.1292030765513631
by_radar,KTLX,max_mesh_75_mh19_buffer,sig_severe_obs,2.0,97.0,45.45454830252192,percentile,11,11,577,110,0.09090909090909091,0.5,0.08333333333333333,0.10695064697125845
by_radar,KTLX,max_mesh_75_mh19_buffer,sig_severe_obs,2.0,98.0,46.177435537765,percentile,9,6,582,112,0.0743801652892562,0.4,0.07086614173228346,0.09841153522857081
by_radar,KTLX,max_mesh_75_mh19_buffer,sig_severe_obs,2.0,99.0,49.05196487979711,percentile,6,2,586,115,0.049586776859504134,0.25,0.04878048780487805,0.0734096621055571
by_radar,KTLX,max_mesh_75_mh19_buffer,sig_severe_obs,2.0,100.0,51.598795968861495,percentile,1,0,588,120,0.008264462809917356,0.0,0.008264462809917356,0.013633834168057874
by_radar,KCRI,max_reflectivity_buffer,severe_obs,2.0,0.0,40.15790939331055,percentile,434,221,0,0,1.0,0.3374045801526718,0.6625954198473283,0.0
by_radar,KCRI,max_reflectivity_buffer,severe_obs,2.0,1.0,41.47450595855713,percentile,432,216,5,2,0.9953917050691244,0.3333333333333333,0.6646153846153846,0.023631415560083694
by_radar,KCRI,max_reflectivity_buffer,severe_obs,2.0,2.0,42.56334579467774,percentile,429,212,9,5,0.988479262672811,0.33073322932917315,0.6640866873065016,0.03791873396644036
by_radar,KCRI,max_reflectivity_buffer,severe_obs,2.0,3.0,45.0382462310791,percentile,429,206,15,5,0.988479262672811,0.32440944881889766,0.6703125,0.07254303258061269
by_radar,KCRI,max_reflectivity_buffer,severe_obs,2.0,4.0,45.573690795898436,percentile,425,203,18,9,0.9792626728110599,0.3232484076433121,0.6671899529042387,0.07737897492458773
by_radar,KCRI,max_reflectivity_buffer,severe_obs,2.0,5.0,46.23738822937012,percentile,424,198,23,10,0.9769585253456221,0.3183279742765273,0.6708860759493671,0.10240868602751278
by_radar,KCRI,max_reflectivity_buffer,severe_obs,2.0,6.0,47.04178024291992,percentile,420,195,26,14,0.967741935483871,0.3170731707317073,0.6677265500794912,0.10686674278258033
by_radar,KCRI,max_reflectivity_buffer,severe_obs,2.0,7.0,47.97952606201172,percentile,418,191,30,16,0.9631336405529954,0.3136288998357964,0.6688,0.12272812562680763
by_radar,KCRI,max_reflectivity_buffer,severe_obs,2.0,8.0,48.49113525390625,percentile,415,187,34,19,0.956221198156682,0.3106312292358804,0.6682769726247987,0.1353079900540873
by_radar,KCRI,max_reflectivity_buffer,severe_obs,2.0,9.0,48.87082935333252,percentile,413,183,38,21,0.9516129032258065,0.3070469798657718,0.6693679092382496,0.15065915765118673
by_radar,KCRI,max_reflectivity_buffer,severe_obs,2.0,10.0,49.228920745849614,percentile,408,181,40,26,0.9400921658986175,0.3073005093378608,0.6634146341463415,0.14626006687109996
by_radar,KCRI,max_reflectivity_buffer,severe_obs,2.0,11.0,49.5004190826416,percentile,407,176,45,27,0.9377880184331797,0.3018867924528302,0.6672131147540984,0.1694411303571094
by_radar,KCRI,max_reflectivity_buffer,severe_obs,2.0,12.0,49.812553100585944,percentile,404,172,49,30,0.9308755760368663,0.2986111111111111,0.6666666666666666,0.18115879243975194
by_radar,KCRI,max_reflectivity_buffer,severe_obs,2.0,13.0,50.10825035095215,percentile,403,166,55,31,0.9285714285714286,0.29173989455184535,0.6716666666666666,0.20872860620703612
by_radar,KCRI,max_reflectivity_buffer,severe_obs,2.0,14.0,50.5773388671875,percentile,401,162,59,33,0.923963133640553,0.2877442273534636,0.6728187919463087,0.22285230999507152
by_radar,KCRI,max_reflectivity_buffer,severe_obs,2.0,15.0,50.807579421997076,percentile,399,157,64,35,0.9193548387096774,0.2823741007194245,0.6751269035532995,0.24168787158862048
by_radar,KCRI,max_reflectivity_buffer,severe_obs,2.0,16.0,51.01112442016601,percentile,396,154,67,38,0.9124423963133641,0.28,0.673469387755102,0.24748683580660602
by_radar,KCRI,max_reflectivity_buffer,severe_obs,2.0,17.0,51.24156173706055,percentile,393,150,71,41,0.9055299539170507,0.27624309392265195,0.672945205479452,0.258025870198267
by_radar,KCRI,max_reflectivity_buffer,severe_obs,2.0,18.0,51.47786148071289,percentile,391,146,75,43,0.9009216589861752,0.2718808193668529,0.6741379310344827,0.27131833138107825
by_radar,KCRI,max_reflectivity_buffer,severe_obs,2.0,19.0,51.59743858337402,percentile,389,141,80,45,0.8963133640552995,0.2660377358490566,0.6765217391304348,0.28912358501575447
by_radar,KCRI,max_reflectivity_buffer,severe_obs,2.0,20.0,51.908016204833984,percentile,387,138,83,47,0.8917050691244239,0.26285714285714284,0.6765734265734266,0.29731218649424457
by_radar,KCRI,max_reflectivity_buffer,severe_obs,2.0,21.0,52.08168029785156,percentile,384,134,87,50,0.8847926267281107,0.25868725868725867,0.676056338028169,0.3071014626069359
by_radar,KCRI,max_reflectivity_buffer,severe_obs,2.0,22.0,52.35584030151367,percentile,380,131,90,54,0.8755760368663594,0.2563600782778865,0.672566371681416,0.3092568418772481
by_radar,KCRI,max_reflectivity_buffer,severe_obs,2.0,23.0,52.5,percentile,377,129,92,57,0.868663594470046,0.2549407114624506,0.6696269982238011,0.30971375473109264
by_radar,KCRI,max_reflectivity_buffer,severe_obs,2.0,24.0,52.59482345581055,percentile,373,125,96,61,0.8594470046082949,0.25100401606425704,0.667262969588551,0.3163146198567869
by_radar,KCRI,max_reflectivity_buffer,severe_obs,2.0,25.0,52.80562973022461,percentile,369,122,99,65,0.8502304147465438,0.2484725050916497,0.6636690647482014,0.31834245103986375
by_radar,KCRI,max_reflectivity_buffer,severe_obs,2.0,26.0,52.89380294799805,percentile,368,116,105,66,0.847926267281106,0.2396694214876033,0.6690909090909091,0.3420282815794412
by_radar,KCRI,max_reflectivity_buffer,severe_obs,2.0,27.0,53.05825843811035,percentile,365,113,108,69,0.8410138248847926,0.23640167364016737,0.6672760511882998,0.3466369974130749
by_radar,KCRI,max_reflectivity_buffer,severe_obs,2.0,28.0,53.26832107543945,percentile,361,110,111,73,0.8317972350230415,0.23354564755838642,0.6636029411764706,0.34837208543765324
by_radar,KCRI,max_reflectivity_buffer,severe_obs,2.0,29.0,53.33669464111328,percentile,357,108,113,77,0.8225806451612904,0.23225806451612904,0.6586715867158671,0.3457956539344041
by_radar,KCRI,max_reflectivity_buffer,severe_obs,2.0,30.0,53.40351333618164,percentile,355,103,118,79,0.8179723502304147,0.22489082969432314,0.6610800744878957,0.3615437348700701
by_radar,KCRI,max_reflectivity_buffer,severe_obs,2.0,31.0,53.6052791595459,percentile,350,102,119,84,0.8064516129032258,0.22566371681415928,0.6529850746268657,0.351947402576678
by_radar,KCRI,max_reflectivity_buffer,severe_obs,2.0,32.0,53.686743621826174,percentile,346,99,122,88,0.7972350230414746,0.22247191011235956,0.649155722326454,0.353589993930918
by_radar,KCRI,max_reflectivity_buffer,severe_obs,2.0,33.0,53.815014877319335,percentile,344,95,126,90,0.7926267281105991,0.2164009111617312,0.6502835538752363,0.36478772088927097
by_radar,KCRI,max_reflectivity_buffer,severe_obs,2.0,34.0,54.00520111083984,percentile,341,91,130,93,0.7857142857142857,0.21064814814814814,0.6495238095238095,0.37312097537632505
by_radar,KCRI,max_reflectivity_buffer,severe_obs,2.0,35.0,54.09140396118164,percentile,339,89,132,95,0.7811059907834101,0.20794392523364486,0.6481835564053537,0.375886818638468
by_radar,KCRI,max_reflectivity_buffer,severe_obs,2.0,36.0,54.25306465148926,percentile,331,88,133,103,0.7626728110599078,0.2100238663484487,0.6340996168582376,0.3585115601749537
by_radar,KCRI,max_reflectivity_buffer,severe_obs,2.0,37.0,54.36810783386231,percentile,328,85,136,106,0.7557603686635944,0.20581113801452786,0.6319845857418112,0.36268791295001046
by_radar,KCRI,max_reflectivity_buffer,severe_obs,2.0,38.0,54.56361831665039,percentile,322,84,137,112,0.7419354838709677,0.20689655172413793,0.6216216216216216,0.3509343148357871
by_radar,KCRI,max_reflectivity_buffer,severe_obs,2.0,39.0,54.687058563232426,percentile,317,82,139,117,0.7304147465437788,0.20551378446115287,0.6143410852713178,0.34593015962224577
by_radar,KCRI,max_reflectivity_buffer,severe_obs,2.0,40.0,54.86483154296875,percentile,316,77,144,118,0.728110599078341,0.19592875318066158,0.6183953033268101,0.36316133246244287
by_radar,KCRI,max_reflectivity_buffer,severe_obs,2.0,41.0,55.01900993347168,percentile,312,74,147,122,0.7188940092165899,0.19170984455958548,0.6141732283464567,0.36461900896798843
by_radar,KCRI,max_reflectivity_buffer,severe_obs,2.0,42.0,55.22272109985352,percentile,308,73,148,126,0.7096774193548387,0.19160104986876642,0.6074950690335306,0.35827626441902943
by_radar,KCRI,max_reflectivity_buffer,severe_obs,2.0,43.0,55.36105987548828,percentile,303,70,151,131,0.6981566820276498,0.1876675603217158,0.6011904761904762,0.3572192304500027
by_radar,KCRI,max_reflectivity_buffer,severe_obs,2.0,44.0,55.459298095703126,percentile,298,69,152,136,0.6866359447004609,0.1880108991825613,0.5924453280318092,0.34849271466625265
by_radar,KCRI,max_reflectivity_buffer,severe_obs,2.0,45.0,55.58847999572754,percentile,295,65,156,139,0.6797235023041475,0.18055555555555555,0.591182364729459,0.35632737607784576
by_radar,KCRI,max_reflectivity_buffer,severe_obs,2.0,46.0,55.706404571533206,percentile,291,63,158,143,0.6705069124423964,0.17796610169491525,0.5855130784708249,0.3539939100293008
by_radar,KCRI,max_reflectivity_buffer,severe_obs,2.0,47.0,55.76290878295899,percentile,284,63,158,150,0.6543778801843319,0.18155619596541786,0.5714285714285714,0.3367766532451666
by_radar,KCRI,max_reflectivity_buffer,severe_obs,2.0,48.0,55.90331359863281,percentile,279,62,159,155,0.6428571428571429,0.18181818181818182,0.5625,0.3284019334993408
by_radar,KCRI,max_reflectivity_buffer,severe_obs,2.0,49.0,55.988370971679686,percentile,275,59,162,159,0.6336405529953917,0.17664670658682635,0.5578093306288032,0.3300270260125371
by_radar,KCRI,max_reflectivity_buffer,severe_obs,2.0,50.0,56.09927368164063,percentile,272,58,163,162,0.6267281105990783,0.17575757575757575,0.5528455284552846,0.32657257687634356
by_radar,KCRI,max_reflectivity_buffer,severe_obs,2.0,51.0,56.23176826477051,percentile,264,57,164,170,0.6082949308755761,0.17757009345794392,0.5376782077393075,0.3113151178571263
by_radar,KCRI,max_reflectivity_buffer,severe_obs,2.0,52.0,56.31621902465821,percentile,257,57,164,177,0.5921658986175116,0.18152866242038215,0.5234215885947047,0.2949472831987046
by_radar,KCRI,max_reflectivity_buffer,severe_obs,2.0,53.0,56.4439990234375,percentile,253,55,166,181,0.5829493087557603,0.17857142857142858,0.5173824130879345,0.2930771130399788
by_radar,KCRI,max_reflectivity_buffer,severe_obs,2.0,54.0,56.535532836914065,percentile,248,53,168,186,0.5714285714285714,0.1760797342192691,0.5092402464065708,0.2889392569847881
by_radar,KCRI,max_reflectivity_buffer,severe_obs,2.0,55.0,56.6093448638916,percentile,242,53,168,192,0.5576036866359447,0.17966101694915254,0.49691991786447637,0.27529523336419265
by_radar,KCRI,max_reflectivity_buffer,severe_obs,2.0,56.0,56.69554718017579,percentile,237,51,170,197,0.5460829493087558,0.17708333333333334,0.488659793814433,0.27132770515776533
by_radar,KCRI,max_reflectivity_buffer,severe_obs,2.0,57.0,56.80558792114258,percentile,232,50,171,202,0.5345622119815668,0.1773049645390071,0.4793388429752066,0.26379547198087455
by_radar,KCRI,max_reflectivity_buffer,severe_obs,2.0,58.0,56.92279418945312,percentile,227,48,173,207,0.5230414746543779,0.17454545454545456,0.470954356846473,0.25995259088593015
by_radar,KCRI,max_reflectivity_buffer,severe_obs,2.0,59.0,57.08725708007813,percentile,222,47,174,212,0.511520737327189,0.17472118959107807,0.46153846153846156,0.25257629762130296
by_radar,KCRI,max_reflectivity_buffer,severe_obs,2.0,60.0,57.170624542236325,percentile,218,44,177,216,0.5023041474654378,0.16793893129770993,0.4560669456066946,0.2545871559633027
by_radar,KCRI,max_reflectivity_buffer,severe_obs,2.0,61.0,57.43339805603027,percentile,212,44,177,222,0.48847926267281105,0.171875,0.4435146443514644,0.24162756483359596
by_radar,KCRI,max_reflectivity_buffer,severe_obs,2.0,62.0,57.57255554199219,percentile,206,44,177,228,0.47465437788018433,0.176,0.4309623430962343,0.22881135832395463
by_radar,KCRI,max_reflectivity_buffer,severe_obs,2.0,63.0,57.694064407348634,percentile,200,42,179,234,0.4608294930875576,0.17355371900826447,0.42016806722689076,0.22320001375019335
by_radar,KCRI,max_reflectivity_buffer,severe_obs,2.0,64.0,57.82270263671875,percentile,195,41,180,239,0.44930875576036866,0.17372881355932204,0.4105263157894737,0.21624601499132487
by_radar,KCRI,max_reflectivity_buffer,severe_obs,2.0,65.0,58.021596527099604,percentile,192,37,184,242,0.4423963133640553,0.1615720524017467,0.40764331210191085,0.2239896727291257
by_radar,KCRI,max_reflectivity_buffer,severe_obs,2.0,66.0,58.07833892822266,percentile,186,37,184,248,0.42857142857142855,0.16591928251121077,0.39490445859872614,0.2115799654518501
by_radar,KCRI,max_reflectivity_buffer,severe_obs,2.0,67.0,58.16713317871094,percentile,180,36,185,254,0.4147465437788018,0.16666666666666666,0.3829787234042553,0.20276838102592945
by_radar,KCRI,max_reflectivity_buffer,severe_obs,2.0,68.0,58.315018310546876,percentile,176,34,187,258,0.4055299539170507,0.1619047619047619,0.37606837606837606,0.2015529765383652
by_radar,KCRI,max_reflectivity_buffer,severe_obs,2.0,69.0,58.51874000549316,percentile,171,32,189,263,0.39400921658986177,0.15763546798029557,0.3669527896995708,0.1983396326613589
by_radar,KCRI,max_reflectivity_buffer,severe_obs,2.0,70.0,58.62190704345703,percentile,166,31,190,268,0.3824884792626728,0.15736040609137056,0.35698924731182796,0.19175515560709672
by_radar,KCRI,max_reflectivity_buffer,severe_obs,2.0,71.0,58.66389640808105,percentile,161,29,192,273,0.3709677419354839,0.15263157894736842,0.34773218142548595,0.18863822805578342
by_radar,KCRI,max_reflectivity_buffer,severe_obs,2.0,72.0,58.72079803466797,percentile,158,26,195,276,0.3640552995391705,0.14130434782608695,0.34347826086956523,0.19286920898652674
by_radar,KCRI,max_reflectivity_buffer,severe_obs,2.0,73.0,58.86850738525391,percentile,153,25,196,281,0.35253456221198154,0.1404494382022472,0.3333333333333333,0.1864212765266525
by_radar,KCRI,max_reflectivity_buffer,severe_obs,2.0,74.0,58.95503524780273,percentile,148,23,198,286,0.34101382488479265,0.13450292397660818,0.3238512035010941,0.18338733170060562
by_radar,KCRI,max_reflectivity_buffer,severe_obs,2.0,75.0,59.02931213378906,percentile,143,21,200,291,0.3294930875576037,0.12804878048780488,0.3142857142857143,0.1803896718510616
by_radar,KCRI,max_reflectivity_buffer,severe_obs,2.0,76.0,59.16782852172852,percentile,136,21,200,298,0.31336405529953915,0.1337579617834395,0.2989010989010989,0.16698228673717952
by_radar,KCRI,max_reflectivity_buffer,severe_obs,2.0,77.0,59.23750305175781,percentile,131,21,200,303,0.30184331797235026,0.13815789473684212,0.2879120879120879,0.15750275909708053
by_radar,KCRI,max_reflectivity_buffer,severe_obs,2.0,78.0,59.31627136230469,percentile,124,20,201,310,0.2857142857142857,0.1388888888888889,0.27312775330396477,0.14766677970646455
by_radar,KCRI,max_reflectivity_buffer,severe_obs,2.0,79.0,59.42974716186524,percentile,121,17,204,313,0.27880184331797236,0.12318840579710146,0.2682926829268293,0.15194055148385882
by_radar,KCRI,max_reflectivity_buffer,severe_obs,2.0,80.0,59.503177642822266,percentile,117,15,206,317,0.2695852534562212,0.11363636363636363,0.26057906458797325,0.15105756693239222
by_radar,KCRI,max_reflectivity_buffer,severe_obs,2.0,81.0,59.59833839416504,percentile,110,15,206,324,0.2534562211981567,0.12,0.24498886414253898,0.1381746201168274
by_radar,KCRI,max_reflectivity_buffer,severe_obs,2.0,82.0,59.854723815917964,percentile,104,14,207,330,0.23963133640552994,0.11864406779661017,0.23214285714285715,0.1304951839960484
by_radar,KCRI,max_reflectivity_buffer,severe_obs,2.0,83.0,59.920382766723634,percentile,98,14,207,336,0.22580645161290322,0.125,0.21875,0.11967098543089082
by_radar,KCRI,max_reflectivity_buffer,severe_obs,2.0,84.0,60.10305084228516,percentile,93,12,209,341,0.21428571428571427,0.11428571428571428,0.2085201793721973,0.11717989347282412
by_radar,KCRI,max_reflectivity_buffer,severe_obs,2.0,85.0,60.258250045776364,percentile,90,9,212,344,0.2073732718894009,0.09090909090909091,0.20316027088036118,0.12146681206612889
by_radar,KCRI,max_reflectivity_buffer,severe_obs,2.0,86.0,60.5301628112793,percentile,87,7,214,347,0.20046082949308755,0.07446808510638298,0.19727891156462585,0.1225288365474857
by_radar,KCRI,max_reflectivity_buffer,severe_obs,2.0,87.0,60.67562294006348,percentile,80,6,215,354,0.18433179723502305,0.06976744186046512,0.18181818181818182,0.11337384189628204
by_radar,KCRI,max_reflectivity_buffer,severe_obs,2.0,88.0,60.93372207641602,percentile,74,5,216,360,0.17050691244239632,0.06329113924050633,0.16856492027334852,0.10607120021836429
by_radar,KCRI,max_reflectivity_buffer,severe_obs,2.0,89.0,61.168466873168946,percentile,68,4,217,366,0.15668202764976957,0.05555555555555555,0.1552511415525114,0.09884953185539946
by_radar,KCRI,max_reflectivity_buffer,severe_obs,2.0,90.0,61.30632934570312,percentile,62,4,217,372,0.14285714285714285,0.06060606060606061,0.1415525114155251,0.08856749515195476
by_radar,KCRI,max_reflectivity_buffer,severe_obs,2.0,91.0,61.45148178100586,percentile,55,4,217,379,0.12672811059907835,0.06779661016949153,0.12557077625570776,0.07669403723919133
by_radar,KCRI,max_reflectivity_buffer,severe_obs,2.0,92.0,61.78598098754883,percentile,49,4,217,385,0.11290322580645161,0.07547169811320754,0.11187214611872145,0.06662002117363479
by_radar,KCRI,max_reflectivity_buffer,severe_obs,2.0,93.0,61.91500854492188,percentile,44,3,218,390,0.10138248847926268,0.06382978723404255,0.10068649885583524,0.061416398367966044
by_radar,KCRI,max_reflectivity_buffer,severe_obs,2.0,94.0,62.24002227783203,percentile,38,2,219,396,0.08755760368663594,0.05,0.0871559633027523,0.05461468721668178
by_radar,KCRI,max_reflectivity_buffer,severe_obs,2.0,95.0,62.37723808288573,percentile,31,2,219,403,0.07142857142857142,0.06060606060606061,0.07110091743119266,0.04316100432475716
by_radar,KCRI,max_reflectivity_buffer,severe_obs,2.0,96.0,62.7373764038086,percentile,25,2,219,409,0.0576036866359447,0.07407407407407407,0.05733944954128441,0.03344116559372969
by_radar,KCRI,max_reflectivity_buffer,severe_obs,2.0,97.0,63.291480712890625,percentile,19,1,220,415,0.04377880184331797,0.05,0.04367816091954023,0.02689189671797436
by_radar,KCRI,max_reflectivity_buffer,severe_obs,2.0,98.0,64.02072875976562,percentile,13,1,220,421,0.029953917050691243,0.07142857142857142,0.029885057471264367,0.017341656949461052
by_radar,KCRI,max_reflectivity_buffer,severe_obs,2.0,99.0,64.8458584594727,percentile,6,1,220,428,0.013824884792626729,0.14285714285714285,0.013793103448275862,0.006308813596483473
by_radar,KCRI,max_reflectivity_buffer,severe_obs,2.0,100.0,67.3777847290039,percentile,2,0,221,432,0.004608294930875576,0.0,0.004608294930875576,0.0031143867758346134
by_radar,KCRI,max_reflectivity_buffer,sig_severe_obs,2.0,0.0,40.15790939331055,percentile,110,545,0,0,1.0,0.8320610687022901,0.16793893129770993,0.0
by_radar,KCRI,max_reflectivity_buffer,sig_severe_obs,2.0,1.0,41.47450595855713,percentile,110,538,7,0,1.0,0.8302469135802469,0.1697530864197531,0.004351142881360721
by_radar,KCRI,max_reflectivity_buffer,sig_severe_obs,2.0,2.0,42.56334579467774,percentile,109,532,13,1,0.990909090909091,0.8299531981279251,0.16978193146417445,0.005044387762372287
by_radar,KCRI,max_reflectivity_buffer,sig_severe_obs,2.0,3.0,45.0382462310791,percentile,109,526,19,1,0.990909090909091,0.8283464566929134,0.17138364779874213,0.008872299188859378
by_radar,KCRI,max_reflectivity_buffer,sig_severe_obs,2.0,4.0,45.573690795898436,percentile,108,520,25,2,0.9818181818181818,0.8280254777070064,0.17142857142857143,0.009616777220983112
by_radar,KCRI,max_reflectivity_buffer,sig_severe_obs,2.0,5.0,46.23738822937012,percentile,107,515,30,3,0.9727272727272728,0.8279742765273312,0.1712,0.009719222462203024
by_radar,KCRI,max_reflectivity_buffer,sig_severe_obs,2.0,6.0,47.04178024291992,percentile,106,509,36,4,0.9636363636363636,0.8276422764227642,0.17124394184168013,0.010483692851358315
by_radar,KCRI,max_reflectivity_buffer,sig_severe_obs,2.0,7.0,47.97952606201172,percentile,104,505,40,6,0.9454545454545454,0.8292282430213465,0.16910569105691056,0.0067069280192304835
by_radar,KCRI,max_reflectivity_buffer,sig_severe_obs,2.0,8.0,48.49113525390625,percentile,104,498,47,6,0.9454545454545454,0.8272425249169435,0.17105263157894737,0.011379971250598945
by_radar,KCRI,max_reflectivity_buffer,sig_severe_obs,2.0,9.0,48.87082935333252,percentile,104,492,53,6,0.9454545454545454,0.825503355704698,0.17275747508305647,0.015453804593884882
by_radar,KCRI,max_reflectivity_buffer,sig_severe_obs,2.0,10.0,49.228920745849614,percentile,104,485,60,6,0.9454545454545454,0.8234295415959253,0.17478991596638654,0.020288486436263384
by_radar,KCRI,max_reflectivity_buffer,sig_severe_obs,2.0,11.0,49.5004190826416,percentile,104,479,66,6,0.9454545454545454,0.8216123499142367,0.1765704584040747,0.024504460241666793
by_radar,KCRI,max_reflectivity_buffer,sig_severe_obs,2.0,12.0,49.812553100585944,percentile,103,473,72,7,0.9363636363636364,0.8211805555555556,0.17667238421955403,0.025448684169740554
by_radar,KCRI,max_reflectivity_buffer,sig_severe_obs,2.0,13.0,50.10825035095215,percentile,103,466,79,7,0.9363636363636364,0.8189806678383128,0.17881944444444445,0.030510224836887645
by_radar,KCRI,max_reflectivity_buffer,sig_severe_obs,2.0,14.0,50.5773388671875,percentile,103,460,85,7,0.9363636363636364,0.8170515097690941,0.18070175438596492,0.034926093609502926
by_radar,KCRI,max_reflectivity_buffer,sig_severe_obs,2.0,15.0,50.807579421997076,percentile,103,453,92,7,0.9363636363636364,0.814748201438849,0.18294849023090587,0.040170749577904494
by_radar,KCRI,max_reflectivity_buffer,sig_severe_obs,2.0,16.0,51.01112442016601,percentile,102,448,97,8,0.9272727272727272,0.8145454545454546,0.1827956989247312,0.04053967234179248
by_radar,KCRI,max_reflectivity_buffer,sig_severe_obs,2.0,17.0,51.24156173706055,percentile,102,441,104,8,0.9272727272727272,0.8121546961325967,0.1851179673321234,0.04593599454996675
by_radar,KCRI,max_reflectivity_buffer,sig_severe_obs,2.0,18.0,51.47786148071289,percentile,102,435,110,8,0.9272727272727272,0.8100558659217877,0.1871559633027523,0.05064699242585352
by_radar,KCRI,max_reflectivity_buffer,sig_severe_obs,2.0,19.0,51.59743858337402,percentile,102,428,117,8,0.9272727272727272,0.8075471698113208,0.1895910780669145,0.05624586913417052
by_radar,KCRI,max_reflectivity_buffer,sig_severe_obs,2.0,20.0,51.908016204833984,percentile,102,423,122,8,0.9272727272727272,0.8057142857142857,0.19136960600375236,0.06031455438129317
by_radar,KCRI,max_reflectivity_buffer,sig_severe_obs,2.0,21.0,52.08168029785156,percentile,102,416,129,8,0.9272727272727272,0.803088803088803,0.19391634980988592,0.06611070011433183
by_radar,KCRI,max_reflectivity_buffer,sig_severe_obs,2.0,22.0,52.35584030151367,percentile,102,409,136,8,0.9272727272727272,0.8003913894324853,0.19653179190751446,0.07202677221533287
by_radar,KCRI,max_reflectivity_buffer,sig_severe_obs,2.0,23.0,52.5,percentile,102,404,141,8,0.9272727272727272,0.7984189723320159,0.19844357976653695,0.07632803943044907
by_radar,KCRI,max_reflectivity_buffer,sig_severe_obs,2.0,24.0,52.59482345581055,percentile,102,396,149,8,0.9272727272727272,0.7951807228915663,0.2015810276679842,0.0833448801441042
by_radar,KCRI,max_reflectivity_buffer,sig_severe_obs,2.0,25.0,52.80562973022461,percentile,101,390,155,9,0.9181818181818182,0.7942973523421588,0.202,0.08503859821100355
by_radar,KCRI,max_reflectivity_buffer,sig_severe_obs,2.0,26.0,52.89380294799805,percentile,101,383,162,9,0.9181818181818182,0.7913223140495868,0.20486815415821502,0.09140450829824127
by_radar,KCRI,max_reflectivity_buffer,sig_severe_obs,2.0,27.0,53.05825843811035,percentile,101,377,168,9,0.9181818181818182,0.7887029288702929,0.20739219712525667,0.09697121222944496
by_radar,KCRI,max_reflectivity_buffer,sig_severe_obs,2.0,28.0,53.26832107543945,percentile,101,370,175,9,0.9181818181818182,0.7855626326963907,0.21041666666666667,0.10359831729467203
by_radar,KCRI,max_reflectivity_buffer,sig_severe_obs,2.0,29.0,53.33669464111328,percentile,101,364,181,9,0.9181818181818182,0.7827956989247312,0.21308016877637131,0.1093957896655427
by_radar,KCRI,max_reflectivity_buffer,sig_severe_obs,2.0,30.0,53.40351333618164,percentile,100,358,187,10,0.9090909090909091,0.7816593886462883,0.21367521367521367,0.11147154231790032
by_radar,KCRI,max_reflectivity_buffer,sig_severe_obs,2.0,31.0,53.6052791595459,percentile,99,353,192,11,0.9,0.7809734513274337,0.21382289416846653,0.11259165519038225
by_radar,KCRI,max_reflectivity_buffer,sig_severe_obs,2.0,32.0,53.686743621826174,percentile,98,347,198,12,0.8909090909090909,0.7797752808988764,0.21444201312910285,0.11474823529411765
by_radar,KCRI,max_reflectivity_buffer,sig_severe_obs,2.0,33.0,53.815014877319335,percentile,98,341,204,12,0.8909090909090909,0.7767653758542141,0.21729490022172948,0.12090565176891052
by_radar,KCRI,max_reflectivity_buffer,sig_severe_obs,2.0,34.0,54.00520111083984,percentile,98,334,211,12,0.8909090909090909,0.7731481481481481,0.22072072072072071,0.12824556679616878
by_radar,KCRI,max_reflectivity_buffer,sig_severe_obs,2.0,35.0,54.09140396118164,percentile,97,331,214,13,0.8818181818181818,0.7733644859813084,0.2199546485260771,0.1274445261975758
by_radar,KCRI,max_reflectivity_buffer,sig_severe_obs,2.0,36.0,54.25306465148926,percentile,94,325,220,16,0.8545454545454545,0.7756563245823389,0.2160919540229885,0.12173878851031202
by_radar,KCRI,max_reflectivity_buffer,sig_severe_obs,2.0,37.0,54.36810783386231,percentile,93,320,225,17,0.8454545454545455,0.774818401937046,0.21627906976744185,0.12304086132575832
by_radar,KCRI,max_reflectivity_buffer,sig_severe_obs,2.0,38.0,54.56361831665039,percentile,91,315,230,19,0.8272727272727273,0.7758620689655172,0.21411764705882352,0.12020429502131424
by_radar,KCRI,max_reflectivity_buffer,sig_severe_obs,2.0,39.0,54.687058563232426,percentile,91,308,237,19,0.8272727272727273,0.7719298245614035,0.21770334928229665,0.1279644972823321
by_radar,KCRI,max_reflectivity_buffer,sig_severe_obs,2.0,40.0,54.86483154296875,percentile,91,302,243,19,0.8272727272727273,0.7684478371501272,0.220873786407767,0.1347708894878706
by_radar,KCRI,max_reflectivity_buffer,sig_severe_obs,2.0,41.0,55.01900993347168,percentile,91,295,250,19,0.8272727272727273,0.7642487046632125,0.22469135802469137,0.14289881646941158
by_radar,KCRI,max_reflectivity_buffer,sig_severe_obs,2.0,42.0,55.22272109985352,percentile,88,293,252,22,0.8,0.7690288713910761,0.21836228287841192,0.13230439262358853
by_radar,KCRI,max_reflectivity_buffer,sig_severe_obs,2.0,43.0,55.36105987548828,percentile,87,286,259,23,0.7909090909090909,0.7667560321715817,0.2196969696969697,0.13619000874927978
by_radar,KCRI,max_reflectivity_buffer,sig_severe_obs,2.0,44.0,55.459298095703126,percentile,86,281,264,24,0.7818181818181819,0.7656675749318801,0.21994884910485935,0.13776732342087658
by_radar,KCRI,max_reflectivity_buffer,sig_severe_obs,2.0,45.0,55.58847999572754,percentile,86,274,271,24,0.7818181818181819,0.7611111111111111,0.22395833333333334,0.14633719658867264
by_radar,KCRI,max_reflectivity_buffer,sig_severe_obs,2.0,46.0,55.706404571533206,percentile,85,269,276,25,0.7727272727272727,0.7598870056497176,0.22427440633245382,0.14807113785170767
by_radar,KCRI,max_reflectivity_buffer,sig_severe_obs,2.0,47.0,55.76290878295899,percentile,83,264,281,27,0.7545454545454545,0.760806916426513,0.22192513368983957,0.14524989349536985
by_radar,KCRI,max_reflectivity_buffer,sig_severe_obs,2.0,48.0,55.90331359863281,percentile,80,261,284,30,0.7272727272727273,0.7653958944281525,0.215633423180593,0.1351271638269392
by_radar,KCRI,max_reflectivity_buffer,sig_severe_obs,2.0,49.0,55.988370971679686,percentile,78,256,289,32,0.7090909090909091,0.7664670658682635,0.21311475409836064,0.13205116407472164
by_radar,KCRI,max_reflectivity_buffer,sig_severe_obs,2.0,50.0,56.09927368164063,percentile,78,252,293,32,0.7090909090909091,0.7636363636363637,0.2154696132596685,0.13719851576994435
by_radar,KCRI,max_reflectivity_buffer,sig_severe_obs,2.0,51.0,56.23176826477051,percentile,77,244,301,33,0.7,0.7601246105919003,0.2175141242937853,0.14290100857406052
by_radar,KCRI,max_reflectivity_buffer,sig_severe_obs,2.0,52.0,56.31621902465821,percentile,75,239,306,35,0.6818181818181818,0.7611464968152867,0.2148997134670487,0.13981019938650308
by_radar,KCRI,max_reflectivity_buffer,sig_severe_obs,2.0,53.0,56.4439990234375,percentile,73,235,310,37,0.6636363636363637,0.762987012987013,0.21159420289855072,0.13527156239382615
by_radar,KCRI,max_reflectivity_buffer,sig_severe_obs,2.0,54.0,56.535532836914065,percentile,72,229,316,38,0.6545454545454545,0.760797342192691,0.21238938053097345,0.13843387442421853
by_radar,KCRI,max_reflectivity_buffer,sig_severe_obs,2.0,55.0,56.6093448638916,percentile,69,226,319,41,0.6272727272727273,0.7661016949152543,0.20535714285714285,0.12721147847785402
by_radar,KCRI,max_reflectivity_buffer,sig_severe_obs,2.0,56.0,56.69554718017579,percentile,68,220,325,42,0.6181818181818182,0.7638888888888888,0.20606060606060606,0.1303400395276947
by_radar,KCRI,max_reflectivity_buffer,sig_severe_obs,2.0,57.0,56.80558792114258,percentile,68,214,331,42,0.6181818181818182,0.7588652482269503,0.20987654320987653,0.1388660640920296
by_radar,KCRI,max_reflectivity_buffer,sig_severe_obs,2.0,58.0,56.92279418945312,percentile,67,208,337,43,0.6090909090909091,0.7563636363636363,0.21069182389937108,0.14227207512716838
by_radar,KCRI,max_reflectivity_buffer,sig_severe_obs,2.0,59.0,57.08725708007813,percentile,65,204,341,45,0.5909090909090909,0.758364312267658,0.2070063694267516,0.13736016713828578
by_radar,KCRI,max_reflectivity_buffer,sig_severe_obs,2.0,60.0,57.170624542236325,percentile,64,198,347,46,0.5818181818181818,0.7557251908396947,0.2077922077922078,0.14084507042253522
by_radar,KCRI,max_reflectivity_buffer,sig_severe_obs,2.0,61.0,57.43339805603027,percentile,63,193,352,47,0.5727272727272728,0.75390625,0.2079207920792079,0.14290387656071096
by_radar,KCRI,max_reflectivity_buffer,sig_severe_obs,2.0,62.0,57.57255554199219,percentile,63,187,358,47,0.5727272727272728,0.748,0.21212121212121213,0.15226769911504426
by_radar,KCRI,max_reflectivity_buffer,sig_severe_obs,2.0,63.0,57.694064407348634,percentile,61,181,364,49,0.5545454545454546,0.7479338842975206,0.20962199312714777,0.1504060455673359
by_radar,KCRI,max_reflectivity_buffer,sig_severe_obs,2.0,64.0,57.82270263671875,percentile,60,176,369,50,0.5454545454545454,0.7457627118644068,0.2097902097902098,0.15271020548337244
by_radar,KCRI,max_reflectivity_buffer,sig_severe_obs,2.0,65.0,58.021596527099604,percentile,60,169,376,50,0.5454545454545454,0.7379912663755459,0.21505376344086022,0.1643899455334518
by_radar,KCRI,max_reflectivity_buffer,sig_severe_obs,2.0,66.0,58.07833892822266,percentile,57,166,379,53,0.5181818181818182,0.7443946188340808,0.20652173913043478,0.1514891603324362
by_radar,KCRI,max_reflectivity_buffer,sig_severe_obs,2.0,67.0,58.16713317871094,percentile,56,160,385,54,0.509090909090909,0.7407407407407407,0.2074074074074074,0.1556532738991627
by_radar,KCRI,max_reflectivity_buffer,sig_severe_obs,2.0,68.0,58.315018310546876,percentile,56,154,391,54,0.509090909090909,0.7333333333333333,0.21212121212121213,0.16621787025703794
by_radar,KCRI,max_reflectivity_buffer,sig_severe_obs,2.0,69.0,58.51874000549316,percentile,55,148,397,55,0.5,0.729064039408867,0.2131782945736434,0.17080851859935767
by_radar,KCRI,max_reflectivity_buffer,sig_severe_obs,2.0,70.0,58.62190704345703,percentile,54,143,402,56,0.4909090909090909,0.7258883248730964,0.2134387351778656,0.17369805699071286
by_radar,KCRI,max_reflectivity_buffer,sig_severe_obs,2.0,71.0,58.66389640808105,percentile,53,137,408,57,0.4818181818181818,0.7210526315789474,0.2145748987854251,0.1786037491919845
by_radar,KCRI,max_reflectivity_buffer,sig_severe_obs,2.0,72.0,58.72079803466797,percentile,51,133,412,59,0.4636363636363636,0.7228260869565217,0.20987654320987653,0.17312117824972056
by_radar,KCRI,max_reflectivity_buffer,sig_severe_obs,2.0,73.0,58.86850738525391,percentile,50,128,417,60,0.45454545454545453,0.7191011235955056,0.21008403361344538,0.1762108643296762
by_radar,KCRI,max_reflectivity_buffer,sig_severe_obs,2.0,74.0,58.95503524780273,percentile,48,123,422,62,0.43636363636363634,0.7192982456140351,0.20600858369098712,0.17249974391368184
by_radar,KCRI,max_reflectivity_buffer,sig_severe_obs,2.0,75.0,59.02931213378906,percentile,47,117,428,63,0.42727272727272725,0.7134146341463414,0.20704845814977973,0.1777669293535114
by_radar,KCRI,max_reflectivity_buffer,sig_severe_obs,2.0,76.0,59.16782852172852,percentile,46,111,434,64,0.41818181818181815,0.7070063694267515,0.2081447963800905,0.18326267412447897
by_radar,KCRI,max_reflectivity_buffer,sig_severe_obs,2.0,77.0,59.23750305175781,percentile,43,109,436,67,0.39090909090909093,0.7171052631578947,0.1963470319634703,0.16566548454802055
by_radar,KCRI,max_reflectivity_buffer,sig_severe_obs,2.0,78.0,59.31627136230469,percentile,42,102,443,68,0.38181818181818183,0.7083333333333334,0.19811320754716982,0.1732868067414062
by_radar,KCRI,max_reflectivity_buffer,sig_severe_obs,2.0,79.0,59.42974716186524,percentile,40,98,447,70,0.36363636363636365,0.7101449275362319,0.19230769230769232,0.16686856450635978
by_radar,KCRI,max_reflectivity_buffer,sig_severe_obs,2.0,80.0,59.503177642822266,percentile,40,92,453,70,0.36363636363636365,0.696969696969697,0.19801980198019803,0.18042789835483122
by_radar,KCRI,max_reflectivity_buffer,sig_severe_obs,2.0,81.0,59.59833839416504,percentile,38,87,458,72,0.34545454545454546,0.696,0.19289340101522842,0.17623096697646826
by_radar,KCRI,max_reflectivity_buffer,sig_severe_obs,2.0,82.0,59.854723815917964,percentile,38,80,465,72,0.34545454545454546,0.6779661016949152,0.2,0.19306208461663155
by_radar,KCRI,max_reflectivity_buffer,sig_severe_obs,2.0,83.0,59.920382766723634,percentile,35,77,468,75,0.3181818181818182,0.6875,0.18716577540106952,0.17562308520327896
by_radar,KCRI,max_reflectivity_buffer,sig_severe_obs,2.0,84.0,60.10305084228516,percentile,33,72,473,77,0.3,0.6857142857142857,0.1813186813186813,0.1709917179868337
by_radar,KCRI,max_reflectivity_buffer,sig_severe_obs,2.0,85.0,60.258250045776364,percentile,32,67,478,78,0.2909090909090909,0.6767676767676768,0.1807909604519774,0.17495547930330538
by_radar,KCRI,max_reflectivity_buffer,sig_severe_obs,2.0,86.0,60.5301628112793,percentile,32,62,483,78,0.2909090909090909,0.6595744680851063,0.18604651162790697,0.1880644590047813
by_radar,KCRI,max_reflectivity_buffer,sig_severe_obs,2.0,87.0,60.67562294006348,percentile,31,55,490,79,0.2818181818181818,0.6395348837209303,0.18787878787878787,0.1981545770144345
by_radar,KCRI,max_reflectivity_buffer,sig_severe_obs,2.0,88.0,60.93372207641602,percentile,30,49,496,80,0.2727272727272727,0.620253164556962,0.18867924528301888,0.20598599821453742
by_radar,KCRI,max_reflectivity_buffer,sig_severe_obs,2.0,89.0,61.168466873168946,percentile,27,45,500,83,0.24545454545454545,0.625,0.17419354838709677,0.18893295927251622
by_radar,KCRI,max_reflectivity_buffer,sig_severe_obs,2.0,90.0,61.30632934570312,percentile,27,39,506,83,0.24545454545454545,0.5909090909090909,0.18120805369127516,0.20692735212385868
by_radar,KCRI,max_reflectivity_buffer,sig_severe_obs,2.0,91.0,61.45148178100586,percentile,27,32,513,83,0.24545454545454545,0.5423728813559322,0.19014084507042253,0.22913575193163793
by_radar,KCRI,max_reflectivity_buffer,sig_severe_obs,2.0,92.0,61.78598098754883,percentile,26,27,518,84,0.23636363636363636,0.5094339622641509,0.1897810218978102,0.2355291519899059
by_radar,KCRI,max_reflectivity_buffer,sig_severe_obs,2.0,93.0,61.91500854492188,percentile,23,24,521,87,0.20909090909090908,0.5106382978723404,0.17164179104477612,0.21395751121682252
by_radar,KCRI,max_reflectivity_buffer,sig_severe_obs,2.0,94.0,62.24002227783203,percentile,21,19,526,89,0.19090909090909092,0.475,0.16279069767441862,0.20916713247624372
by_radar,KCRI,max_reflectivity_buffer,sig_severe_obs,2.0,95.0,62.37723808288573,percentile,19,14,531,91,0.17272727272727273,0.42424242424242425,0.1532258064516129,0.20403911810659106
by_radar,KCRI,max_reflectivity_buffer,sig_severe_obs,2.0,96.0,62.7373764038086,percentile,16,11,534,94,0.14545454545454545,0.4074074074074074,0.1322314049586777,0.17924697177635898
by_radar,KCRI,max_reflectivity_buffer,sig_severe_obs,2.0,97.0,63.291480712890625,percentile,13,7,538,97,0.11818181818181818,0.35,0.1111111111111111,0.15640866873065015
by_radar,KCRI,max_reflectivity_buffer,sig_severe_obs,2.0,98.0,64.02072875976562,percentile,11,3,542,99,0.1,0.21428571428571427,0.09734513274336283,0.14499616073713847
by_radar,KCRI,max_reflectivity_buffer,sig_severe_obs,2.0,99.0,64.8458584594727,percentile,6,1,544,104,0.05454545454545454,0.14285714285714285,0.05405405405405406,0.08416006391903588
by_radar,KCRI,max_reflectivity_buffer,sig_severe_obs,2.0,100.0,67.3777847290039,percentile,2,0,545,108,0.01818181818181818,0.0,0.01818181818181818,0.029895776193088315
by_radar,KCRI,max_hdr_size_buffer,severe_obs,2.0,0.0,0.9113588929176332,percentile,433,219,0,0,1.0,0.33588957055214724,0.6641104294478528,0.0
by_radar,KCRI,max_hdr_size_buffer,severe_obs,2.0,1.0,9.095674166679384,percentile,429,216,3,4,0.9907621247113164,0.33488372093023255,0.6610169491525424,0.005863354726030246
by_radar,KCRI,max_hdr_size_buffer,severe_obs,2.0,2.0,10.588838100433348,percentile,425,213,6,8,0.9815242494226328,0.3338557993730408,0.6578947368421053,0.0116062119299786
by_radar,KCRI,max_hdr_size_buffer,severe_obs,2.0,3.0,11.104519186019898,percentile,424,208,11,9,0.9792147806004619,0.3291139240506329,0.6614664586583463,0.03796883074496151
by_radar,KCRI,max_hdr_size_buffer,severe_obs,2.0,4.0,11.355937576293945,percentile,421,204,15,12,0.9722863741339491,0.3264,0.6609105180533752,0.0520576713379912
by_radar,KCRI,max_hdr_size_buffer,severe_obs,2.0,5.0,11.534002900123596,percentile,417,202,17,16,0.9630484988452656,0.3263327948303716,0.6566929133858268,0.051478144811478145
by_radar,KCRI,max_hdr_size_buffer,severe_obs,2.0,6.0,11.778492565155029,percentile,415,197,22,18,0.9584295612009238,0.32189542483660133,0.6587301587301587,0.07379020535454714
by_radar,KCRI,max_hdr_size_buffer,severe_obs,2.0,7.0,11.908400897979737,percentile,413,193,26,20,0.953810623556582,0.3184818481848185,0.6597444089456869,0.09012526861994863
by_radar,KCRI,max_hdr_size_buffer,severe_obs,2.0,8.0,12.068759155273437,percentile,410,189,30,23,0.9468822170900693,0.31552587646076796,0.6591639871382636,0.10319859858560955
by_radar,KCRI,max_hdr_size_buffer,severe_obs,2.0,9.0,12.24981861114502,percentile,408,185,34,25,0.9422632794457275,0.31197301854974707,0.6601941747572816,0.11899828844248266
by_radar,KCRI,max_hdr_size_buffer,severe_obs,2.0,10.0,12.573572969436645,percentile,408,178,41,25,0.9422632794457275,0.3037542662116041,0.6677577741407529,0.15649536045681656
by_radar,KCRI,max_hdr_size_buffer,severe_obs,2.0,11.0,12.811238451004028,percentile,407,173,46,26,0.9399538106235565,0.2982758620689655,0.6716171617161716,0.17982755569040937
by_radar,KCRI,max_hdr_size_buffer,severe_obs,2.0,12.0,13.089282684326172,percentile,404,169,50,29,0.9330254041570438,0.2949389179755672,0.6710963455149501,0.19160394254010796
by_radar,KCRI,max_hdr_size_buffer,severe_obs,2.0,13.0,13.159478511810304,percentile,404,163,56,29,0.9330254041570438,0.2874779541446208,0.6778523489932886,0.22235336505609463
by_radar,KCRI,max_hdr_size_buffer,severe_obs,2.0,14.0,13.483314771652221,percentile,402,158,61,31,0.9284064665127021,0.28214285714285714,0.6802030456852792,0.24156183067037593
by_radar,KCRI,max_hdr_size_buffer,severe_obs,2.0,15.0,13.533711719512938,percentile,400,154,65,33,0.9237875288683602,0.2779783393501805,0.6814310051107325,0.2554714215925745
by_radar,KCRI,max_hdr_size_buffer,severe_obs,2.0,16.0,13.790637969970703,percentile,398,150,69,35,0.9191685912240185,0.2737226277372263,0.6826758147512865,0.2691645864133201
by_radar,KCRI,max_hdr_size_buffer,severe_obs,2.0,17.0,14.079353542327881,percentile,395,146,73,38,0.9122401847575058,0.2698706099815157,0.6822107081174439,0.2796531805790731
by_radar,KCRI,max_hdr_size_buffer,severe_obs,2.0,18.0,14.483816614151001,percentile,389,145,74,44,0.8983833718244804,0.27153558052434457,0.6730103806228374,0.26667460128540826
by_radar,KCRI,max_hdr_size_buffer,severe_obs,2.0,19.0,14.636170101165773,percentile,386,142,77,47,0.8914549653579676,0.2689393939393939,0.671304347826087,0.27223547754600647
by_radar,KCRI,max_hdr_size_buffer,severe_obs,2.0,20.0,14.779376220703126,percentile,384,137,82,49,0.8868360277136259,0.2629558541266795,0.6736842105263158,0.2900680240250085
by_radar,KCRI,max_hdr_size_buffer,severe_obs,2.0,21.0,15.01023829460144,percentile,383,132,87,50,0.8845265588914549,0.2563106796116505,0.6778761061946903,0.31051793662045485
by_radar,KCRI,max_hdr_size_buffer,severe_obs,2.0,22.0,15.133872032165527,percentile,381,128,91,52,0.8799076212471132,0.25147347740667975,0.679144385026738,0.3231443566526328
by_radar,KCRI,max_hdr_size_buffer,severe_obs,2.0,23.0,15.28369568824768,percentile,380,122,97,53,0.8775981524249422,0.24302788844621515,0.6846846846846847,0.3475824527697727
by_radar,KCRI,max_hdr_size_buffer,severe_obs,2.0,24.0,15.508700523376463,percentile,375,120,99,58,0.8660508083140878,0.24242424242424243,0.6781193490054249,0.34203394827253863
by_radar,KCRI,max_hdr_size_buffer,severe_obs,2.0,25.0,15.73994827270508,percentile,373,116,103,60,0.8614318706697459,0.23721881390593047,0.6794171220400729,0.3541284403669725
by_radar,KCRI,max_hdr_size_buffer,severe_obs,2.0,26.0,15.898683853149414,percentile,370,112,107,63,0.8545034642032333,0.23236514522821577,0.6788990825688074,0.36316752991605644
by_radar,KCRI,max_hdr_size_buffer,severe_obs,2.0,27.0,16.094565672874452,percentile,365,111,108,68,0.8429561200923787,0.23319327731092437,0.6709558823529411,0.3532462926429189
by_radar,KCRI,max_hdr_size_buffer,severe_obs,2.0,28.0,16.415691680908203,percentile,361,108,111,72,0.8337182448036952,0.2302771855010661,0.66728280961183,0.3549876339653751
by_radar,KCRI,max_hdr_size_buffer,severe_obs,2.0,29.0,16.528771457672118,percentile,359,104,115,74,0.8290993071593533,0.22462203023758098,0.6685288640595903,0.3666240981477237
by_radar,KCRI,max_hdr_size_buffer,severe_obs,2.0,30.0,16.943190002441405,percentile,355,101,118,78,0.8198614318706697,0.22149122807017543,0.6647940074906367,0.3682307342528636
by_radar,KCRI,max_hdr_size_buffer,severe_obs,2.0,31.0,17.130221252441405,percentile,352,98,121,81,0.812933025404157,0.21777777777777776,0.6629001883239172,0.3725916050232238
by_radar,KCRI,max_hdr_size_buffer,severe_obs,2.0,32.0,17.32945541381836,percentile,349,94,125,84,0.8060046189376443,0.21218961625282168,0.6622390891840607,0.38108087929434603
by_radar,KCRI,max_hdr_size_buffer,severe_obs,2.0,33.0,17.408767700195312,percentile,347,91,128,86,0.8013856812933026,0.20776255707762556,0.6622137404580153,0.38804988758325204
by_radar,KCRI,max_hdr_size_buffer,severe_obs,2.0,34.0,17.567327117919923,percentile,341,89,130,92,0.7875288683602771,0.2069767441860465,0.6532567049808429,0.3798503384201455
by_radar,KCRI,max_hdr_size_buffer,severe_obs,2.0,35.0,17.790119171142578,percentile,338,87,132,95,0.7806004618937644,0.20470588235294118,0.65,0.3799107469456434
by_radar,KCRI,max_hdr_size_buffer,severe_obs,2.0,36.0,18.026634216308594,percentile,333,84,135,100,0.76905311778291,0.2014388489208633,0.6441005802707931,0.37865525849656617
by_radar,KCRI,max_hdr_size_buffer,severe_obs,2.0,37.0,18.156017932891846,percentile,330,81,138,103,0.7621247113163973,0.19708029197080293,0.642023346303502,0.382760004527634
by_radar,KCRI,max_hdr_size_buffer,severe_obs,2.0,38.0,18.32529035568237,percentile,326,78,141,107,0.7528868360277137,0.19306930693069307,0.6379647749510763,0.38415194526702745
by_radar,KCRI,max_hdr_size_buffer,severe_obs,2.0,39.0,18.497505016326905,percentile,322,76,143,111,0.74364896073903,0.19095477386934673,0.6326129666011788,0.38154851276224483
by_radar,KCRI,max_hdr_size_buffer,severe_obs,2.0,40.0,18.695872116088868,percentile,316,75,144,117,0.7297921478060047,0.1918158567774936,0.6220472440944882,0.36980094843990696
by_radar,KCRI,max_hdr_size_buffer,severe_obs,2.0,41.0,18.9189453125,percentile,315,71,148,118,0.7274826789838337,0.18393782383419688,0.625,0.3829714789296587
by_radar,KCRI,max_hdr_size_buffer,severe_obs,2.0,42.0,19.139546318054197,percentile,310,68,151,123,0.7159353348729792,0.17989417989417988,0.6187624750499002,0.3817419969814918
by_radar,KCRI,max_hdr_size_buffer,severe_obs,2.0,43.0,19.42130590438843,percentile,306,66,153,127,0.7066974595842956,0.1774193548387097,0.6132264529058116,0.379225289579099
by_radar,KCRI,max_hdr_size_buffer,severe_obs,2.0,44.0,19.58758563995361,percentile,301,64,155,132,0.6951501154734411,0.17534246575342466,0.6056338028169014,0.3742005621774091
by_radar,KCRI,max_hdr_size_buffer,severe_obs,2.0,45.0,19.716554641723636,percentile,297,63,156,136,0.6859122401847575,0.175,0.5987903225806451,0.36793390362244005
by_radar,KCRI,max_hdr_size_buffer,severe_obs,2.0,46.0,19.80229865074158,percentile,291,61,158,142,0.6720554272517321,0.17329545454545456,0.5890688259109311,0.36056196494482773
by_radar,KCRI,max_hdr_size_buffer,severe_obs,2.0,47.0,19.95634803771972,percentile,286,60,159,147,0.6605080831408776,0.17341040462427745,0.5801217038539553,0.3519820235077207
by_radar,KCRI,max_hdr_size_buffer,severe_obs,2.0,48.0,20.005295944213866,percentile,281,58,161,152,0.648960739030023,0.1710914454277286,0.5723014256619144,0.34728512180006677
by_radar,KCRI,max_hdr_size_buffer,severe_obs,2.0,49.0,20.07591606140137,percentile,276,57,162,157,0.6374133949191686,0.17117117117117117,0.563265306122449,0.3388990495323472
by_radar,KCRI,max_hdr_size_buffer,severe_obs,2.0,50.0,20.27142333984375,percentile,271,55,164,162,0.625866050808314,0.1687116564417178,0.555327868852459,0.3343558282208589
by_radar,KCRI,max_hdr_size_buffer,severe_obs,2.0,51.0,20.398045024871827,percentile,267,52,167,166,0.6166281755196305,0.16300940438871472,0.5505154639175258,0.3359682317215604
by_radar,KCRI,max_hdr_size_buffer,severe_obs,2.0,52.0,20.50125068664551,percentile,262,51,168,171,0.605080831408776,0.16293929712460065,0.5413223140495868,0.32781632255008497
by_radar,KCRI,max_hdr_size_buffer,severe_obs,2.0,53.0,20.667314052581787,percentile,257,49,170,176,0.5935334872979214,0.16013071895424835,0.533195020746888,0.3234393447461629
by_radar,KCRI,max_hdr_size_buffer,severe_obs,2.0,54.0,20.82925491333008,percentile,254,46,173,179,0.5866050808314087,0.15333333333333332,0.5302713987473904,0.32742210566854335
by_radar,KCRI,max_hdr_size_buffer,severe_obs,2.0,55.0,20.905108642578124,percentile,249,44,175,184,0.5750577367205543,0.15017064846416384,0.5220125786163522,0.32310326299780523
by_radar,KCRI,max_hdr_size_buffer,severe_obs,2.0,56.0,21.184385299682617,percentile,245,43,176,188,0.5658198614318707,0.14930555555555555,0.5147058823529411,0.3175218864983415
by_radar,KCRI,max_hdr_size_buffer,severe_obs,2.0,57.0,21.360272665023803,percentile,238,42,177,195,0.5496535796766744,0.15,0.5010526315789474,0.3051853450601629
by_radar,KCRI,max_hdr_size_buffer,severe_obs,2.0,58.0,21.447414779663085,percentile,235,39,180,198,0.5427251732101617,0.14233576642335766,0.4978813559322034,0.30917381974248925
by_radar,KCRI,max_hdr_size_buffer,severe_obs,2.0,59.0,21.560591087341308,percentile,228,39,180,205,0.5265588914549654,0.14606741573033707,0.4830508474576271,0.2935011413193118
by_radar,KCRI,max_hdr_size_buffer,severe_obs,2.0,60.0,21.737127304077145,percentile,223,38,181,210,0.5150115473441108,0.14559386973180077,0.4734607218683652,0.285990585617013
by_radar,KCRI,max_hdr_size_buffer,severe_obs,2.0,61.0,22.07443696975708,percentile,219,35,184,214,0.5057736720554272,0.1377952755905512,0.46794871794871795,0.2878224249868398
by_radar,KCRI,max_hdr_size_buffer,severe_obs,2.0,62.0,22.293826656341555,percentile,214,34,185,219,0.4942263279445728,0.13709677419354838,0.4582441113490364,0.2804348205405594
by_radar,KCRI,max_hdr_size_buffer,severe_obs,2.0,63.0,22.416795482635496,percentile,210,31,188,223,0.48498845265588914,0.12863070539419086,0.4525862068965517,0.2822806424491423
by_radar,KCRI,max_hdr_size_buffer,severe_obs,2.0,64.0,22.57279556274414,percentile,204,31,188,229,0.47113163972286376,0.13191489361702127,0.4396551724137931,0.2693922232853215
by_radar,KCRI,max_hdr_size_buffer,severe_obs,2.0,65.0,22.6949107170105,percentile,198,30,189,235,0.45727482678983833,0.13157894736842105,0.42764578833693306,0.2601188742912934
by_radar,KCRI,max_hdr_size_buffer,severe_obs,2.0,66.0,22.84937049865723,percentile,193,29,190,240,0.4457274826789838,0.13063063063063063,0.41774891774891776,0.2530578174508535
by_radar,KCRI,max_hdr_size_buffer,severe_obs,2.0,67.0,23.006789627075197,percentile,187,28,191,246,0.43187066974595845,0.13023255813953488,0.40563991323210413,0.24399719008404358
by_radar,KCRI,max_hdr_size_buffer,severe_obs,2.0,68.0,23.118645935058595,percentile,183,26,193,250,0.4226327944572748,0.12440191387559808,0.39869281045751637,0.242594385285576
by_radar,KCRI,max_hdr_size_buffer,severe_obs,2.0,69.0,23.347849807739255,percentile,177,25,194,256,0.40877598152424943,0.12376237623762376,0.3864628820960699,0.23370474469651342
by_radar,KCRI,max_hdr_size_buffer,severe_obs,2.0,70.0,23.584292602539062,percentile,173,23,196,260,0.3995381062355658,0.11734693877551021,0.3793859649122807,0.23237315494317143
by_radar,KCRI,max_hdr_size_buffer,severe_obs,2.0,71.0,23.775894603729252,percentile,166,23,196,267,0.3833718244803695,0.12169312169312169,0.36403508771929827,0.2182577417621036
by_radar,KCRI,max_hdr_size_buffer,severe_obs,2.0,72.0,23.94180908203125,percentile,161,22,197,272,0.371824480369515,0.12021857923497267,0.35384615384615387,0.21166010018342285
by_radar,KCRI,max_hdr_size_buffer,severe_obs,2.0,73.0,24.291076412200926,percentile,155,21,198,278,0.3579676674364896,0.11931818181818182,0.34140969162995594,0.2031620424112617
by_radar,KCRI,max_hdr_size_buffer,severe_obs,2.0,74.0,24.40148242950439,percentile,151,19,200,282,0.34872979214780603,0.11176470588235295,0.334070796460177,0.20202003773339405
by_radar,KCRI,max_hdr_size_buffer,severe_obs,2.0,75.0,24.630778789520264,percentile,144,19,200,289,0.3325635103926097,0.1165644171779141,0.3185840707964602,0.18840579710144928
by_radar,KCRI,max_hdr_size_buffer,severe_obs,2.0,76.0,24.727878875732422,percentile,139,18,201,294,0.3210161662817552,0.11464968152866242,0.3082039911308204,0.1821098593587919
by_radar,KCRI,max_hdr_size_buffer,severe_obs,2.0,77.0,24.957059326171876,percentile,132,18,201,301,0.30484988452655887,0.12,0.2926829268292683,0.1687661860152828
by_radar,KCRI,max_hdr_size_buffer,severe_obs,2.0,78.0,25.04840850830078,percentile,128,17,202,305,0.2956120092378753,0.11724137931034483,0.28444444444444444,0.16452170037327984
by_radar,KCRI,max_hdr_size_buffer,severe_obs,2.0,79.0,25.265009193420408,percentile,122,15,204,311,0.2817551963048499,0.10948905109489052,0.27232142857142855,0.1598668764179954
by_radar,KCRI,max_hdr_size_buffer,severe_obs,2.0,80.0,25.438403701782228,percentile,116,15,204,317,0.2678983833718245,0.11450381679389313,0.25892857142857145,0.14872464429255708
by_radar,KCRI,max_hdr_size_buffer,severe_obs,2.0,81.0,25.77087152481079,percentile,110,14,205,323,0.2540415704387991,0.11290322580645161,0.24608501118568232,0.14096489170380797
by_radar,KCRI,max_hdr_size_buffer,severe_obs,2.0,82.0,25.931919937133788,percentile,105,13,206,328,0.24249422632794457,0.11016949152542373,0.23542600896860988,0.13511032272119006
by_radar,KCRI,max_hdr_size_buffer,severe_obs,2.0,83.0,26.29155921936035,percentile,99,13,206,334,0.22863741339491916,0.11607142857142858,0.2219730941704036,0.12426649325715701
by_radar,KCRI,max_hdr_size_buffer,severe_obs,2.0,84.0,26.58064895629883,percentile,93,12,207,340,0.21478060046189376,0.11428571428571428,0.20898876404494382,0.11676916327363131
by_radar,KCRI,max_hdr_size_buffer,severe_obs,2.0,85.0,26.85895729064941,percentile,87,12,207,346,0.20092378752886836,0.12121212121212122,0.19550561797752808,0.10613104583923716
by_radar,KCRI,max_hdr_size_buffer,severe_obs,2.0,86.0,27.058102951049804,percentile,81,11,208,352,0.18706697459584296,0.11956521739130435,0.18243243243243243,0.09881657705956715
by_radar,KCRI,max_hdr_size_buffer,severe_obs,2.0,87.0,27.243752231597902,percentile,77,8,211,356,0.17782909930715934,0.09411764705882353,0.1746031746031746,0.10145915207135989
by_radar,KCRI,max_hdr_size_buffer,severe_obs,2.0,88.0,27.699415664672852,percentile,72,7,212,361,0.16628175519630484,0.08860759493670886,0.16363636363636364,0.09597980483026261
by_radar,KCRI,max_hdr_size_buffer,severe_obs,2.0,89.0,28.125873737335205,percentile,65,7,212,368,0.15011547344110854,0.09722222222222222,0.14772727272727273,0.08395402161044255
by_radar,KCRI,max_hdr_size_buffer,severe_obs,2.0,90.0,28.391000366210935,percentile,61,5,214,372,0.14087759815242495,0.07575757575757576,0.13926940639269406,0.08347750865051903
by_radar,KCRI,max_hdr_size_buffer,severe_obs,2.0,91.0,28.533607330322265,percentile,54,5,214,379,0.12471131639722864,0.0847457627118644,0.1232876712328767,0.07164522229226149
by_radar,KCRI,max_hdr_size_buffer,severe_obs,2.0,92.0,28.920147705078133,percentile,48,5,214,385,0.11085450346420324,0.09433962264150944,0.1095890410958904,0.06160738668654557
by_radar,KCRI,max_hdr_size_buffer,severe_obs,2.0,93.0,29.429833583831787,percentile,42,4,215,391,0.09699769053117784,0.08695652173913043,0.09610983981693363,0.05480196130244576
by_radar,KCRI,max_hdr_size_buffer,severe_obs,2.0,94.0,29.89838409423828,percentile,39,3,216,394,0.09006928406466513,0.07142857142857142,0.08944954128440367,0.05299127787859275
by_radar,KCRI,max_hdr_size_buffer,severe_obs,2.0,95.0,30.23315868377685,percentile,30,3,216,403,0.06928406466512702,0.09090909090909091,0.06880733944954129,0.03829917094756116
by_radar,KCRI,max_hdr_size_buffer,severe_obs,2.0,96.0,30.83843826293944,percentile,25,2,217,408,0.057736720554272515,0.07407407407407407,0.05747126436781609,0.0333335744093036
by_radar,KCRI,max_hdr_size_buffer,severe_obs,2.0,97.0,32.057552337646484,percentile,19,2,217,414,0.04387990762124711,0.09523809523809523,0.04367816091954023,0.02372022374038053
by_radar,KCRI,max_hdr_size_buffer,severe_obs,2.0,98.0,33.92132736206056,percentile,12,2,217,421,0.02771362586605081,0.14285714285714285,0.027586206896551724,0.012616354002577688
by_radar,KCRI,max_hdr_size_buffer,severe_obs,2.0,99.0,36.08834987640382,percentile,6,1,218,427,0.013856812933025405,0.14285714285714285,0.013824884792626729,0.006274526561687641
by_radar,KCRI,max_hdr_size_buffer,severe_obs,2.0,100.0,41.14995574951172,percentile,1,0,219,432,0.0023094688221709007,0.0,0.0023094688221709007,0.0015526298998234682
by_radar,KCRI,max_hdr_size_buffer,sig_severe_obs,2.0,0.0,0.9113588929176332,percentile,110,542,0,0,1.0,0.8312883435582822,0.1687116564417178,0.0
by_radar,KCRI,max_hdr_size_buffer,sig_severe_obs,2.0,1.0,9.095674166679384,percentile,109,536,6,1,0.990909090909091,0.8310077519379845,0.16873065015479877,0.0006735928758990753
by_radar,KCRI,max_hdr_size_buffer,sig_severe_obs,2.0,2.0,10.588838100433348,percentile,107,531,11,3,0.9727272727272728,0.8322884012539185,0.1669266770670827,-0.002395375083492641
by_radar,KCRI,max_hdr_size_buffer,sig_severe_obs,2.0,3.0,11.104519186019898,percentile,107,525,17,3,0.9727272727272728,0.8306962025316456,0.16850393700787403,0.0014155431276541433
by_radar,KCRI,max_hdr_size_buffer,sig_severe_obs,2.0,4.0,11.355937576293945,percentile,107,518,24,3,0.9727272727272728,0.8288,0.17038216560509553,0.005934683366498888
by_radar,KCRI,max_hdr_size_buffer,sig_severe_obs,2.0,5.0,11.534002900123596,percentile,107,512,30,3,0.9727272727272728,0.827140549273021,0.1720257234726688,0.009872378570923074
by_radar,KCRI,max_hdr_size_buffer,sig_severe_obs,2.0,6.0,11.778492565155029,percentile,106,506,36,4,0.9636363636363636,0.826797385620915,0.17207792207792208,0.010663366100968748
by_radar,KCRI,max_hdr_size_buffer,sig_severe_obs,2.0,7.0,11.908400897979737,percentile,105,501,41,5,0.9545454545454546,0.8267326732673267,0.1718494271685761,0.010794214301134591
by_radar,KCRI,max_hdr_size_buffer,sig_severe_obs,2.0,8.0,12.068759155273437,percentile,104,495,47,6,0.9454545454545454,0.8263772954924875,0.171900826446281,0.011607078017961318
by_radar,KCRI,max_hdr_size_buffer,sig_severe_obs,2.0,9.0,12.24981861114502,percentile,103,490,52,7,0.9363636363636364,0.8263069139966274,0.17166666666666666,0.011747627296459853
by_radar,KCRI,max_hdr_size_buffer,sig_severe_obs,2.0,10.0,12.573572969436645,percentile,103,483,59,7,0.9363636363636364,0.8242320819112628,0.1736930860033727,0.016597306015907802
by_radar,KCRI,max_hdr_size_buffer,sig_severe_obs,2.0,11.0,12.811238451004028,percentile,103,477,65,7,0.9363636363636364,0.8224137931034483,0.17546848381601363,0.020826610400893633
by_radar,KCRI,max_hdr_size_buffer,sig_severe_obs,2.0,12.0,13.089282684326172,percentile,103,470,72,7,0.9363636363636364,0.8202443280977313,0.17758620689655172,0.025847595659909288
by_radar,KCRI,max_hdr_size_buffer,sig_severe_obs,2.0,13.0,13.159478511810304,percentile,103,464,78,7,0.9363636363636364,0.818342151675485,0.1794425087108014,0.030227622969456584
by_radar,KCRI,max_hdr_size_buffer,sig_severe_obs,2.0,14.0,13.483314771652221,percentile,103,457,85,7,0.9363636363636364,0.8160714285714286,0.18165784832451498,0.03542915444458615
by_radar,KCRI,max_hdr_size_buffer,sig_severe_obs,2.0,15.0,13.533711719512938,percentile,102,452,90,8,0.9272727272727272,0.8158844765342961,0.18149466192170818,0.03577582881098737
by_radar,KCRI,max_hdr_size_buffer,sig_severe_obs,2.0,16.0,13.790637969970703,percentile,101,447,95,9,0.9181818181818182,0.8156934306569343,0.1813285457809695,0.036128329486215215
by_radar,KCRI,max_hdr_size_buffer,sig_severe_obs,2.0,17.0,14.079353542327881,percentile,100,441,101,10,0.9090909090909091,0.8151571164510166,0.18148820326678766,0.037258702428036354
by_radar,KCRI,max_hdr_size_buffer,sig_severe_obs,2.0,18.0,14.483816614151001,percentile,99,435,107,11,0.9,0.8146067415730337,0.181651376146789,0.03841168223062882
by_radar,KCRI,max_hdr_size_buffer,sig_severe_obs,2.0,19.0,14.636170101165773,percentile,99,429,113,11,0.9,0.8125,0.1836734693877551,0.043146463164073966
by_radar,KCRI,max_hdr_size_buffer,sig_severe_obs,2.0,20.0,14.779376220703126,percentile,99,422,120,11,0.9,0.8099808061420346,0.18609022556390978,0.048774899592980946
by_radar,KCRI,max_hdr_size_buffer,sig_severe_obs,2.0,21.0,15.01023829460144,percentile,99,416,126,11,0.9,0.8077669902912621,0.188212927756654,0.05369136641740313
by_radar,KCRI,max_hdr_size_buffer,sig_severe_obs,2.0,22.0,15.133872032165527,percentile,99,410,132,11,0.9,0.8055009823182712,0.19038461538461537,0.05869523469863652
by_radar,KCRI,max_hdr_size_buffer,sig_severe_obs,2.0,23.0,15.28369568824768,percentile,99,403,139,11,0.9,0.8027888446215139,0.19298245614035087,0.06464668865910791
by_radar,KCRI,max_hdr_size_buffer,sig_severe_obs,2.0,24.0,15.508700523376463,percentile,97,398,144,13,0.8818181818181818,0.804040404040404,0.19094488188976377,0.061591259280011204
by_radar,KCRI,max_hdr_size_buffer,sig_severe_obs,2.0,25.0,15.73994827270508,percentile,97,392,150,13,0.8818181818181818,0.8016359918200409,0.19322709163346613,0.06682027649769585
by_radar,KCRI,max_hdr_size_buffer,sig_severe_obs,2.0,26.0,15.898683853149414,percentile,97,385,157,13,0.8818181818181818,0.7987551867219918,0.19595959595959597,0.07304318006458435
by_radar,KCRI,max_hdr_size_buffer,sig_severe_obs,2.0,27.0,16.094565672874452,percentile,97,379,163,13,0.8818181818181818,0.7962184873949579,0.1983640081799591,0.07848510196429087
by_radar,KCRI,max_hdr_size_buffer,sig_severe_obs,2.0,28.0,16.415691680908203,percentile,97,372,170,13,0.8818181818181818,0.7931769722814499,0.2012448132780083,0.08496398471902249
by_radar,KCRI,max_hdr_size_buffer,sig_severe_obs,2.0,29.0,16.528771457672118,percentile,97,366,176,13,0.8818181818181818,0.7904967602591793,0.20378151260504201,0.09063208408160862
by_radar,KCRI,max_hdr_size_buffer,sig_severe_obs,2.0,30.0,16.943190002441405,percentile,97,359,183,13,0.8818181818181818,0.7872807017543859,0.2068230277185501,0.0973830718389949
by_radar,KCRI,max_hdr_size_buffer,sig_severe_obs,2.0,31.0,17.130221252441405,percentile,96,354,188,14,0.8727272727272727,0.7866666666666666,0.20689655172413793,0.09839170299113183
by_radar,KCRI,max_hdr_size_buffer,sig_severe_obs,2.0,32.0,17.32945541381836,percentile,94,349,193,16,0.8545454545454545,0.7878103837471784,0.2047930283224401,0.09546325295709551
by_radar,KCRI,max_hdr_size_buffer,sig_severe_obs,2.0,33.0,17.408767700195312,percentile,94,344,198,16,0.8545454545454545,0.7853881278538812,0.20704845814977973,0.10046908054082226
by_radar,KCRI,max_hdr_size_buffer,sig_severe_obs,2.0,34.0,17.567327117919923,percentile,93,337,205,17,0.8454545454545455,0.7837209302325582,0.2080536912751678,0.10358862824297033
by_radar,KCRI,max_hdr_size_buffer,sig_severe_obs,2.0,35.0,17.790119171142578,percentile,93,332,210,17,0.8454545454545455,0.7811764705882352,0.21040723981900453,0.10877330408898638
by_radar,KCRI,max_hdr_size_buffer,sig_severe_obs,2.0,36.0,18.026634216308594,percentile,93,324,218,17,0.8454545454545455,0.7769784172661871,0.21428571428571427,0.11725375599529905
by_radar,KCRI,max_hdr_size_buffer,sig_severe_obs,2.0,37.0,18.156017932891846,percentile,93,318,224,17,0.8454545454545455,0.7737226277372263,0.21728971962616822,0.12376841362046279
by_radar,KCRI,max_hdr_size_buffer,sig_severe_obs,2.0,38.0,18.32529035568237,percentile,93,311,231,17,0.8454545454545455,0.7698019801980198,0.2209026128266033,0.13154218511419383
by_radar,KCRI,max_hdr_size_buffer,sig_severe_obs,2.0,39.0,18.497505016326905,percentile,92,306,236,18,0.8363636363636363,0.7688442211055276,0.22115384615384615,0.1330071904652461
by_radar,KCRI,max_hdr_size_buffer,sig_severe_obs,2.0,40.0,18.695872116088868,percentile,89,302,240,21,0.8090909090909091,0.7723785166240409,0.21601941747572814,0.12482130389973072
by_radar,KCRI,max_hdr_size_buffer,sig_severe_obs,2.0,41.0,18.9189453125,percentile,88,298,244,22,0.8,0.772020725388601,0.21568627450980393,0.12509644738166326
by_radar,KCRI,max_hdr_size_buffer,sig_severe_obs,2.0,42.0,19.139546318054197,percentile,88,290,252,22,0.8,0.7671957671957672,0.22,0.13442489022024032
by_radar,KCRI,max_hdr_size_buffer,sig_severe_obs,2.0,43.0,19.42130590438843,percentile,88,284,258,22,0.8,0.7634408602150538,0.2233502538071066,0.14160327677004095
by_radar,KCRI,max_hdr_size_buffer,sig_severe_obs,2.0,44.0,19.58758563995361,percentile,86,279,263,24,0.7818181818181819,0.7643835616438356,0.2210796915167095,0.13881429816913687
by_radar,KCRI,max_hdr_size_buffer,sig_severe_obs,2.0,45.0,19.716554641723636,percentile,85,275,267,25,0.7727272727272727,0.7638888888888888,0.22077922077922077,0.13923604999119873
by_radar,KCRI,max_hdr_size_buffer,sig_severe_obs,2.0,46.0,19.80229865074158,percentile,84,268,274,26,0.7636363636363637,0.7613636363636364,0.2222222222222222,0.14342401601544347
by_radar,KCRI,max_hdr_size_buffer,sig_severe_obs,2.0,47.0,19.95634803771972,percentile,84,262,280,26,0.7636363636363637,0.7572254335260116,0.22580645161290322,0.15107237151434047
by_radar,KCRI,max_hdr_size_buffer,sig_severe_obs,2.0,48.0,20.005295944213866,percentile,82,257,285,28,0.7454545454545455,0.7581120943952803,0.22343324250681199,0.1482710571669539
by_radar,KCRI,max_hdr_size_buffer,sig_severe_obs,2.0,49.0,20.07591606140137,percentile,82,251,291,28,0.7454545454545455,0.7537537537537538,0.22714681440443213,0.15617693991910045
by_radar,KCRI,max_hdr_size_buffer,sig_severe_obs,2.0,50.0,20.27142333984375,percentile,80,246,296,30,0.7272727272727273,0.754601226993865,0.2247191011235955,0.15337423312883436
by_radar,KCRI,max_hdr_size_buffer,sig_severe_obs,2.0,51.0,20.398045024871827,percentile,79,240,302,31,0.7181818181818181,0.7523510971786834,0.2257142857142857,0.15671413844450383
by_radar,KCRI,max_hdr_size_buffer,sig_severe_obs,2.0,52.0,20.50125068664551,percentile,76,237,305,34,0.6909090909090909,0.7571884984025559,0.21902017291066284,0.14615146712026908
by_radar,KCRI,max_hdr_size_buffer,sig_severe_obs,2.0,53.0,20.667314052581787,percentile,75,231,311,35,0.6818181818181818,0.7549019607843137,0.21994134897360704,0.14947624465455686
by_radar,KCRI,max_hdr_size_buffer,sig_severe_obs,2.0,54.0,20.82925491333008,percentile,75,225,317,35,0.6818181818181818,0.75,0.22388059701492538,0.15795748062785614
by_radar,KCRI,max_hdr_size_buffer,sig_severe_obs,2.0,55.0,20.905108642578124,percentile,74,219,323,36,0.6727272727272727,0.7474402730375427,0.22492401215805471,0.16155646104813007
by_radar,KCRI,max_hdr_size_buffer,sig_severe_obs,2.0,56.0,21.184385299682617,percentile,74,214,328,36,0.6727272727272727,0.7430555555555556,0.22839506172839505,0.16894399804217483
by_radar,KCRI,max_hdr_size_buffer,sig_severe_obs,2.0,57.0,21.360272665023803,percentile,72,208,334,38,0.6545454545454545,0.7428571428571429,0.22641509433962265,0.1675731783267594
by_radar,KCRI,max_hdr_size_buffer,sig_severe_obs,2.0,58.0,21.447414779663085,percentile,71,203,339,39,0.6454545454545455,0.7408759124087592,0.2268370607028754,0.16994234249400278
by_radar,KCRI,max_hdr_size_buffer,sig_severe_obs,2.0,59.0,21.560591087341308,percentile,65,202,340,45,0.5909090909090909,0.7565543071161048,0.20833333333333334,0.1390967797117564
by_radar,KCRI,max_hdr_size_buffer,sig_severe_obs,2.0,60.0,21.737127304077145,percentile,64,197,345,46,0.5818181818181818,0.7547892720306514,0.20846905537459284,0.14113795047486882
by_radar,KCRI,max_hdr_size_buffer,sig_severe_obs,2.0,61.0,22.07443696975708,percentile,63,191,351,47,0.5727272727272728,0.7519685039370079,0.20930232558139536,0.14479079405669945
by_radar,KCRI,max_hdr_size_buffer,sig_severe_obs,2.0,62.0,22.293826656341555,percentile,63,185,357,47,0.5727272727272728,0.7459677419354839,0.2135593220338983,0.15426935635371472
by_radar,KCRI,max_hdr_size_buffer,sig_severe_obs,2.0,63.0,22.416795482635496,percentile,62,179,363,48,0.5636363636363636,0.7427385892116183,0.21453287197231835,0.15826470722052868
by_radar,KCRI,max_hdr_size_buffer,sig_severe_obs,2.0,64.0,22.57279556274414,percentile,58,177,365,52,0.5272727272727272,0.7531914893617021,0.20209059233449478,0.13814361579311937
by_radar,KCRI,max_hdr_size_buffer,sig_severe_obs,2.0,65.0,22.6949107170105,percentile,57,171,371,53,0.5181818181818182,0.75,0.20284697508896798,0.14198430229825634
by_radar,KCRI,max_hdr_size_buffer,sig_severe_obs,2.0,66.0,22.84937049865723,percentile,57,165,377,53,0.5181818181818182,0.7432432432432432,0.20727272727272728,0.15205459838686583
by_radar,KCRI,max_hdr_size_buffer,sig_severe_obs,2.0,67.0,23.006789627075197,percentile,55,160,382,55,0.5,0.7441860465116279,0.2037037037037037,0.14835965978128798
by_radar,KCRI,max_hdr_size_buffer,sig_severe_obs,2.0,68.0,23.118645935058595,percentile,55,154,388,55,0.5,0.7368421052631579,0.20833333333333334,0.15888104291146116
by_radar,KCRI,max_hdr_size_buffer,sig_severe_obs,2.0,69.0,23.347849807739255,percentile,55,147,395,55,0.5,0.7277227722772277,0.2140077821011673,0.17158959392140088
by_radar,KCRI,max_hdr_size_buffer,sig_severe_obs,2.0,70.0,23.584292602539062,percentile,54,142,400,56,0.4909090909090909,0.7244897959183674,0.21428571428571427,0.17453578188142616
by_radar,KCRI,max_hdr_size_buffer,sig_severe_obs,2.0,71.0,23.775894603729252,percentile,52,137,405,58,0.4727272727272727,0.7248677248677249,0.21052631578947367,0.17101350998904596
by_radar,KCRI,max_hdr_size_buffer,sig_severe_obs,2.0,72.0,23.94180908203125,percentile,51,132,410,59,0.4636363636363636,0.7213114754098361,0.21074380165289255,0.1740595320210113
by_radar,KCRI,max_hdr_size_buffer,sig_severe_obs,2.0,73.0,24.291076412200926,percentile,48,128,414,62,0.43636363636363634,0.7272727272727273,0.20168067226890757,0.16156803292002817
by_radar,KCRI,max_hdr_size_buffer,sig_severe_obs,2.0,74.0,24.40148242950439,percentile,46,124,418,64,0.41818181818181815,0.7294117647058823,0.19658119658119658,0.1555800496004409
by_radar,KCRI,max_hdr_size_buffer,sig_severe_obs,2.0,75.0,24.630778789520264,percentile,46,117,425,64,0.41818181818181815,0.7177914110429447,0.2026431718061674,0.16972477064220184
by_radar,KCRI,max_hdr_size_buffer,sig_severe_obs,2.0,76.0,24.727878875732422,percentile,44,113,429,66,0.4,0.7197452229299363,0.19730941704035873,0.16364730837585278
by_radar,KCRI,max_hdr_size_buffer,sig_severe_obs,2.0,77.0,24.957059326171876,percentile,44,106,436,66,0.4,0.7066666666666667,0.2037037037037037,0.17855259302666276
by_radar,KCRI,max_hdr_size_buffer,sig_severe_obs,2.0,78.0,25.04840850830078,percentile,44,101,441,66,0.4,0.696551724137931,0.20853080568720378,0.1896100029770765
by_radar,KCRI,max_hdr_size_buffer,sig_severe_obs,2.0,79.0,25.265009193420408,percentile,42,95,447,68,0.38181818181818183,0.6934306569343066,0.2048780487804878,0.18813787202835666
by_radar,KCRI,max_hdr_size_buffer,sig_severe_obs,2.0,80.0,25.438403701782228,percentile,41,90,452,69,0.37272727272727274,0.6870229007633588,0.205,0.19206309620300518
by_radar,KCRI,max_hdr_size_buffer,sig_severe_obs,2.0,81.0,25.77087152481079,percentile,40,84,458,70,0.36363636363636365,0.6774193548387096,0.20618556701030927,0.1985824659983398
by_radar,KCRI,max_hdr_size_buffer,sig_severe_obs,2.0,82.0,25.931919937133788,percentile,39,79,463,71,0.35454545454545455,0.6694915254237288,0.20634920634920634,0.2029080002608072
by_radar,KCRI,max_hdr_size_buffer,sig_severe_obs,2.0,83.0,26.29155921936035,percentile,36,76,466,74,0.32727272727272727,0.6785714285714286,0.1935483870967742,0.18570572170785318
by_radar,KCRI,max_hdr_size_buffer,sig_severe_obs,2.0,84.0,26.58064895629883,percentile,34,71,471,76,0.3090909090909091,0.6761904761904762,0.1878453038674033,0.18138025281858558
by_radar,KCRI,max_hdr_size_buffer,sig_severe_obs,2.0,85.0,26.85895729064941,percentile,34,65,477,76,0.3090909090909091,0.6565656565656566,0.19428571428571428,0.19701628118230732
by_radar,KCRI,max_hdr_size_buffer,sig_severe_obs,2.0,86.0,27.058102951049804,percentile,33,59,483,77,0.3,0.6413043478260869,0.1952662721893491,0.20447857604248906
by_radar,KCRI,max_hdr_size_buffer,sig_severe_obs,2.0,87.0,27.243752231597902,percentile,31,54,488,79,0.2818181818181818,0.6352941176470588,0.18902439024390244,0.200331980818886
by_radar,KCRI,max_hdr_size_buffer,sig_severe_obs,2.0,88.0,27.699415664672852,percentile,28,51,491,82,0.2545454545454545,0.6455696202531646,0.17391304347826086,0.18074975436474947
by_radar,KCRI,max_hdr_size_buffer,sig_severe_obs,2.0,89.0,28.125873737335205,percentile,24,48,494,86,0.21818181818181817,0.6666666666666666,0.1518987341772152,0.1503151015327161
by_radar,KCRI,max_hdr_size_buffer,sig_severe_obs,2.0,90.0,28.391000366210935,percentile,23,43,499,87,0.20909090909090908,0.6515151515151515,0.1503267973856209,0.15436188043738527
by_radar,KCRI,max_hdr_size_buffer,sig_severe_obs,2.0,91.0,28.533607330322265,percentile,22,37,505,88,0.2,0.6271186440677966,0.14965986394557823,0.16159163854826764
by_radar,KCRI,max_hdr_size_buffer,sig_severe_obs,2.0,92.0,28.920147705078133,percentile,19,34,508,91,0.17272727272727273,0.6415094339622641,0.13194444444444445,0.13862348862771623
by_radar,KCRI,max_hdr_size_buffer,sig_severe_obs,2.0,93.0,29.429833583831787,percentile,18,28,514,92,0.16363636363636364,0.6086956521739131,0.13043478260869565,0.14577692374879903
by_radar,KCRI,max_hdr_size_buffer,sig_severe_obs,2.0,94.0,29.89838409423828,percentile,18,24,518,92,0.16363636363636364,0.5714285714285714,0.13432835820895522,0.15837265200747797
by_radar,KCRI,max_hdr_size_buffer,sig_severe_obs,2.0,95.0,30.23315868377685,percentile,16,17,525,94,0.14545454545454545,0.5151515151515151,0.12598425196850394,0.15823020377779845
by_radar,KCRI,max_hdr_size_buffer,sig_severe_obs,2.0,96.0,30.83843826293944,percentile,15,12,530,95,0.13636363636363635,0.4444444444444444,0.12295081967213115,0.1633406888611724
by_radar,KCRI,max_hdr_size_buffer,sig_severe_obs,2.0,97.0,32.057552337646484,percentile,13,8,534,97,0.11818181818181818,0.38095238095238093,0.11016949152542373,0.1526388751361521
by_radar,KCRI,max_hdr_size_buffer,sig_severe_obs,2.0,98.0,33.92132736206056,percentile,10,4,538,100,0.09090909090909091,0.2857142857142857,0.08771929824561403,0.12807324349346774
by_radar,KCRI,max_hdr_size_buffer,sig_severe_obs,2.0,99.0,36.08834987640382,percentile,6,1,541,104,0.05454545454545454,0.14285714285714285,0.05405405405405406,0.08407363801776731
by_radar,KCRI,max_hdr_size_buffer,sig_severe_obs,2.0,100.0,41.14995574951172,percentile,1,0,542,109,0.00909090909090909,0.0,0.00909090909090909,0.015023838563033597
by_radar,KCRI,max_hsda_buffer,severe_obs,2.0,,2.0,hsda_class,111,15,196,319,0.25813953488372093,0.11904761904761904,0.24943820224719102,0.13684303891370608
by_radar,KCRI,max_hsda_buffer,sig_severe_obs,2.0,,3.0,hsda_class,15,24,508,94,0.13761467889908258,0.6153846153846154,0.11278195488721804,0.12421554778500798
by_radar,KCRI,max_mesh_75_mh19_buffer,severe_obs,2.0,0.0,3.572307969938067,percentile,430,215,0,0,1.0,0.3333333333333333,0.6666666666666666,0.0
by_radar,KCRI,max_mesh_75_mh19_buffer,severe_obs,2.0,1.0,10.092255339636713,percentile,428,210,5,2,0.9953488372093023,0.329153605015674,0.66875,0.024539877300613498
by_radar,KCRI,max_mesh_75_mh19_buffer,severe_obs,2.0,2.0,12.069509500910938,percentile,427,205,10,3,0.9930232558139535,0.32436708860759494,0.6724409448818898,0.05167173252279635
by_radar,KCRI,max_mesh_75_mh19_buffer,severe_obs,2.0,3.0,13.227480825241399,percentile,423,202,13,7,0.9837209302325581,0.3232,0.6693037974683544,0.05714285714285714
by_radar,KCRI,max_mesh_75_mh19_buffer,severe_obs,2.0,4.0,14.544195204974237,percentile,420,199,16,10,0.9767441860465116,0.32148626817447495,0.6677265500794912,0.06557377049180328
by_radar,KCRI,max_mesh_75_mh19_buffer,severe_obs,2.0,5.0,15.018460315792405,percentile,418,194,21,12,0.9720930232558139,0.31699346405228757,0.6698717948717948,0.08849557522123894
by_radar,KCRI,max_mesh_75_mh19_buffer,severe_obs,2.0,6.0,15.24637030101314,percentile,413,193,22,17,0.9604651162790697,0.3184818481848185,0.6629213483146067,0.07894736842105263
by_radar,KCRI,max_mesh_75_mh19_buffer,severe_obs,2.0,7.0,15.819303888398235,percentile,412,187,28,18,0.958139534883721,0.3121869782971619,0.6677471636952999,0.10998552821997105
by_radar,KCRI,max_mesh_75_mh19_buffer,severe_obs,2.0,8.0,16.313535678519713,percentile,409,185,30,21,0.9511627906976744,0.3114478114478115,0.6650406504065041,0.11206896551724138
by_radar,KCRI,max_mesh_75_mh19_buffer,severe_obs,2.0,9.0,16.895977500830764,percentile,408,179,36,22,0.9488372093023256,0.3049403747870528,0.6699507389162561,0.1422475106685633
by_radar,KCRI,max_mesh_75_mh19_buffer,severe_obs,2.0,10.0,17.304644084877918,percentile,405,175,40,25,0.9418604651162791,0.3017241379310345,0.6694214876033058,0.15492957746478872
by_radar,KCRI,max_mesh_75_mh19_buffer,severe_obs,2.0,11.0,18.085485059099767,percentile,403,171,44,27,0.9372093023255814,0.2979094076655052,0.670549084858569,0.17039106145251395
by_radar,KCRI,max_mesh_75_mh19_buffer,severe_obs,2.0,12.0,18.49215512349209,percentile,401,167,48,29,0.9325581395348838,0.29401408450704225,0.6716917922948074,0.18559556786703602
by_radar,KCRI,max_mesh_75_mh19_buffer,severe_obs,2.0,13.0,18.97213512940512,percentile,399,163,52,31,0.9279069767441861,0.2900355871886121,0.6728499156829679,0.20054945054945056
by_radar,KCRI,max_mesh_75_mh19_buffer,severe_obs,2.0,14.0,19.26595246357708,percentile,398,156,59,32,0.9255813953488372,0.2815884476534296,0.6791808873720137,0.23369565217391305
by_radar,KCRI,max_mesh_75_mh19_buffer,severe_obs,2.0,15.0,19.77238078338657,percentile,395,153,62,35,0.9186046511627907,0.2791970802919708,0.6775300171526587,0.2398921832884097
by_radar,KCRI,max_mesh_75_mh19_buffer,severe_obs,2.0,16.0,20.15126974310487,percentile,391,150,65,39,0.9093023255813953,0.27726432532347506,0.6741379310344827,0.24299065420560748
by_radar,KCRI,max_mesh_75_mh19_buffer,severe_obs,2.0,17.0,20.826931741782715,percentile,388,147,68,42,0.9023255813953488,0.27476635514018694,0.6724436741767764,0.24900662251655628
by_radar,KCRI,max_mesh_75_mh19_buffer,severe_obs,2.0,18.0,21.91653735951633,percentile,385,144,71,45,0.8953488372093024,0.2722117202268431,0.6707317073170732,0.25492772667542707
by_radar,KCRI,max_mesh_75_mh19_buffer,severe_obs,2.0,19.0,22.24248216659158,percentile,381,141,74,49,0.8860465116279069,0.27011494252873564,0.6672504378283712,0.2578125
by_radar,KCRI,max_mesh_75_mh19_buffer,severe_obs,2.0,20.0,22.586119719355853,percentile,379,138,77,51,0.8813953488372093,0.26692456479690524,0.6672535211267606,0.2664941785252264
by_radar,KCRI,max_mesh_75_mh19_buffer,severe_obs,2.0,21.0,22.996419715155863,percentile,378,131,84,52,0.8790697674418605,0.25736738703339884,0.6737967914438503,0.2970550576184379
by_radar,KCRI,max_mesh_75_mh19_buffer,severe_obs,2.0,22.0,23.398642049935795,percentile,374,129,86,56,0.8697674418604651,0.25646123260437376,0.669051878354204,0.2947903430749682
by_radar,KCRI,max_mesh_75_mh19_buffer,severe_obs,2.0,23.0,23.81126577921027,percentile,370,126,89,60,0.8604651162790697,0.2540322580645161,0.6654676258992805,0.2972292191435768
by_radar,KCRI,max_mesh_75_mh19_buffer,severe_obs,2.0,24.0,24.457647208823875,percentile,367,124,91,63,0.8534883720930233,0.2525458248472505,0.6624548736462094,0.2978723404255319
by_radar,KCRI,max_mesh_75_mh19_buffer,severe_obs,2.0,25.0,24.592584597924304,percentile,365,119,96,65,0.8488372093023255,0.24586776859504134,0.6648451730418944,0.315136476426799
by_radar,KCRI,max_mesh_75_mh19_buffer,severe_obs,2.0,26.0,24.937575786354277,percentile,360,117,98,70,0.8372093023255814,0.24528301886792453,0.6581352833638026,0.30996309963099633
by_radar,KCRI,max_mesh_75_mh19_buffer,severe_obs,2.0,27.0,25.094496388298456,percentile,357,114,101,73,0.8302325581395349,0.24203821656050956,0.65625,0.315018315018315
by_radar,KCRI,max_mesh_75_mh19_buffer,severe_obs,2.0,28.0,25.63096245868323,percentile,353,111,104,77,0.8209302325581396,0.23922413793103448,0.6524953789279113,0.3171912832929782
by_radar,KCRI,max_mesh_75_mh19_buffer,severe_obs,2.0,29.0,25.787963046074513,percentile,349,109,106,81,0.8116279069767441,0.23799126637554585,0.647495361781076,0.31490384615384615
by_radar,KCRI,max_mesh_75_mh19_buffer,severe_obs,2.0,30.0,25.95589830266362,percentile,345,106,109,85,0.8023255813953488,0.23503325942350334,0.6436567164179104,0.3170441001191895
by_radar,KCRI,max_mesh_75_mh19_buffer,severe_obs,2.0,31.0,26.40759724505412,percentile,343,102,113,87,0.7976744186046512,0.2292134831460674,0.6447368421052632,0.3289940828402367
by_radar,KCRI,max_mesh_75_mh19_buffer,severe_obs,2.0,32.0,26.698366811415745,percentile,338,100,115,92,0.786046511627907,0.228310502283105,0.6377358490566037,0.323943661971831
by_radar,KCRI,max_mesh_75_mh19_buffer,severe_obs,2.0,33.0,26.84308998091981,percentile,335,97,118,95,0.7790697674418605,0.22453703703703703,0.635673624288425,0.32867132867132864
by_radar,KCRI,max_mesh_75_mh19_buffer,severe_obs,2.0,34.0,27.02253647589416,percentile,331,95,120,99,0.7697674418604651,0.22300469483568075,0.6304761904761905,0.3263888888888889
by_radar,KCRI,max_mesh_75_mh19_buffer,severe_obs,2.0,35.0,27.39592200327053,percentile,328,92,123,102,0.7627906976744186,0.21904761904761905,0.6283524904214559,0.3310344827586207
by_radar,KCRI,max_mesh_75_mh19_buffer,severe_obs,2.0,36.0,27.55975337919424,percentile,324,90,125,106,0.7534883720930232,0.21739130434782608,0.6230769230769231,0.3287671232876712
by_radar,KCRI,max_mesh_75_mh19_buffer,severe_obs,2.0,37.0,28.046154826509014,percentile,319,87,128,111,0.7418604651162791,0.21428571428571427,0.6170212765957447,0.32805429864253394
by_radar,KCRI,max_mesh_75_mh19_buffer,severe_obs,2.0,38.0,28.330263812636787,percentile,314,86,129,116,0.7302325581395349,0.215,0.6085271317829457,0.31910112359550563
by_radar,KCRI,max_mesh_75_mh19_buffer,severe_obs,2.0,39.0,28.60273092945995,percentile,312,81,134,118,0.7255813953488373,0.20610687022900764,0.6105675146771037,0.33444816053511706
by_radar,KCRI,max_mesh_75_mh19_buffer,severe_obs,2.0,40.0,28.773968863119865,percentile,308,79,136,122,0.7162790697674418,0.2041343669250646,0.6051080550098232,0.33222591362126247
by_radar,KCRI,max_mesh_75_mh19_buffer,severe_obs,2.0,41.0,29.024628920225997,percentile,303,77,138,127,0.7046511627906977,0.2026315789473684,0.5976331360946746,0.3274725274725275
by_radar,KCRI,max_mesh_75_mh19_buffer,severe_obs,2.0,42.0,29.154095419172513,percentile,300,74,141,130,0.6976744186046512,0.19786096256684493,0.5952380952380952,0.3318777292576419
by_radar,KCRI,max_mesh_75_mh19_buffer,severe_obs,2.0,43.0,29.45450570683737,percentile,298,70,145,132,0.6930232558139535,0.19021739130434784,0.596,0.34273318872017355
by_radar,KCRI,max_mesh_75_mh19_buffer,severe_obs,2.0,44.0,29.597829021543625,percentile,292,69,146,138,0.6790697674418604,0.19113573407202217,0.5851703406813628,0.33153928955866524
by_radar,KCRI,max_mesh_75_mh19_buffer,severe_obs,2.0,45.0,29.67768423264611,percentile,288,68,147,142,0.6697674418604651,0.19101123595505617,0.5783132530120482,0.32548179871520344
by_radar,KCRI,max_mesh_75_mh19_buffer,severe_obs,2.0,46.0,29.787661734303725,percentile,280,68,147,150,0.6511627906976745,0.19540229885057472,0.5622489959839357,0.3057324840764331
by_radar,KCRI,max_mesh_75_mh19_buffer,severe_obs,2.0,47.0,30.04073727249002,percentile,278,65,150,152,0.6465116279069767,0.18950437317784258,0.5616161616161616,0.3125659978880676
by_radar,KCRI,max_mesh_75_mh19_buffer,severe_obs,2.0,48.0,30.147950694377368,percentile,275,60,155,155,0.6395348837209303,0.1791044776119403,0.5612244897959183,0.32460732984293195
by_radar,KCRI,max_mesh_75_mh19_buffer,severe_obs,2.0,49.0,30.401642035544057,percentile,271,58,157,159,0.6302325581395349,0.1762917933130699,0.555327868852459,0.3225806451612903
by_radar,KCRI,max_mesh_75_mh19_buffer,severe_obs,2.0,50.0,30.75091194981352,percentile,269,54,161,161,0.6255813953488372,0.16718266253869968,0.5557851239669421,0.3329886246122027
by_radar,KCRI,max_mesh_75_mh19_buffer,severe_obs,2.0,51.0,31.07294952369183,percentile,264,52,163,166,0.6139534883720931,0.16455696202531644,0.5477178423236515,0.32854209445585214
by_radar,KCRI,max_mesh_75_mh19_buffer,severe_obs,2.0,52.0,31.30168284101009,percentile,262,48,167,168,0.6093023255813953,0.15483870967741936,0.5481171548117155,0.33877551020408164
by_radar,KCRI,max_mesh_75_mh19_buffer,severe_obs,2.0,53.0,31.41566588891203,percentile,256,47,168,174,0.5953488372093023,0.1551155115511551,0.5366876310272537,0.3282674772036474
by_radar,KCRI,max_mesh_75_mh19_buffer,severe_obs,2.0,54.0,31.49306637858473,percentile,251,46,169,179,0.5837209302325581,0.15488215488215487,0.5273109243697479,0.3202416918429003
by_radar,KCRI,max_mesh_75_mh19_buffer,severe_obs,2.0,55.0,31.736175905101135,percentile,248,42,173,182,0.5767441860465117,0.14482758620689656,0.5254237288135594,0.328
by_radar,KCRI,max_mesh_75_mh19_buffer,severe_obs,2.0,56.0,31.937876638934032,percentile,242,42,173,188,0.5627906976744186,0.14788732394366197,0.5127118644067796,0.31411530815109345
by_radar,KCRI,max_mesh_75_mh19_buffer,severe_obs,2.0,57.0,32.12855348954538,percentile,238,39,176,192,0.5534883720930233,0.1407942238267148,0.5074626865671642,0.315893385982231
by_radar,KCRI,max_mesh_75_mh19_buffer,severe_obs,2.0,58.0,32.444823217590866,percentile,233,38,177,197,0.541860465116279,0.14022140221402213,0.49786324786324787,0.30814524043179586
by_radar,KCRI,max_mesh_75_mh19_buffer,severe_obs,2.0,59.0,32.74045729563936,percentile,228,37,178,202,0.5302325581395348,0.13962264150943396,0.48822269807280516,0.30048780487804877
by_radar,KCRI,max_mesh_75_mh19_buffer,severe_obs,2.0,60.0,32.96059275691537,percentile,223,35,180,207,0.5186046511627908,0.13565891472868216,0.47956989247311826,0.29651162790697677
by_radar,KCRI,max_mesh_75_mh19_buffer,severe_obs,2.0,61.0,33.105751289621345,percentile,218,34,181,212,0.5069767441860465,0.1349206349206349,0.4698275862068966,0.28901734104046245
by_radar,KCRI,max_mesh_75_mh19_buffer,severe_obs,2.0,62.0,33.219375103321646,percentile,214,32,183,216,0.49767441860465117,0.13008130081300814,0.46320346320346323,0.28735632183908044
by_radar,KCRI,max_mesh_75_mh19_buffer,severe_obs,2.0,63.0,33.406105971111884,percentile,209,30,185,221,0.48604651162790696,0.12552301255230125,0.4543478260869565,0.28353948620361563
by_radar,KCRI,max_mesh_75_mh19_buffer,severe_obs,2.0,64.0,33.565378076250845,percentile,205,27,188,225,0.47674418604651164,0.11637931034482758,0.4485776805251641,0.28544423440453687
by_radar,KCRI,max_mesh_75_mh19_buffer,severe_obs,2.0,65.0,33.75684680267634,percentile,199,27,188,231,0.4627906976744186,0.11946902654867257,0.43544857768052514,0.2725563909774436
by_radar,KCRI,max_mesh_75_mh19_buffer,severe_obs,2.0,66.0,33.892001648096844,percentile,193,26,189,237,0.44883720930232557,0.1187214611872146,0.4232456140350877,0.26330532212885155
by_radar,KCRI,max_mesh_75_mh19_buffer,severe_obs,2.0,67.0,34.055994530911896,percentile,187,26,189,243,0.43488372093023253,0.12206572769953052,0.4100877192982456,0.25069637883008355
by_radar,KCRI,max_mesh_75_mh19_buffer,severe_obs,2.0,68.0,34.36737407221873,percentile,182,25,190,248,0.4232558139534884,0.12077294685990338,0.4,0.24376731301939059
by_radar,KCRI,max_mesh_75_mh19_buffer,severe_obs,2.0,69.0,34.81560319974006,percentile,176,24,191,254,0.40930232558139534,0.12,0.3876651982378855,0.23486238532110093
by_radar,KCRI,max_mesh_75_mh19_buffer,severe_obs,2.0,70.0,35.01383500304675,percentile,170,24,191,260,0.3953488372093023,0.12371134020618557,0.3744493392070485,0.22262773722627738
by_radar,KCRI,max_mesh_75_mh19_buffer,severe_obs,2.0,71.0,35.14125775455507,percentile,163,24,191,267,0.37906976744186044,0.12834224598930483,0.3590308370044053,0.2085222121486854
by_radar,KCRI,max_mesh_75_mh19_buffer,severe_obs,2.0,72.0,35.4069888067373,percentile,157,24,191,273,0.36511627906976746,0.13259668508287292,0.3458149779735683,0.19657348963029755
by_radar,KCRI,max_mesh_75_mh19_buffer,severe_obs,2.0,73.0,35.65981839423741,percentile,152,22,193,278,0.35348837209302325,0.12643678160919541,0.336283185840708,0.1935483870967742
by_radar,KCRI,max_mesh_75_mh19_buffer,severe_obs,2.0,74.0,35.89244307278841,percentile,147,21,194,283,0.34186046511627904,0.125,0.3259423503325942,0.18716577540106952
by_radar,KCRI,max_mesh_75_mh19_buffer,severe_obs,2.0,75.0,36.198255585906416,percentile,142,20,195,288,0.3302325581395349,0.12345679012345678,0.31555555555555553,0.18085106382978725
by_radar,KCRI,max_mesh_75_mh19_buffer,severe_obs,2.0,76.0,36.3976071330792,percentile,137,18,197,293,0.3186046511627907,0.11612903225806452,0.30580357142857145,0.17797356828193833
by_radar,KCRI,max_mesh_75_mh19_buffer,severe_obs,2.0,77.0,36.58828947886882,percentile,132,17,198,298,0.30697674418604654,0.11409395973154363,0.2953020134228188,0.17177914110429449
by_radar,KCRI,max_mesh_75_mh19_buffer,severe_obs,2.0,78.0,36.86387147060979,percentile,125,17,198,305,0.29069767441860467,0.11971830985915492,0.2796420581655481,0.15853658536585366
by_radar,KCRI,max_mesh_75_mh19_buffer,severe_obs,2.0,79.0,37.351142993254186,percentile,119,17,198,311,0.27674418604651163,0.125,0.2662192393736018,0.14731369150779897
by_radar,KCRI,max_mesh_75_mh19_buffer,severe_obs,2.0,80.0,37.791392681296095,percentile,114,15,200,316,0.2651162790697674,0.11627906976744186,0.25617977528089886,0.14470284237726097
by_radar,KCRI,max_mesh_75_mh19_buffer,severe_obs,2.0,81.0,38.07947695739337,percentile,109,14,201,321,0.2534883720930233,0.11382113821138211,0.24549549549549549,0.13881748071979436
by_radar,KCRI,max_mesh_75_mh19_buffer,severe_obs,2.0,82.0,38.362268790796996,percentile,103,13,202,327,0.23953488372093024,0.11206896551724138,0.2325056433408578,0.131175468483816
by_radar,KCRI,max_mesh_75_mh19_buffer,severe_obs,2.0,83.0,38.530244823482256,percentile,100,13,202,330,0.23255813953488372,0.11504424778761062,0.22573363431151242,0.12574341546304163
by_radar,KCRI,max_mesh_75_mh19_buffer,severe_obs,2.0,84.0,39.06947468114683,percentile,92,12,203,338,0.21395348837209302,0.11538461538461539,0.2081447963800905,0.11467116357504216
by_radar,KCRI,max_mesh_75_mh19_buffer,severe_obs,2.0,85.0,39.7648472063533,percentile,87,10,205,343,0.20232558139534884,0.10309278350515463,0.19772727272727272,0.11232187761944677
by_radar,KCRI,max_mesh_75_mh19_buffer,severe_obs,2.0,86.0,40.24032788328677,percentile,83,8,207,347,0.1930232558139535,0.08791208791208792,0.18949771689497716,0.11175979983319433
by_radar,KCRI,max_mesh_75_mh19_buffer,severe_obs,2.0,87.0,40.54162318709681,percentile,78,7,208,352,0.1813953488372093,0.08235294117647059,0.17848970251716248,0.10622406639004149
by_radar,KCRI,max_mesh_75_mh19_buffer,severe_obs,2.0,88.0,40.68623513410406,percentile,72,6,209,358,0.16744186046511628,0.07692307692307693,0.1651376146788991,0.09900990099009901
by_radar,KCRI,max_mesh_75_mh19_buffer,severe_obs,2.0,89.0,41.58115845804194,percentile,65,6,209,365,0.1511627906976744,0.08450704225352113,0.14908256880733944,0.08695652173913043
by_radar,KCRI,max_mesh_75_mh19_buffer,severe_obs,2.0,90.0,42.33448969940402,percentile,60,5,210,370,0.13953488372093023,0.07692307692307693,0.13793103448275862,0.08163265306122448
by_radar,KCRI,max_mesh_75_mh19_buffer,severe_obs,2.0,91.0,42.78268733443982,percentile,54,4,211,376,0.12558139534883722,0.06896551724137931,0.12442396313364056,0.07467532467532467
by_radar,KCRI,max_mesh_75_mh19_buffer,severe_obs,2.0,92.0,43.27789254752328,percentile,49,3,212,381,0.11395348837209303,0.057692307692307696,0.11316397228637413,0.06946688206785137
by_radar,KCRI,max_mesh_75_mh19_buffer,severe_obs,2.0,93.0,43.933081510657516,percentile,43,3,212,387,0.1,0.06521739130434782,0.09930715935334873,0.0594855305466238
by_radar,KCRI,max_mesh_75_mh19_buffer,severe_obs,2.0,94.0,44.67843778246564,percentile,37,2,213,393,0.08604651162790698,0.05128205128205128,0.08564814814814815,0.05275779376498801
by_radar,KCRI,max_mesh_75_mh19_buffer,severe_obs,2.0,95.0,45.04493270053035,percentile,32,2,213,398,0.07441860465116279,0.058823529411764705,0.07407407407407407,0.044585987261146494
by_radar,KCRI,max_mesh_75_mh19_buffer,severe_obs,2.0,96.0,46.481662375019496,percentile,24,2,213,406,0.05581395348837209,0.07692307692307693,0.05555555555555555,0.03164556962025317
by_radar,KCRI,max_mesh_75_mh19_buffer,severe_obs,2.0,97.0,46.67915981276174,percentile,19,1,214,411,0.044186046511627906,0.05,0.04408352668213457,0.026771653543307086
by_radar,KCRI,max_mesh_75_mh19_buffer,severe_obs,2.0,98.0,47.27085782436618,percentile,13,0,215,417,0.030232558139534883,0.0,0.030232558139534883,0.020360219263899765
by_radar,KCRI,max_mesh_75_mh19_buffer,severe_obs,2.0,99.0,50.35267706786569,percentile,7,0,215,423,0.01627906976744186,0.0,0.01627906976744186,0.010911925175370226
by_radar,KCRI,max_mesh_75_mh19_buffer,severe_obs,2.0,100.0,56.792417204643925,percentile,1,0,215,429,0.002325581395348837,0.0,0.002325581395348837,0.0015515903801396431
by_radar,KCRI,max_mesh_75_mh19_buffer,sig_severe_obs,2.0,0.0,3.572307969938067,percentile,109,536,0,0,1.0,0.8310077519379845,0.16899224806201552,0.0
by_radar,KCRI,max_mesh_75_mh19_buffer,sig_severe_obs,2.0,1.0,10.092255339636713,percentile,109,529,7,0,1.0,0.829153605015674,0.17084639498432602,0.0044524714717956645
by_radar,KCRI,max_mesh_75_mh19_buffer,sig_severe_obs,2.0,2.0,12.069509500910938,percentile,109,523,13,0,1.0,0.8275316455696202,0.17246835443037975,0.008331153044516109
by_radar,KCRI,max_mesh_75_mh19_buffer,sig_severe_obs,2.0,3.0,13.227480825241399,percentile,106,519,17,3,0.9724770642201835,0.8304,0.16878980891719744,0.001453229728928169
by_radar,KCRI,max_mesh_75_mh19_buffer,sig_severe_obs,2.0,4.0,14.544195204974237,percentile,106,513,23,3,0.9724770642201835,0.8287560581583199,0.17041800643086816,0.005373291335194162
by_radar,KCRI,max_mesh_75_mh19_buffer,sig_severe_obs,2.0,5.0,15.018460315792405,percentile,106,506,30,3,0.9724770642201835,0.826797385620915,0.17235772357723578,0.010023248871479876
by_radar,KCRI,max_mesh_75_mh19_buffer,sig_severe_obs,2.0,6.0,15.24637030101314,percentile,104,502,34,5,0.9541284403669725,0.8283828382838284,0.1702127659574468,0.006235812159833712
by_radar,KCRI,max_mesh_75_mh19_buffer,sig_severe_obs,2.0,7.0,15.819303888398235,percentile,104,495,41,5,0.9541284403669725,0.8263772954924875,0.17218543046357615,0.010972834720526991
by_radar,KCRI,max_mesh_75_mh19_buffer,sig_severe_obs,2.0,8.0,16.313535678519713,percentile,103,491,45,6,0.944954128440367,0.8265993265993266,0.17166666666666666,0.01042776043933655
by_radar,KCRI,max_mesh_75_mh19_buffer,sig_severe_obs,2.0,9.0,16.895977500830764,percentile,103,484,52,6,0.944954128440367,0.8245315161839863,0.1736930860033727,0.015279448145217072
by_radar,KCRI,max_mesh_75_mh19_buffer,sig_severe_obs,2.0,10.0,17.304644084877918,percentile,103,477,59,6,0.944954128440367,0.8224137931034483,0.1757679180887372,0.020222351516676364
by_radar,KCRI,max_mesh_75_mh19_buffer,sig_severe_obs,2.0,11.0,18.085485059099767,percentile,103,471,65,6,0.944954128440367,0.8205574912891986,0.17758620689655172,0.02453369181650143
by_radar,KCRI,max_mesh_75_mh19_buffer,sig_severe_obs,2.0,12.0,18.49215512349209,percentile,103,465,71,6,0.944954128440367,0.8186619718309859,0.1794425087108014,0.028915647245725463
by_radar,KCRI,max_mesh_75_mh19_buffer,sig_severe_obs,2.0,13.0,18.97213512940512,percentile,102,460,76,7,0.9357798165137615,0.8185053380782918,0.17926186291739896,0.029212418500768663
by_radar,KCRI,max_mesh_75_mh19_buffer,sig_severe_obs,2.0,14.0,19.26595246357708,percentile,102,452,84,7,0.9357798165137615,0.8158844765342961,0.18181818181818182,0.03522092920945177
by_radar,KCRI,max_mesh_75_mh19_buffer,sig_severe_obs,2.0,15.0,19.77238078338657,percentile,102,446,90,7,0.9357798165137615,0.8138686131386861,0.1837837837837838,0.03981584023713363
by_radar,KCRI,max_mesh_75_mh19_buffer,sig_severe_obs,2.0,16.0,20.15126974310487,percentile,102,439,97,7,0.9357798165137615,0.8114602587800369,0.18613138686131386,0.04527532922684792
by_radar,KCRI,max_mesh_75_mh19_buffer,sig_severe_obs,2.0,17.0,20.826931741782715,percentile,101,434,102,8,0.926605504587156,0.811214953271028,0.1860036832412523,0.04572384937238494
by_radar,KCRI,max_mesh_75_mh19_buffer,sig_severe_obs,2.0,18.0,21.91653735951633,percentile,100,429,107,9,0.9174311926605505,0.8109640831758034,0.18587360594795538,0.046180128837089954
by_radar,KCRI,max_mesh_75_mh19_buffer,sig_severe_obs,2.0,19.0,22.24248216659158,percentile,100,422,114,9,0.9174311926605505,0.8084291187739464,0.18832391713747645,0.05185556567382563
by_radar,KCRI,max_mesh_75_mh19_buffer,sig_severe_obs,2.0,20.0,22.586119719355853,percentile,100,417,119,9,0.9174311926605505,0.8065764023210832,0.19011406844106463,0.05598081521589753
by_radar,KCRI,max_mesh_75_mh19_buffer,sig_severe_obs,2.0,21.0,22.996419715155863,percentile,100,409,127,9,0.9174311926605505,0.8035363457760314,0.19305019305019305,0.06270858827455779
by_radar,KCRI,max_mesh_75_mh19_buffer,sig_severe_obs,2.0,22.0,23.398642049935795,percentile,100,403,133,9,0.9174311926605505,0.8011928429423459,0.1953125,0.0678602246339701
by_radar,KCRI,max_mesh_75_mh19_buffer,sig_severe_obs,2.0,23.0,23.81126577921027,percentile,99,397,139,10,0.908256880733945,0.8004032258064516,0.1956521739130435,0.06941583923260439
by_radar,KCRI,max_mesh_75_mh19_buffer,sig_severe_obs,2.0,24.0,24.457647208823875,percentile,99,392,144,10,0.908256880733945,0.7983706720977597,0.19760479041916168,0.07383859238039449
by_radar,KCRI,max_mesh_75_mh19_buffer,sig_severe_obs,2.0,25.0,24.592584597924304,percentile,99,385,151,10,0.908256880733945,0.7954545454545454,0.20040485829959515,0.08014499608265066
by_radar,KCRI,max_mesh_75_mh19_buffer,sig_severe_obs,2.0,26.0,24.937575786354277,percentile,99,378,158,10,0.908256880733945,0.7924528301886793,0.2032854209445585,0.08658899789768745
by_radar,KCRI,max_mesh_75_mh19_buffer,sig_severe_obs,2.0,27.0,25.094496388298456,percentile,98,373,163,11,0.8990825688073395,0.7919320594479831,0.2033195020746888,0.08747264407454075
by_radar,KCRI,max_mesh_75_mh19_buffer,sig_severe_obs,2.0,28.0,25.63096245868323,percentile,98,366,170,11,0.8990825688073395,0.7887931034482759,0.2063157894736842,0.09413149650005774
by_radar,KCRI,max_mesh_75_mh19_buffer,sig_severe_obs,2.0,29.0,25.787963046074513,percentile,98,360,176,11,0.8990825688073395,0.7860262008733624,0.208955223880597,0.09995825042971968
by_radar,KCRI,max_mesh_75_mh19_buffer,sig_severe_obs,2.0,30.0,25.95589830266362,percentile,97,354,182,12,0.8899082568807339,0.7849223946784922,0.20950323974082075,0.10199252896736939
by_radar,KCRI,max_mesh_75_mh19_buffer,sig_severe_obs,2.0,31.0,26.40759724505412,percentile,97,348,188,12,0.8899082568807339,0.7820224719101123,0.212253829321663,0.10802089735709895
by_radar,KCRI,max_mesh_75_mh19_buffer,sig_severe_obs,2.0,32.0,26.698366811415745,percentile,97,341,195,12,0.8899082568807339,0.7785388127853882,0.21555555555555556,0.11520570782377561
by_radar,KCRI,max_mesh_75_mh19_buffer,sig_severe_obs,2.0,33.0,26.84308998091981,percentile,96,336,200,13,0.8807339449541285,0.7777777777777778,0.2157303370786517,0.11643488807507978
by_radar,KCRI,max_mesh_75_mh19_buffer,sig_severe_obs,2.0,34.0,27.02253647589416,percentile,96,330,206,13,0.8807339449541285,0.7746478873239436,0.21867881548974943,0.1228038872830651
by_radar,KCRI,max_mesh_75_mh19_buffer,sig_severe_obs,2.0,35.0,27.39592200327053,percentile,95,325,211,14,0.8715596330275229,0.7738095238095238,0.21889400921658986,0.1241362735083819
by_radar,KCRI,max_mesh_75_mh19_buffer,sig_severe_obs,2.0,36.0,27.55975337919424,percentile,93,321,215,16,0.8532110091743119,0.7753623188405797,0.21627906976744185,0.12027537305277984
by_radar,KCRI,max_mesh_75_mh19_buffer,sig_severe_obs,2.0,37.0,28.046154826509014,percentile,93,313,223,16,0.8532110091743119,0.770935960591133,0.22037914691943128,0.12911883841472174
by_radar,KCRI,max_mesh_75_mh19_buffer,sig_severe_obs,2.0,38.0,28.330263812636787,percentile,93,307,229,16,0.8532110091743119,0.7675,0.22355769230769232,0.13591588726903217
by_radar,KCRI,max_mesh_75_mh19_buffer,sig_severe_obs,2.0,39.0,28.60273092945995,percentile,92,301,235,17,0.8440366972477065,0.7659033078880407,0.22439024390243903,0.13861311293655193
by_radar,KCRI,max_mesh_75_mh19_buffer,sig_severe_obs,2.0,40.0,28.773968863119865,percentile,92,295,241,17,0.8440366972477065,0.7622739018087855,0.22772277227722773,0.1456736035049288
by_radar,KCRI,max_mesh_75_mh19_buffer,sig_severe_obs,2.0,41.0,29.024628920225997,percentile,91,289,247,18,0.8348623853211009,0.7605263157894737,0.228643216080402,0.14856061746178487
by_radar,KCRI,max_mesh_75_mh19_buffer,sig_severe_obs,2.0,42.0,29.154095419172513,percentile,91,283,253,18,0.8348623853211009,0.7566844919786097,0.23214285714285715,0.15590231431763935
by_radar,KCRI,max_mesh_75_mh19_buffer,sig_severe_obs,2.0,43.0,29.45450570683737,percentile,91,277,259,18,0.8348623853211009,0.7527173913043478,0.23575129533678757,0.16340941167159834
by_radar,KCRI,max_mesh_75_mh19_buffer,sig_severe_obs,2.0,44.0,29.597829021543625,percentile,89,272,264,20,0.8165137614678899,0.7534626038781164,0.2335958005249344,0.16088963341828097
by_radar,KCRI,max_mesh_75_mh19_buffer,sig_severe_obs,2.0,45.0,29.67768423264611,percentile,87,269,267,22,0.7981651376146789,0.7556179775280899,0.23015873015873015,0.15573258005460672
by_radar,KCRI,max_mesh_75_mh19_buffer,sig_severe_obs,2.0,46.0,29.787661734303725,percentile,87,261,275,22,0.7981651376146789,0.75,0.23513513513513515,0.16612989433579564
by_radar,KCRI,max_mesh_75_mh19_buffer,sig_severe_obs,2.0,47.0,30.04073727249002,percentile,86,257,279,23,0.7889908256880734,0.749271137026239,0.23497267759562843,0.16684350866833358
by_radar,KCRI,max_mesh_75_mh19_buffer,sig_severe_obs,2.0,48.0,30.147950694377368,percentile,86,249,287,23,0.7889908256880734,0.7432835820895523,0.24022346368715083,0.17768924302788844
by_radar,KCRI,max_mesh_75_mh19_buffer,sig_severe_obs,2.0,49.0,30.401642035544057,percentile,86,243,293,23,0.7889908256880734,0.7386018237082067,0.24431818181818182,0.1860542345864091
by_radar,KCRI,max_mesh_75_mh19_buffer,sig_severe_obs,2.0,50.0,30.75091194981352,percentile,86,237,299,23,0.7889908256880734,0.7337461300309598,0.24855491329479767,0.19462507083649497
by_radar,KCRI,max_mesh_75_mh19_buffer,sig_severe_obs,2.0,51.0,31.07294952369183,percentile,85,231,305,24,0.7798165137614679,0.7310126582278481,0.25,0.1986094125328279
by_radar,KCRI,max_mesh_75_mh19_buffer,sig_severe_obs,2.0,52.0,31.30168284101009,percentile,85,225,311,24,0.7798165137614679,0.7258064516129032,0.25449101796407186,0.2075737017392377
by_radar,KCRI,max_mesh_75_mh19_buffer,sig_severe_obs,2.0,53.0,31.41566588891203,percentile,83,220,316,26,0.7614678899082569,0.7260726072607261,0.25227963525835867,0.20540248189657762
by_radar,KCRI,max_mesh_75_mh19_buffer,sig_severe_obs,2.0,54.0,31.49306637858473,percentile,80,217,319,29,0.7339449541284404,0.7306397306397306,0.24539877300613497,0.19507518110427954
by_radar,KCRI,max_mesh_75_mh19_buffer,sig_severe_obs,2.0,55.0,31.736175905101135,percentile,79,211,325,30,0.7247706422018348,0.7275862068965517,0.246875,0.19929430550905297
by_radar,KCRI,max_mesh_75_mh19_buffer,sig_severe_obs,2.0,56.0,31.937876638934032,percentile,76,208,328,33,0.6972477064220184,0.7323943661971831,0.23974763406940064,0.18858607423801893
by_radar,KCRI,max_mesh_75_mh19_buffer,sig_severe_obs,2.0,57.0,32.12855348954538,percentile,76,201,335,33,0.6972477064220184,0.7256317689530686,0.24516129032258063,0.19966699189750986
by_radar,KCRI,max_mesh_75_mh19_buffer,sig_severe_obs,2.0,58.0,32.444823217590866,percentile,74,197,339,35,0.6788990825688074,0.7269372693726938,0.24183006535947713,0.1955790175355603
by_radar,KCRI,max_mesh_75_mh19_buffer,sig_severe_obs,2.0,59.0,32.74045729563936,percentile,74,191,345,35,0.6788990825688074,0.720754716981132,0.24666666666666667,0.20543987790254006
by_radar,KCRI,max_mesh_75_mh19_buffer,sig_severe_obs,2.0,60.0,32.96059275691537,percentile,73,185,351,36,0.6697247706422018,0.7170542635658915,0.24829931972789115,0.21015010721944247
by_radar,KCRI,max_mesh_75_mh19_buffer,sig_severe_obs,2.0,61.0,33.105751289621345,percentile,72,180,356,37,0.6605504587155964,0.7142857142857143,0.2491349480968858,0.21327757449032933
by_radar,KCRI,max_mesh_75_mh19_buffer,sig_severe_obs,2.0,62.0,33.219375103321646,percentile,71,175,361,38,0.6513761467889908,0.7113821138211383,0.25,0.2164964327875584
by_radar,KCRI,max_mesh_75_mh19_buffer,sig_severe_obs,2.0,63.0,33.406105971111884,percentile,70,169,367,39,0.6422018348623854,0.7071129707112971,0.2517985611510791,0.22162011626962486
by_radar,KCRI,max_mesh_75_mh19_buffer,sig_severe_obs,2.0,64.0,33.565378076250845,percentile,68,164,372,41,0.6238532110091743,0.7068965517241379,0.2490842490842491,0.21930813785285383
by_radar,KCRI,max_mesh_75_mh19_buffer,sig_severe_obs,2.0,65.0,33.75684680267634,percentile,64,162,374,45,0.5871559633027523,0.7168141592920354,0.23616236162361623,0.19958395031383575
by_radar,KCRI,max_mesh_75_mh19_buffer,sig_severe_obs,2.0,66.0,33.892001648096844,percentile,61,158,378,48,0.5596330275229358,0.7214611872146118,0.22846441947565543,0.18891696883126397
by_radar,KCRI,max_mesh_75_mh19_buffer,sig_severe_obs,2.0,67.0,34.055994530911896,percentile,59,154,382,50,0.5412844036697247,0.7230046948356808,0.22433460076045628,0.18403036166096146
by_radar,KCRI,max_mesh_75_mh19_buffer,sig_severe_obs,2.0,68.0,34.36737407221873,percentile,57,150,386,52,0.5229357798165137,0.7246376811594203,0.22007722007722008,0.17898597300465047
by_radar,KCRI,max_mesh_75_mh19_buffer,sig_severe_obs,2.0,69.0,34.81560319974006,percentile,56,144,392,53,0.5137614678899083,0.72,0.22134387351778656,0.18393757425901544
by_radar,KCRI,max_mesh_75_mh19_buffer,sig_severe_obs,2.0,70.0,35.01383500304675,percentile,55,139,397,54,0.5045871559633027,0.7164948453608248,0.2217741935483871,0.18713228812286556
by_radar,KCRI,max_mesh_75_mh19_buffer,sig_severe_obs,2.0,71.0,35.14125775455507,percentile,52,135,401,57,0.47706422018348627,0.7219251336898396,0.21311475409836064,0.1752467466734153
by_radar,KCRI,max_mesh_75_mh19_buffer,sig_severe_obs,2.0,72.0,35.4069888067373,percentile,52,129,407,57,0.47706422018348627,0.712707182320442,0.2184873949579832,0.1871510650983793
by_radar,KCRI,max_mesh_75_mh19_buffer,sig_severe_obs,2.0,73.0,35.65981839423741,percentile,51,123,413,58,0.46788990825688076,0.7068965517241379,0.21982758620689655,0.1926516047384909
by_radar,KCRI,max_mesh_75_mh19_buffer,sig_severe_obs,2.0,74.0,35.89244307278841,percentile,50,118,418,59,0.45871559633027525,0.7023809523809523,0.22026431718061673,0.19625319450017953
by_radar,KCRI,max_mesh_75_mh19_buffer,sig_severe_obs,2.0,75.0,36.198255585906416,percentile,49,113,423,60,0.44954128440366975,0.6975308641975309,0.22072072072072071,0.19998709483148
by_radar,KCRI,max_mesh_75_mh19_buffer,sig_severe_obs,2.0,76.0,36.3976071330792,percentile,49,106,430,60,0.44954128440366975,0.6838709677419355,0.22790697674418606,0.21554692651476298
by_radar,KCRI,max_mesh_75_mh19_buffer,sig_severe_obs,2.0,77.0,36.58828947886882,percentile,47,102,434,62,0.43119266055045874,0.6845637583892618,0.22274881516587677,0.2101726300698883
by_radar,KCRI,max_mesh_75_mh19_buffer,sig_severe_obs,2.0,78.0,36.86387147060979,percentile,43,99,437,66,0.3944954128440367,0.6971830985915493,0.20673076923076922,0.18721694834999503
by_radar,KCRI,max_mesh_75_mh19_buffer,sig_severe_obs,2.0,79.0,37.351142993254186,percentile,41,95,441,68,0.3761467889908257,0.6985294117647058,0.20098039215686275,0.18104489121883202
by_radar,KCRI,max_mesh_75_mh19_buffer,sig_severe_obs,2.0,80.0,37.791392681296095,percentile,40,89,447,69,0.3669724770642202,0.689922480620155,0.20202020202020202,0.18724279835390947
by_radar,KCRI,max_mesh_75_mh19_buffer,sig_severe_obs,2.0,81.0,38.07947695739337,percentile,38,85,451,71,0.3486238532110092,0.6910569105691057,0.1958762886597938,0.1807923403839578
by_radar,KCRI,max_mesh_75_mh19_buffer,sig_severe_obs,2.0,82.0,38.362268790796996,percentile,37,79,457,72,0.3394495412844037,0.6810344827586207,0.19680851063829788,0.18727104316696846
by_radar,KCRI,max_mesh_75_mh19_buffer,sig_severe_obs,2.0,83.0,38.530244823482256,percentile,35,78,458,74,0.3211009174311927,0.6902654867256637,0.18716577540106952,0.17304902324639831
by_radar,KCRI,max_mesh_75_mh19_buffer,sig_severe_obs,2.0,84.0,39.06947468114683,percentile,33,71,465,76,0.30275229357798167,0.6826923076923077,0.18333333333333332,0.17345898023763653
by_radar,KCRI,max_mesh_75_mh19_buffer,sig_severe_obs,2.0,85.0,39.7648472063533,percentile,32,65,471,77,0.29357798165137616,0.6701030927835051,0.1839080459770115,0.1802119508789517
by_radar,KCRI,max_mesh_75_mh19_buffer,sig_severe_obs,2.0,86.0,40.24032788328677,percentile,30,61,475,79,0.27522935779816515,0.6703296703296703,0.17647058823529413,0.17278906579212547
by_radar,KCRI,max_mesh_75_mh19_buffer,sig_severe_obs,2.0,87.0,40.54162318709681,percentile,30,55,481,79,0.27522935779816515,0.6470588235294118,0.18292682926829268,0.18921200750469044
by_radar,KCRI,max_mesh_75_mh19_buffer,sig_severe_obs,2.0,88.0,40.68623513410406,percentile,29,49,487,80,0.26605504587155965,0.6282051282051282,0.18354430379746836,0.19694820048064396
by_radar,KCRI,max_mesh_75_mh19_buffer,sig_severe_obs,2.0,89.0,41.58115845804194,percentile,28,43,493,81,0.25688073394495414,0.6056338028169014,0.18421052631578946,0.2051440042932957
by_radar,KCRI,max_mesh_75_mh19_buffer,sig_severe_obs,2.0,90.0,42.33448969940402,percentile,24,41,495,85,0.22018348623853212,0.6307692307692307,0.16,0.17122170099938813
by_radar,KCRI,max_mesh_75_mh19_buffer,sig_severe_obs,2.0,91.0,42.78268733443982,percentile,22,36,500,87,0.2018348623853211,0.6206896551724138,0.15172413793103448,0.1655184020363728
by_radar,KCRI,max_mesh_75_mh19_buffer,sig_severe_obs,2.0,92.0,43.27789254752328,percentile,20,32,504,89,0.1834862385321101,0.6153846153846154,0.14184397163120568,0.15635235490600916
by_radar,KCRI,max_mesh_75_mh19_buffer,sig_severe_obs,2.0,93.0,43.933081510657516,percentile,19,27,509,90,0.1743119266055046,0.5869565217391305,0.13970588235294118,0.16100592571180805
by_radar,KCRI,max_mesh_75_mh19_buffer,sig_severe_obs,2.0,94.0,44.67843778246564,percentile,18,21,515,91,0.1651376146788991,0.5384615384615384,0.13846153846153847,0.16925412267991444
by_radar,KCRI,max_mesh_75_mh19_buffer,sig_severe_obs,2.0,95.0,45.04493270053035,percentile,14,20,516,95,0.12844036697247707,0.5882352941176471,0.10852713178294573,0.1255319901441826
by_radar,KCRI,max_mesh_75_mh19_buffer,sig_severe_obs,2.0,96.0,46.481662375019496,percentile,12,14,522,97,0.11009174311926606,0.5384615384615384,0.0975609756097561,0.12053017553773017
by_radar,KCRI,max_mesh_75_mh19_buffer,sig_severe_obs,2.0,97.0,46.67915981276174,percentile,12,8,528,97,0.11009174311926606,0.4,0.10256410256410256,0.1410362102860042
by_radar,KCRI,max_mesh_75_mh19_buffer,sig_severe_obs,2.0,98.0,47.27085782436618,percentile,10,3,533,99,0.09174311926605505,0.23076923076923078,0.08928571428571429,0.13269879772199958
by_radar,KCRI,max_mesh_75_mh19_buffer,sig_severe_obs,2.0,99.0,50.35267706786569,percentile,7,0,536,102,0.06422018348623854,0.0,0.06422018348623854,0.10238218680928862
by_radar,KCRI,max_mesh_75_mh19_buffer,sig_severe_obs,2.0,100.0,56.792417204643925,percentile,1,0,536,108,0.009174311926605505,0.0,0.009174311926605505,0.015155799355313013
