scope,scope_value,field,obs_col,spatial_buffer_km,percentile,threshold,threshold_source,tp,fp,tn,fn,POD,FAR,CSI,HSS
all_radars_all_dates,all,max_reflectivity,severe_obs,0.0,0.0,40.0,percentile,1328,676,0,0,1.0,0.3373253493013972,0.6626746506986028,0.0
all_radars_all_dates,all,max_reflectivity,severe_obs,0.0,1.0,45.196790657043465,percentile,1312,671,5,16,0.9879518072289156,0.3383761976802824,0.656328164082041,-0.006103496356317908
all_radars_all_dates,all,max_reflectivity,severe_obs,0.0,2.0,46.70315376281739,percentile,1308,655,21,20,0.9849397590361446,0.3336729495669893,0.659606656580938,0.020801542742479563
all_radars_all_dates,all,max_reflectivity,severe_obs,0.0,3.0,47.521192169189455,percentile,1299,644,32,29,0.9781626506024096,0.3314462171899125,0.6587221095334685,0.03283240443005114
all_radars_all_dates,all,max_reflectivity,severe_obs,0.0,4.0,48.18644287109375,percentile,1291,632,44,37,0.9721385542168675,0.328653146125845,0.6586734693877551,0.04748791487983085
all_radars_all_dates,all,max_reflectivity,severe_obs,0.0,5.0,48.98612880706788,percentile,1289,614,62,39,0.9706325301204819,0.3226484498160799,0.6637487126673532,0.07880294757827216
all_radars_all_dates,all,max_reflectivity,severe_obs,0.0,6.0,49.40857475280762,percentile,1282,601,75,46,0.9653614457831325,0.31917153478491767,0.6645930533955418,0.09556946308443941
all_radars_all_dates,all,max_reflectivity,severe_obs,0.0,7.0,49.89037536621094,percentile,1274,589,87,54,0.9593373493975904,0.31615673644659154,0.6645800730307773,0.10926314567036904
all_radars_all_dates,all,max_reflectivity,severe_obs,0.0,8.0,50.18659545898438,percentile,1268,575,101,60,0.9548192771084337,0.31199131850244166,0.6663163426169206,0.1282037931705392
all_radars_all_dates,all,max_reflectivity,severe_obs,0.0,9.0,50.67264045715332,percentile,1261,562,114,67,0.9495481927710844,0.30828304991771804,0.6671957671957672,0.14408752264523506
all_radars_all_dates,all,max_reflectivity,severe_obs,0.0,10.0,51.081051635742185,percentile,1254,549,127,74,0.9442771084337349,0.30449251247920134,0.6680873734683005,0.15969243940458594
all_radars_all_dates,all,max_reflectivity,severe_obs,0.0,11.0,51.481670722961425,percentile,1247,536,140,81,0.9390060240963856,0.30061693774537296,0.6689914163090128,0.17502582072543563
all_radars_all_dates,all,max_reflectivity,severe_obs,0.0,12.0,51.93090576171875,percentile,1239,524,152,89,0.9329819277108434,0.2972206466250709,0.6690064794816415,0.18744361160866654
all_radars_all_dates,all,max_reflectivity,severe_obs,0.0,13.0,52.180939178466794,percentile,1234,509,167,94,0.9292168674698795,0.29202524383247275,0.6717474142623843,0.2075342519654057
all_radars_all_dates,all,max_reflectivity,severe_obs,0.0,14.0,52.41396919250489,percentile,1228,495,181,100,0.9246987951807228,0.2872896111433546,0.673614920460779,0.22467807084392125
all_radars_all_dates,all,max_reflectivity,severe_obs,0.0,15.0,52.660750198364255,percentile,1220,483,193,108,0.9186746987951807,0.28361714621256606,0.6736609607951408,0.2363651837963166
all_radars_all_dates,all,max_reflectivity,severe_obs,0.0,16.0,52.79075454711914,percentile,1213,470,206,115,0.9134036144578314,0.27926322043969104,0.6746384872080089,0.25042007780071046
all_radars_all_dates,all,max_reflectivity,severe_obs,0.0,17.0,52.98834091186524,percentile,1197,466,210,131,0.901355421686747,0.28021647624774504,0.6672240802675585,0.24136925219208694
all_radars_all_dates,all,max_reflectivity,severe_obs,0.0,18.0,53.18311210632324,percentile,1187,456,220,141,0.8938253012048193,0.27754108338405353,0.6653587443946188,0.24759068120014388
all_radars_all_dates,all,max_reflectivity,severe_obs,0.0,19.0,53.38596244812012,percentile,1181,442,234,147,0.8893072289156626,0.2723351817621688,0.6672316384180791,0.263711422005644
all_radars_all_dates,all,max_reflectivity,severe_obs,0.0,20.0,53.556878662109376,percentile,1174,429,247,154,0.8840361445783133,0.26762320648783533,0.668184405236198,0.27709206289491856
all_radars_all_dates,all,max_reflectivity,severe_obs,0.0,21.0,53.84172149658203,percentile,1161,422,254,167,0.8742469879518072,0.26658243840808593,0.6634285714285715,0.27549785292868384
all_radars_all_dates,all,max_reflectivity,severe_obs,0.0,22.0,54.01371849060059,percentile,1152,411,265,176,0.8674698795180723,0.2629558541266795,0.6624496837262794,0.283691259965072
all_radars_all_dates,all,max_reflectivity,severe_obs,0.0,23.0,54.13544044494629,percentile,1136,407,269,192,0.8554216867469879,0.26377187297472454,0.6547550432276658,0.2748061350493815
all_radars_all_dates,all,max_reflectivity,severe_obs,0.0,24.0,54.314735870361325,percentile,1128,395,281,200,0.8493975903614458,0.2593565331582403,0.6546720835751596,0.28527928761697424
all_radars_all_dates,all,max_reflectivity,severe_obs,0.0,25.0,54.45330619812012,percentile,1118,385,291,210,0.8418674698795181,0.25615435795076513,0.652656158785756,0.2908224076281287
all_radars_all_dates,all,max_reflectivity,severe_obs,0.0,26.0,54.686556549072264,percentile,1111,372,304,217,0.8365963855421686,0.25084288604180716,0.6535294117647059,0.30337654243754114
all_radars_all_dates,all,max_reflectivity,severe_obs,0.0,27.0,54.81518821716309,percentile,1101,362,314,227,0.829066265060241,0.24743677375256323,0.6514792899408284,0.3086967827783882
all_radars_all_dates,all,max_reflectivity,severe_obs,0.0,28.0,54.933349609375,percentile,1092,351,325,236,0.822289156626506,0.24324324324324326,0.6503871351995235,0.3162659636054208
all_radars_all_dates,all,max_reflectivity,severe_obs,0.0,29.0,55.028965377807616,percentile,1079,344,332,249,0.8125,0.24174279690794098,0.6453349282296651,0.31447301322860594
all_radars_all_dates,all,max_reflectivity,severe_obs,0.0,30.0,55.18721618652344,percentile,1067,336,340,261,0.8034638554216867,0.23948681397006416,0.6412259615384616,0.31500163750833066
all_radars_all_dates,all,max_reflectivity,severe_obs,0.0,31.0,55.301559410095216,percentile,1055,328,348,273,0.7944277108433735,0.23716558206796817,0.6370772946859904,0.31552242673886505
all_radars_all_dates,all,max_reflectivity,severe_obs,0.0,32.0,55.431077270507814,percentile,1040,323,353,288,0.7831325301204819,0.23697725605282466,0.6299212598425197,0.3092524353561589
all_radars_all_dates,all,max_reflectivity,severe_obs,0.0,33.0,55.53568145751952,percentile,1028,315,361,300,0.7740963855421686,0.23454951600893523,0.6256847230675593,0.30980760227499277
all_radars_all_dates,all,max_reflectivity,severe_obs,0.0,34.0,55.64473266601563,percentile,1016,306,370,312,0.7650602409638554,0.2314674735249622,0.6217870257037944,0.3117183366604274
all_radars_all_dates,all,max_reflectivity,severe_obs,0.0,35.0,55.78460960388183,percentile,1001,301,375,327,0.7537650602409639,0.23118279569892472,0.614487415592388,0.30561330561330563
all_radars_all_dates,all,max_reflectivity,severe_obs,0.0,36.0,55.94515090942384,percentile,984,298,378,344,0.7409638554216867,0.23244929797191888,0.6051660516605166,0.2952042457522756
all_radars_all_dates,all,max_reflectivity,severe_obs,0.0,37.0,56.051410293579096,percentile,967,295,381,361,0.7281626506024096,0.23375594294770205,0.5958102279728897,0.28494284433730327
all_radars_all_dates,all,max_reflectivity,severe_obs,0.0,38.0,56.19984558105469,percentile,952,290,386,376,0.7168674698795181,0.23349436392914655,0.588380716934487,0.27915537869262574
all_radars_all_dates,all,max_reflectivity,severe_obs,0.0,39.0,56.39780075073242,percentile,942,280,396,386,0.7093373493975904,0.22913256955810146,0.585820895522388,0.28419666110326897
all_radars_all_dates,all,max_reflectivity,severe_obs,0.0,40.0,56.46560821533203,percentile,925,277,399,403,0.6965361445783133,0.23044925124792012,0.5763239875389408,0.27422550393905437
all_radars_all_dates,all,max_reflectivity,severe_obs,0.0,41.0,56.58288146972656,percentile,914,268,408,414,0.6882530120481928,0.22673434856175972,0.5726817042606517,0.2771113396041992
all_radars_all_dates,all,max_reflectivity,severe_obs,0.0,42.0,56.734513397216794,percentile,901,261,415,427,0.6784638554216867,0.22461273666092943,0.5670232850849591,0.2757468660830977
all_radars_all_dates,all,max_reflectivity,severe_obs,0.0,43.0,56.85320362091065,percentile,886,256,420,442,0.6671686746987951,0.22416812609457093,0.5593434343434344,0.2702188312582693
all_radars_all_dates,all,max_reflectivity,severe_obs,0.0,44.0,57.04942794799805,percentile,873,249,427,455,0.6573795180722891,0.22192513368983957,0.553582752060875,0.26891937269143235
all_radars_all_dates,all,max_reflectivity,severe_obs,0.0,45.0,57.19390029907227,percentile,858,244,432,470,0.6460843373493976,0.22141560798548093,0.5458015267175572,0.26351137116997664
all_radars_all_dates,all,max_reflectivity,severe_obs,0.0,46.0,57.34158332824707,percentile,843,239,437,485,0.634789156626506,0.2208872458410351,0.5379706445437141,0.2581754819392918
all_radars_all_dates,all,max_reflectivity,severe_obs,0.0,47.0,57.449283599853516,percentile,829,233,443,499,0.6242469879518072,0.2193973634651601,0.5310698270339526,0.254945939027512
all_radars_all_dates,all,max_reflectivity,severe_obs,0.0,48.0,57.601601715087895,percentile,814,228,448,514,0.6129518072289156,0.21880998080614203,0.5231362467866324,0.24973662009921652
all_radars_all_dates,all,max_reflectivity,severe_obs,0.0,49.0,57.69421604156494,percentile,799,223,453,529,0.6016566265060241,0.2181996086105675,0.5151515151515151,0.24459540203151128
all_radars_all_dates,all,max_reflectivity,severe_obs,0.0,50.0,57.80037307739258,percentile,786,216,460,542,0.5918674698795181,0.2155688622754491,0.5090673575129534,0.2435129740518962
all_radars_all_dates,all,max_reflectivity,severe_obs,0.0,51.0,57.93902332305908,percentile,773,209,467,555,0.5820783132530121,0.21283095723014256,0.5029277813923227,0.24244451393534444
all_radars_all_dates,all,max_reflectivity,severe_obs,0.0,52.0,58.04593994140625,percentile,759,203,473,569,0.5715361445783133,0.21101871101871103,0.495754408883083,0.2394193368231856
all_radars_all_dates,all,max_reflectivity,severe_obs,0.0,53.0,58.15353591918946,percentile,742,200,476,586,0.5587349397590361,0.21231422505307856,0.4856020942408377,0.23055910524402967
all_radars_all_dates,all,max_reflectivity,severe_obs,0.0,54.0,58.259613037109375,percentile,733,189,487,595,0.5519578313253012,0.20498915401301518,0.4831905075807515,0.23737481603442048
all_radars_all_dates,all,max_reflectivity,severe_obs,0.0,55.0,58.47855567932129,percentile,721,181,495,607,0.5429216867469879,0.2006651884700665,0.4777998674618953,0.23830508082160592
all_radars_all_dates,all,max_reflectivity,severe_obs,0.0,56.0,58.628094329833985,percentile,705,177,499,623,0.5308734939759037,0.20068027210884354,0.4684385382059801,0.2315391075270054
all_radars_all_dates,all,max_reflectivity,severe_obs,0.0,57.0,58.773141860961914,percentile,689,173,503,639,0.5188253012048193,0.20069605568445475,0.4590273151232512,0.22485718967573767
all_radars_all_dates,all,max_reflectivity,severe_obs,0.0,58.0,58.87240905761718,percentile,674,168,508,654,0.5075301204819277,0.1995249406175772,0.4505347593582888,0.22015520316920478
all_radars_all_dates,all,max_reflectivity,severe_obs,0.0,59.0,58.98542549133301,percentile,661,161,515,667,0.4977409638554217,0.19586374695863748,0.44392209536601746,0.21928249601951286
all_radars_all_dates,all,max_reflectivity,severe_obs,0.0,60.0,59.12131805419922,percentile,647,155,521,681,0.4871987951807229,0.19326683291770574,0.43627781523937964,0.21654614086741164
all_radars_all_dates,all,max_reflectivity,severe_obs,0.0,61.0,59.27290267944336,percentile,632,150,526,696,0.4759036144578313,0.1918158567774936,0.42760487144790255,0.21198002461597956
all_radars_all_dates,all,max_reflectivity,severe_obs,0.0,62.0,59.390685882568356,percentile,618,144,532,710,0.46536144578313254,0.1889763779527559,0.41983695652173914,0.20932063379422755
all_radars_all_dates,all,max_reflectivity,severe_obs,0.0,63.0,59.52661293029785,percentile,604,138,538,724,0.45481927710843373,0.18598382749326145,0.4120054570259209,0.20669309418753742
all_radars_all_dates,all,max_reflectivity,severe_obs,0.0,64.0,59.67467788696288,percentile,590,132,544,738,0.4442771084337349,0.18282548476454294,0.4041095890410959,0.2040968369847455
all_radars_all_dates,all,max_reflectivity,severe_obs,0.0,65.0,59.78083744049072,percentile,575,127,549,753,0.4329819277108434,0.18091168091168092,0.3951890034364261,0.19971247154666347
all_radars_all_dates,all,max_reflectivity,severe_obs,0.0,66.0,59.995485916137696,percentile,557,125,551,771,0.4194277108433735,0.18328445747800587,0.383344803854095,0.18995528383396912
all_radars_all_dates,all,max_reflectivity,severe_obs,0.0,67.0,60.08389461517334,percentile,541,120,556,787,0.40737951807228917,0.1815431164901664,0.3736187845303867,0.18504443268739296
all_radars_all_dates,all,max_reflectivity,severe_obs,0.0,68.0,60.2153727722168,percentile,529,112,564,799,0.3983433734939759,0.1747269890795632,0.36736111111111114,0.18620831067407215
all_radars_all_dates,all,max_reflectivity,severe_obs,0.0,69.0,60.331003532409675,percentile,513,108,568,815,0.38629518072289154,0.17391304347826086,0.35724233983286907,0.18025367617730742
all_radars_all_dates,all,max_reflectivity,severe_obs,0.0,70.0,60.435377502441405,percentile,499,102,574,829,0.3757530120481928,0.16971713810316139,0.34895104895104895,0.17789958844835335
all_radars_all_dates,all,max_reflectivity,severe_obs,0.0,71.0,60.563835792541504,percentile,484,97,579,844,0.3644578313253012,0.16695352839931152,0.33964912280701753,0.17381642935377875
all_radars_all_dates,all,max_reflectivity,severe_obs,0.0,72.0,60.70438751220703,percentile,468,93,583,860,0.35240963855421686,0.1657754010695187,0.32934553131597466,0.1680336652813717
all_radars_all_dates,all,max_reflectivity,severe_obs,0.0,73.0,60.88824516296388,percentile,451,90,586,877,0.33960843373493976,0.16635859519408502,0.31805359661495064,0.16058009685607602
all_radars_all_dates,all,max_reflectivity,severe_obs,0.0,74.0,61.06166511535645,percentile,438,83,593,890,0.32981927710843373,0.15930902111324377,0.3104181431608788,0.1601157812217331
all_radars_all_dates,all,max_reflectivity,severe_obs,0.0,75.0,61.20296287536621,percentile,421,80,596,907,0.3170180722891566,0.1596806387225549,0.2990056818181818,0.15278969957081545
all_radars_all_dates,all,max_reflectivity,severe_obs,0.0,76.0,61.33945373535156,percentile,407,74,602,921,0.3064759036144578,0.15384615384615385,0.29029957203994294,0.1506666098734932
all_radars_all_dates,all,max_reflectivity,severe_obs,0.0,77.0,61.479057998657225,percentile,391,70,606,937,0.2944277108433735,0.15184381778741865,0.27968526466380544,0.14517142929759314
all_radars_all_dates,all,max_reflectivity,severe_obs,0.0,78.0,61.67456741333008,percentile,374,67,609,954,0.2816265060240964,0.15192743764172337,0.26810035842293906,0.13804817632636554
all_radars_all_dates,all,max_reflectivity,severe_obs,0.0,79.0,61.89324947357178,percentile,358,63,613,970,0.26957831325301207,0.1496437054631829,0.2573687994248742,0.13268197853210548
all_radars_all_dates,all,max_reflectivity,severe_obs,0.0,80.0,62.04347534179687,percentile,343,58,618,985,0.2582831325301205,0.14463840399002495,0.2474747474747475,0.12904419424466426
all_radars_all_dates,all,max_reflectivity,severe_obs,0.0,81.0,62.27724452972412,percentile,328,53,623,1000,0.2469879518072289,0.13910761154855644,0.23750905141202028,0.12544572920552033
all_radars_all_dates,all,max_reflectivity,severe_obs,0.0,82.0,62.460230102539064,percentile,312,49,627,1016,0.23493975903614459,0.13573407202216067,0.22657952069716775,0.12023380627715442
all_radars_all_dates,all,max_reflectivity,severe_obs,0.0,83.0,62.68511150360107,percentile,295,46,630,1033,0.22213855421686746,0.1348973607038123,0.21470160116448325,0.11343430450434198
all_radars_all_dates,all,max_reflectivity,severe_obs,0.0,84.0,62.854225158691406,percentile,277,44,632,1051,0.2085843373493976,0.13707165109034267,0.2018950437317784,0.10507255242616292
all_radars_all_dates,all,max_reflectivity,severe_obs,0.0,85.0,63.04407596588135,percentile,261,40,636,1067,0.19653614457831325,0.132890365448505,0.19078947368421054,0.10005111437449798
all_radars_all_dates,all,max_reflectivity,severe_obs,0.0,86.0,63.19264289855957,percentile,245,36,640,1083,0.1844879518072289,0.12811387900355872,0.17961876832844575,0.09508252290060934
all_radars_all_dates,all,max_reflectivity,severe_obs,0.0,87.0,63.380400238037105,percentile,225,36,640,1103,0.1694277108433735,0.13793103448275862,0.16495601173020527,0.08373034032611576
all_radars_all_dates,all,max_reflectivity,severe_obs,0.0,88.0,63.6747933959961,percentile,209,32,644,1119,0.15737951807228914,0.13278008298755187,0.1536764705882353,0.07889848173853317
all_radars_all_dates,all,max_reflectivity,severe_obs,0.0,89.0,63.89966526031494,percentile,196,25,651,1132,0.14759036144578314,0.11312217194570136,0.14486326681448633,0.07889338238215174
all_radars_all_dates,all,max_reflectivity,severe_obs,0.0,90.0,64.13415908813477,percentile,178,23,653,1150,0.13403614457831325,0.11442786069651742,0.13175425610658772,0.07096820089635057
all_radars_all_dates,all,max_reflectivity,severe_obs,0.0,91.0,64.34369781494141,percentile,160,21,655,1168,0.12048192771084337,0.11602209944751381,0.11860637509266123,0.06312428734321551
all_radars_all_dates,all,max_reflectivity,severe_obs,0.0,92.0,64.67529205322266,percentile,143,18,658,1185,0.10768072289156627,0.11180124223602485,0.1062407132243685,0.05692826462833583
all_radars_all_dates,all,max_reflectivity,severe_obs,0.0,93.0,64.99145149230958,percentile,124,17,659,1204,0.09337349397590361,0.12056737588652482,0.09219330855018587,0.047675314667351656
all_radars_all_dates,all,max_reflectivity,severe_obs,0.0,94.0,65.22477676391601,percentile,108,13,663,1220,0.08132530120481928,0.10743801652892562,0.08053691275167785,0.043171908519915425
all_radars_all_dates,all,max_reflectivity,severe_obs,0.0,95.0,65.7874382019043,percentile,89,12,664,1239,0.06701807228915663,0.1188118811881188,0.0664179104477612,0.034081049216709174
all_radars_all_dates,all,max_reflectivity,severe_obs,0.0,96.0,66.18548492431641,percentile,72,9,667,1256,0.05421686746987952,0.1111111111111111,0.05385190725504862,0.028154111558366876
all_radars_all_dates,all,max_reflectivity,severe_obs,0.0,97.0,66.72028732299805,percentile,53,8,668,1275,0.039909638554216864,0.13114754098360656,0.03967065868263473,0.01922839247160066
all_radars_all_dates,all,max_reflectivity,severe_obs,0.0,98.0,67.10281021118163,percentile,38,3,673,1290,0.0286144578313253,0.07317073170731707,0.028549962434259956,0.016476250483948105
all_radars_all_dates,all,max_reflectivity,severe_obs,0.0,99.0,68.25749046325684,percentile,19,2,674,1309,0.01430722891566265,0.09523809523809523,0.014285714285714285,0.007695968454687606
all_radars_all_dates,all,max_reflectivity,severe_obs,0.0,100.0,71.3469009399414,percentile,0,1,675,1328,0.0,1.0,0.0,-0.0009982485548698443
all_radars_all_dates,all,max_reflectivity,sig_severe_obs,0.0,0.0,40.0,percentile,281,1723,0,0,1.0,0.8597804391217565,0.14021956087824353,0.0
all_radars_all_dates,all,max_reflectivity,sig_severe_obs,0.0,1.0,45.196790657043465,percentile,280,1703,20,1,0.99644128113879,0.8587997982854261,0.14112903225806453,0.002277209498014673
all_radars_all_dates,all,max_reflectivity,sig_severe_obs,0.0,2.0,46.70315376281739,percentile,278,1685,38,3,0.9893238434163701,0.8583800305654611,0.14140386571719227,0.0032465370369824708
all_radars_all_dates,all,max_reflectivity,sig_severe_obs,0.0,3.0,47.521192169189455,percentile,275,1668,55,6,0.9786476868327402,0.8584662892434379,0.14109799897383274,0.0030413708457531063
all_radars_all_dates,all,max_reflectivity,sig_severe_obs,0.0,4.0,48.18644287109375,percentile,271,1652,71,10,0.9644128113879004,0.859074362974519,0.14019658561821002,0.0016312509554598346
all_radars_all_dates,all,max_reflectivity,sig_severe_obs,0.0,5.0,48.98612880706788,percentile,271,1632,91,10,0.9644128113879004,0.8575932737782449,0.14166231050705697,0.005044069846549248
all_radars_all_dates,all,max_reflectivity,sig_severe_obs,0.0,6.0,49.40857475280762,percentile,270,1613,110,11,0.9608540925266904,0.8566117896972916,0.14255543822597677,0.007294389658401481
all_radars_all_dates,all,max_reflectivity,sig_severe_obs,0.0,7.0,49.89037536621094,percentile,267,1596,127,14,0.9501779359430605,0.856682769726248,0.14224826851358552,0.007117864825192256
all_radars_all_dates,all,max_reflectivity,sig_severe_obs,0.0,8.0,50.18659545898438,percentile,267,1576,147,14,0.9501779359430605,0.855127509495388,0.14378029079159935,0.010671493729682402
all_radars_all_dates,all,max_reflectivity,sig_severe_obs,0.0,9.0,50.67264045715332,percentile,266,1557,166,15,0.9466192170818505,0.8540866703236424,0.14472252448313383,0.013033657174902643
all_radars_all_dates,all,max_reflectivity,sig_severe_obs,0.0,10.0,51.081051635742185,percentile,266,1537,186,15,0.9466192170818505,0.8524681087077094,0.14631463146314633,0.016706027410252764
all_radars_all_dates,all,max_reflectivity,sig_severe_obs,0.0,11.0,51.481670722961425,percentile,266,1517,206,15,0.9466192170818505,0.8508132361189007,0.14794215795328142,0.02044598160301958
all_radars_all_dates,all,max_reflectivity,sig_severe_obs,0.0,12.0,51.93090576171875,percentile,265,1498,225,16,0.9430604982206405,0.8496880317640386,0.1489600899381675,0.022964735281142023
all_radars_all_dates,all,max_reflectivity,sig_severe_obs,0.0,13.0,52.180939178466794,percentile,265,1478,245,16,0.9430604982206405,0.8479632816982214,0.15065378055713474,0.02683347797681154
all_radars_all_dates,all,max_reflectivity,sig_severe_obs,0.0,14.0,52.41396919250489,percentile,262,1461,262,19,0.9323843416370107,0.8479396401625072,0.15040183696900114,0.026830156610416413
all_radars_all_dates,all,max_reflectivity,sig_severe_obs,0.0,15.0,52.660750198364255,percentile,261,1442,281,20,0.9288256227758007,0.8467410452143277,0.1514799767846779,0.029482087549894828
all_radars_all_dates,all,max_reflectivity,sig_severe_obs,0.0,16.0,52.79075454711914,percentile,259,1424,299,22,0.9217081850533808,0.8461081402257873,0.15190615835777127,0.03084471289393681
all_radars_all_dates,all,max_reflectivity,sig_severe_obs,0.0,17.0,52.98834091186524,percentile,257,1406,317,24,0.9145907473309609,0.8454600120264583,0.15234143449911083,0.032233880526953876
all_radars_all_dates,all,max_reflectivity,sig_severe_obs,0.0,18.0,53.18311210632324,percentile,253,1390,333,28,0.900355871886121,0.8460133901399878,0.15140634350688212,0.030916711284200617
all_radars_all_dates,all,max_reflectivity,sig_severe_obs,0.0,19.0,53.38596244812012,percentile,253,1370,353,28,0.900355871886121,0.8441158348736907,0.1532404603270745,0.03509500635442175
all_radars_all_dates,all,max_reflectivity,sig_severe_obs,0.0,20.0,53.556878662109376,percentile,253,1350,373,28,0.900355871886121,0.8421709295071741,0.15511955855303494,0.03935713912998104
all_radars_all_dates,all,max_reflectivity,sig_severe_obs,0.0,21.0,53.84172149658203,percentile,251,1332,391,30,0.8932384341637011,0.8414403032217309,0.15561066336019838,0.04088888576538841
all_radars_all_dates,all,max_reflectivity,sig_severe_obs,0.0,22.0,54.01371849060059,percentile,249,1314,409,32,0.8861209964412812,0.8406909788867563,0.1561128526645768,0.042451996293890244
all_radars_all_dates,all,max_reflectivity,sig_severe_obs,0.0,23.0,54.13544044494629,percentile,248,1295,428,33,0.8825622775800712,0.8392741412832145,0.15736040609137056,0.04548496662637682
all_radars_all_dates,all,max_reflectivity,sig_severe_obs,0.0,24.0,54.314735870361325,percentile,248,1275,448,33,0.8825622775800712,0.8371634931057124,0.15938303341902313,0.05003388552852364
all_radars_all_dates,all,max_reflectivity,sig_severe_obs,0.0,25.0,54.45330619812012,percentile,246,1257,466,35,0.8754448398576512,0.8363273453093812,0.1599479843953186,0.05174311926605504
all_radars_all_dates,all,max_reflectivity,sig_severe_obs,0.0,26.0,54.686556549072264,percentile,246,1237,486,35,0.8754448398576512,0.8341200269723533,0.16205533596837945,0.056455965146708816
all_radars_all_dates,all,max_reflectivity,sig_severe_obs,0.0,27.0,54.81518821716309,percentile,245,1218,505,36,0.8718861209964412,0.8325358851674641,0.16344229486324216,0.05977094923992712
all_radars_all_dates,all,max_reflectivity,sig_severe_obs,0.0,28.0,54.933349609375,percentile,241,1202,521,40,0.8576512455516014,0.832986832986833,0.16250842886041808,0.05861047758450488
all_radars_all_dates,all,max_reflectivity,sig_severe_obs,0.0,29.0,55.028965377807616,percentile,238,1185,538,43,0.8469750889679716,0.8327477160927618,0.16234652114597545,0.05895705310333488
all_radars_all_dates,all,max_reflectivity,sig_severe_obs,0.0,30.0,55.18721618652344,percentile,235,1168,555,46,0.8362989323843416,0.8325017818959373,0.1621808143547274,0.059311358144030935
all_radars_all_dates,all,max_reflectivity,sig_severe_obs,0.0,31.0,55.301559410095216,percentile,234,1149,574,47,0.8327402135231317,0.8308026030368764,0.16363636363636364,0.06280807535749058
all_radars_all_dates,all,max_reflectivity,sig_severe_obs,0.0,32.0,55.431077270507814,percentile,231,1132,591,50,0.8220640569395018,0.8305209097578871,0.16348195329087048,0.06321438599682824
all_radars_all_dates,all,max_reflectivity,sig_severe_obs,0.0,33.0,55.53568145751952,percentile,230,1113,610,51,0.8185053380782918,0.8287416232315711,0.1649928263988522,0.06683681837638465
all_radars_all_dates,all,max_reflectivity,sig_severe_obs,0.0,34.0,55.64473266601563,percentile,230,1092,631,51,0.8185053380782918,0.8260211800302572,0.16751638747268754,0.0724356212400504
all_radars_all_dates,all,max_reflectivity,sig_severe_obs,0.0,35.0,55.78460960388183,percentile,225,1077,646,56,0.800711743772242,0.8271889400921659,0.16568483063328424,0.06968591432954412
all_radars_all_dates,all,max_reflectivity,sig_severe_obs,0.0,36.0,55.94515090942384,percentile,223,1059,664,58,0.7935943060498221,0.8260530421216848,0.1664179104477612,0.07185599941619591
all_radars_all_dates,all,max_reflectivity,sig_severe_obs,0.0,37.0,56.051410293579096,percentile,219,1043,680,62,0.7793594306049823,0.8264659270998416,0.16540785498489427,0.0707146837839834
all_radars_all_dates,all,max_reflectivity,sig_severe_obs,0.0,38.0,56.19984558105469,percentile,216,1026,697,65,0.7686832740213523,0.8260869565217391,0.16526396327467482,0.07124797373760029
all_radars_all_dates,all,max_reflectivity,sig_severe_obs,0.0,39.0,56.39780075073242,percentile,215,1007,716,66,0.7651245551601423,0.8240589198036007,0.1669254658385093,0.07524186667400638
all_radars_all_dates,all,max_reflectivity,sig_severe_obs,0.0,40.0,56.46560821533203,percentile,209,993,730,72,0.7437722419928826,0.8261231281198004,0.1640502354788069,0.07060940390383591
all_radars_all_dates,all,max_reflectivity,sig_severe_obs,0.0,41.0,56.58288146972656,percentile,207,975,748,74,0.7366548042704626,0.8248730964467005,0.16480891719745222,0.07292923519823882
all_radars_all_dates,all,max_reflectivity,sig_severe_obs,0.0,42.0,56.734513397216794,percentile,204,958,765,77,0.7259786476868327,0.8244406196213425,0.16464891041162227,0.07351853373880168
all_radars_all_dates,all,max_reflectivity,sig_severe_obs,0.0,43.0,56.85320362091065,percentile,202,940,783,79,0.7188612099644128,0.8231173380035026,0.16543816543816545,0.07593688005907992
all_radars_all_dates,all,max_reflectivity,sig_severe_obs,0.0,44.0,57.04942794799805,percentile,199,923,800,82,0.708185053380783,0.8226381461675579,0.16528239202657807,0.07658153328124828
all_radars_all_dates,all,max_reflectivity,sig_severe_obs,0.0,45.0,57.19390029907227,percentile,194,908,815,87,0.6903914590747331,0.8239564428312159,0.1631623212783852,0.07351891638726368
all_radars_all_dates,all,max_reflectivity,sig_severe_obs,0.0,46.0,57.34158332824707,percentile,191,891,832,90,0.6797153024911032,0.8234750462107209,0.16296928327645052,0.0741482399659409
all_radars_all_dates,all,max_reflectivity,sig_severe_obs,0.0,47.0,57.449283599853516,percentile,186,876,847,95,0.6619217081850534,0.8248587570621468,0.16076058772687987,0.07096777889815749
all_radars_all_dates,all,max_reflectivity,sig_severe_obs,0.0,48.0,57.601601715087895,percentile,180,862,861,101,0.6405693950177936,0.8272552783109405,0.15748031496062992,0.06575823648101746
all_radars_all_dates,all,max_reflectivity,sig_severe_obs,0.0,49.0,57.69421604156494,percentile,178,844,879,103,0.6334519572953736,0.8258317025440313,0.1582222222222222,0.06827215383769432
all_radars_all_dates,all,max_reflectivity,sig_severe_obs,0.0,50.0,57.80037307739258,percentile,175,827,896,106,0.6227758007117438,0.8253493013972056,0.157942238267148,0.0688622754491018
all_radars_all_dates,all,max_reflectivity,sig_severe_obs,0.0,51.0,57.93902332305908,percentile,171,811,912,110,0.608540925266904,0.8258655804480651,0.1565934065934066,0.06744450193212502
all_radars_all_dates,all,max_reflectivity,sig_severe_obs,0.0,52.0,58.04593994140625,percentile,169,793,930,112,0.6014234875444839,0.8243243243243243,0.15735567970204842,0.07009487634900385
all_radars_all_dates,all,max_reflectivity,sig_severe_obs,0.0,53.0,58.15353591918946,percentile,166,776,947,115,0.5907473309608541,0.8237791932059448,0.15704824976348156,0.07073892733131823
all_radars_all_dates,all,max_reflectivity,sig_severe_obs,0.0,54.0,58.259613037109375,percentile,163,759,964,118,0.5800711743772242,0.8232104121475055,0.15673076923076923,0.07140260629551824
all_radars_all_dates,all,max_reflectivity,sig_severe_obs,0.0,55.0,58.47855567932129,percentile,159,743,980,122,0.5658362989323843,0.8237250554323725,0.1552734375,0.06993638829750704
all_radars_all_dates,all,max_reflectivity,sig_severe_obs,0.0,56.0,58.628094329833985,percentile,155,727,996,126,0.5516014234875445,0.8242630385487528,0.15376984126984128,0.0684240815098683
all_radars_all_dates,all,max_reflectivity,sig_severe_obs,0.0,57.0,58.773141860961914,percentile,155,707,1016,126,0.5516014234875445,0.820185614849188,0.15688259109311742,0.07573992540949478
all_radars_all_dates,all,max_reflectivity,sig_severe_obs,0.0,58.0,58.87240905761718,percentile,151,691,1032,130,0.5373665480427047,0.8206650831353919,0.15534979423868311,0.07427271213219241
all_radars_all_dates,all,max_reflectivity,sig_severe_obs,0.0,59.0,58.98542549133301,percentile,148,674,1049,133,0.5266903914590747,0.8199513381995134,0.1549738219895288,0.07504941525284138
all_radars_all_dates,all,max_reflectivity,sig_severe_obs,0.0,60.0,59.12131805419922,percentile,145,657,1066,136,0.5160142348754448,0.8192019950124688,0.15458422174840086,0.07585217095989319
all_radars_all_dates,all,max_reflectivity,sig_severe_obs,0.0,61.0,59.27290267944336,percentile,143,639,1084,138,0.5088967971530249,0.8171355498721228,0.15543478260869564,0.07905283279551067
all_radars_all_dates,all,max_reflectivity,sig_severe_obs,0.0,62.0,59.390685882568356,percentile,139,623,1100,142,0.49466192170818507,0.8175853018372703,0.15376106194690264,0.07754126532557368
all_radars_all_dates,all,max_reflectivity,sig_severe_obs,0.0,63.0,59.52661293029785,percentile,138,604,1119,143,0.49110320284697506,0.8140161725067385,0.15593220338983052,0.08333904847748559
all_radars_all_dates,all,max_reflectivity,sig_severe_obs,0.0,64.0,59.67467788696288,percentile,137,585,1138,144,0.4875444839857651,0.8102493074792244,0.1581986143187067,0.08934528825967057
all_radars_all_dates,all,max_reflectivity,sig_severe_obs,0.0,65.0,59.78083744049072,percentile,135,567,1156,146,0.4804270462633452,0.8076923076923077,0.15919811320754718,0.09302733006306937
all_radars_all_dates,all,max_reflectivity,sig_severe_obs,0.0,66.0,59.995485916137696,percentile,131,551,1172,150,0.46619217081850534,0.8079178885630498,0.15745192307692307,0.09166360612659773
all_radars_all_dates,all,max_reflectivity,sig_severe_obs,0.0,67.0,60.08389461517334,percentile,126,535,1188,155,0.4483985765124555,0.8093797276853253,0.15441176470588236,0.08806122327845803
all_radars_all_dates,all,max_reflectivity,sig_severe_obs,0.0,68.0,60.2153727722168,percentile,121,520,1203,160,0.4306049822064057,0.8112324492979719,0.15106117353308365,0.0838524558202449
all_radars_all_dates,all,max_reflectivity,sig_severe_obs,0.0,69.0,60.331003532409675,percentile,119,502,1221,162,0.4234875444839858,0.8083735909822867,0.15197956577266922,0.0877207415847734
all_radars_all_dates,all,max_reflectivity,sig_severe_obs,0.0,70.0,60.435377502441405,percentile,117,484,1239,164,0.41637010676156583,0.8053244592346089,0.15294117647058825,0.09174508276179459
all_radars_all_dates,all,max_reflectivity,sig_severe_obs,0.0,71.0,60.563835792541504,percentile,117,464,1259,164,0.41637010676156583,0.7986230636833046,0.15704697986577182,0.10165704683901934
all_radars_all_dates,all,max_reflectivity,sig_severe_obs,0.0,72.0,60.70438751220703,percentile,112,449,1274,169,0.398576512455516,0.8003565062388592,0.15342465753424658,0.09738019336980334
all_radars_all_dates,all,max_reflectivity,sig_severe_obs,0.0,73.0,60.88824516296388,percentile,112,429,1294,169,0.398576512455516,0.7929759704251387,0.15774647887323945,0.10783877264477244
all_radars_all_dates,all,max_reflectivity,sig_severe_obs,0.0,74.0,61.06166511535645,percentile,110,411,1312,171,0.3914590747330961,0.7888675623800384,0.15895953757225434,0.11265773284662425
all_radars_all_dates,all,max_reflectivity,sig_severe_obs,0.0,75.0,61.20296287536621,percentile,108,393,1330,173,0.38434163701067614,0.7844311377245509,0.16023738872403562,0.11769290724863601
all_radars_all_dates,all,max_reflectivity,sig_severe_obs,0.0,76.0,61.33945373535156,percentile,107,374,1349,174,0.3807829181494662,0.7775467775467776,0.1633587786259542,0.12614842057855094
all_radars_all_dates,all,max_reflectivity,sig_severe_obs,0.0,77.0,61.479057998657225,percentile,101,360,1363,180,0.3594306049822064,0.7809110629067245,0.15756630265210608,0.1186803986689318
all_radars_all_dates,all,max_reflectivity,sig_severe_obs,0.0,78.0,61.67456741333008,percentile,96,345,1378,185,0.3416370106761566,0.782312925170068,0.15335463258785942,0.11419578564959143
all_radars_all_dates,all,max_reflectivity,sig_severe_obs,0.0,79.0,61.89324947357178,percentile,95,326,1397,186,0.33807829181494664,0.7743467933491687,0.15650741350906094,0.12319027590014066
all_radars_all_dates,all,max_reflectivity,sig_severe_obs,0.0,80.0,62.04347534179687,percentile,90,311,1412,191,0.3202846975088968,0.7755610972568578,0.15202702702702703,0.1185929841961299
all_radars_all_dates,all,max_reflectivity,sig_severe_obs,0.0,81.0,62.27724452972412,percentile,86,295,1428,195,0.30604982206405695,0.7742782152230971,0.14930555555555555,0.11735995383478678
all_radars_all_dates,all,max_reflectivity,sig_severe_obs,0.0,82.0,62.460230102539064,percentile,84,277,1446,197,0.298932384341637,0.7673130193905817,0.15053763440860216,0.12345827112281602
all_radars_all_dates,all,max_reflectivity,sig_severe_obs,0.0,83.0,62.68511150360107,percentile,81,260,1463,200,0.28825622775800713,0.7624633431085044,0.14972273567467653,0.12609044353393767
all_radars_all_dates,all,max_reflectivity,sig_severe_obs,0.0,84.0,62.854225158691406,percentile,79,242,1481,202,0.28113879003558717,0.7538940809968847,0.15105162523900573,0.13277700130408593
all_radars_all_dates,all,max_reflectivity,sig_severe_obs,0.0,85.0,63.04407596588135,percentile,74,227,1496,207,0.26334519572953735,0.7541528239202658,0.14566929133858267,0.12779216298991342
all_radars_all_dates,all,max_reflectivity,sig_severe_obs,0.0,86.0,63.19264289855957,percentile,70,211,1512,211,0.2491103202846975,0.7508896797153025,0.14227642276422764,0.1266494961407625
all_radars_all_dates,all,max_reflectivity,sig_severe_obs,0.0,87.0,63.380400238037105,percentile,65,196,1527,216,0.2313167259786477,0.7509578544061303,0.13626834381551362,0.1211705123865603
all_radars_all_dates,all,max_reflectivity,sig_severe_obs,0.0,88.0,63.6747933959961,percentile,58,183,1540,223,0.20640569395017794,0.7593360995850622,0.125,0.1065419493414565
all_radars_all_dates,all,max_reflectivity,sig_severe_obs,0.0,89.0,63.89966526031494,percentile,55,166,1557,226,0.19572953736654805,0.751131221719457,0.12304250559284116,0.10913738395973717
all_radars_all_dates,all,max_reflectivity,sig_severe_obs,0.0,90.0,64.13415908813477,percentile,51,150,1573,230,0.18149466192170818,0.746268656716418,0.11832946635730858,0.10720943155999184
all_radars_all_dates,all,max_reflectivity,sig_severe_obs,0.0,91.0,64.34369781494141,percentile,46,135,1588,235,0.16370106761565836,0.7458563535911602,0.11057692307692307,0.10028320912093538
all_radars_all_dates,all,max_reflectivity,sig_severe_obs,0.0,92.0,64.67529205322266,percentile,40,121,1602,241,0.1423487544483986,0.7515527950310559,0.09950248756218906,0.0878149495904618
all_radars_all_dates,all,max_reflectivity,sig_severe_obs,0.0,93.0,64.99145149230958,percentile,36,105,1618,245,0.12811387900355872,0.7446808510638298,0.09326424870466321,0.08486703564243274
all_radars_all_dates,all,max_reflectivity,sig_severe_obs,0.0,94.0,65.22477676391601,percentile,32,89,1634,249,0.11387900355871886,0.7355371900826446,0.08648648648648649,0.08168859797778218
all_radars_all_dates,all,max_reflectivity,sig_severe_obs,0.0,95.0,65.7874382019043,percentile,29,72,1651,252,0.10320284697508897,0.7128712871287128,0.0821529745042493,0.08390639505845371
all_radars_all_dates,all,max_reflectivity,sig_severe_obs,0.0,96.0,66.18548492431641,percentile,26,55,1668,255,0.09252669039145907,0.6790123456790124,0.07738095238095238,0.08631233398928707
all_radars_all_dates,all,max_reflectivity,sig_severe_obs,0.0,97.0,66.72028732299805,percentile,19,42,1681,262,0.06761565836298933,0.6885245901639344,0.058823529411764705,0.0643079408864574
all_radars_all_dates,all,max_reflectivity,sig_severe_obs,0.0,98.0,67.10281021118163,percentile,13,28,1695,268,0.046263345195729534,0.6829268292682927,0.042071197411003236,0.046705000916036424
all_radars_all_dates,all,max_reflectivity,sig_severe_obs,0.0,99.0,68.25749046325684,percentile,7,14,1709,274,0.02491103202846975,0.6666666666666666,0.023728813559322035,0.02739102739102739
all_radars_all_dates,all,max_reflectivity,sig_severe_obs,0.0,100.0,71.3469009399414,percentile,0,1,1722,281,0.0,1.0,0.0,-0.0009954549158114375
all_radars_all_dates,all,max_hdr_size,severe_obs,0.0,0.0,0.0,percentile,1328,676,0,0,1.0,0.3373253493013972,0.6626746506986028,0.0
all_radars_all_dates,all,max_hdr_size,severe_obs,0.0,1.0,8.69451707839966,percentile,1311,672,4,17,0.9871987951807228,0.3388804841149773,0.6555,-0.00903247305604518
all_radars_all_dates,all,max_hdr_size,severe_obs,0.0,2.0,11.275086975097656,percentile,1301,662,14,27,0.9796686746987951,0.337238920020377,0.6537688442211055,0.0004922414067680298
all_radars_all_dates,all,max_hdr_size,severe_obs,0.0,3.0,11.92490005493164,percentile,1295,650,26,33,0.9751506024096386,0.3341902313624679,0.6547017189079879,0.017542701116588618
all_radars_all_dates,all,max_hdr_size,severe_obs,0.0,4.0,12.254147262573243,percentile,1290,633,43,38,0.9713855421686747,0.3291731669266771,0.6578276389597144,0.04464034511863453
all_radars_all_dates,all,max_hdr_size,severe_obs,0.0,5.0,12.48501396179199,percentile,1285,618,58,43,0.9676204819277109,0.324750394114556,0.6603288797533402,0.0675172256496752
all_radars_all_dates,all,max_hdr_size,severe_obs,0.0,6.0,12.644917869567873,percentile,1282,601,75,46,0.9653614457831325,0.31917153478491767,0.6645930533955418,0.09556946308443941
all_radars_all_dates,all,max_hdr_size,severe_obs,0.0,7.0,12.915293226242067,percentile,1278,585,91,50,0.9623493975903614,0.3140096618357488,0.6680606377417668,0.12034540824367705
all_radars_all_dates,all,max_hdr_size,severe_obs,0.0,8.0,13.205583801269531,percentile,1271,572,104,57,0.9570783132530121,0.31036353771025504,0.6689473684210526,0.13644123764451838
all_radars_all_dates,all,max_hdr_size,severe_obs,0.0,9.0,13.614441862106323,percentile,1268,555,121,60,0.9548192771084337,0.30444322545255076,0.6733935209771641,0.16313803883437134
all_radars_all_dates,all,max_hdr_size,severe_obs,0.0,10.0,14.071551418304443,percentile,1262,541,135,66,0.9503012048192772,0.3000554631170272,0.675227394328518,0.1812733719399417
all_radars_all_dates,all,max_hdr_size,severe_obs,0.0,11.0,14.41970060348511,percentile,1255,528,148,73,0.9450301204819277,0.2961301177790241,0.6761853448275862,0.19641899231116175
all_radars_all_dates,all,max_hdr_size,severe_obs,0.0,12.0,14.694276390075684,percentile,1249,514,162,79,0.9405120481927711,0.29154849688031764,0.6780673181324647,0.21395442362795963
all_radars_all_dates,all,max_hdr_size,severe_obs,0.0,13.0,14.971681327819825,percentile,1245,498,178,83,0.9375,0.2857142857142857,0.6818181818181818,0.2364467668190725
all_radars_all_dates,all,max_hdr_size,severe_obs,0.0,14.0,15.371631984710694,percentile,1237,486,190,91,0.9314759036144579,0.2820661636680209,0.6819184123484013,0.2481331880284749
all_radars_all_dates,all,max_hdr_size,severe_obs,0.0,15.0,15.638290309906006,percentile,1228,475,201,100,0.9246987951807228,0.278919553728714,0.6810870770937326,0.25703888440419975
all_radars_all_dates,all,max_hdr_size,severe_obs,0.0,16.0,16.013812370300293,percentile,1218,465,211,110,0.9171686746987951,0.27629233511586454,0.67930842163971,0.26323340980411714
all_radars_all_dates,all,max_hdr_size,severe_obs,0.0,17.0,16.261537265777587,percentile,1207,456,220,121,0.9088855421686747,0.2742032471437162,0.6765695067264574,0.2667840176127875
all_radars_all_dates,all,max_hdr_size,severe_obs,0.0,18.0,16.611412811279294,percentile,1196,447,229,132,0.9006024096385542,0.2720632988435788,0.6738028169014084,0.2702763893046622
all_radars_all_dates,all,max_hdr_size,severe_obs,0.0,19.0,16.906590595245362,percentile,1192,431,245,136,0.8975903614457831,0.26555760936537276,0.6776577600909608,0.291212862949406
all_radars_all_dates,all,max_hdr_size,severe_obs,0.0,20.0,17.139103317260744,percentile,1182,421,255,146,0.8900602409638554,0.2626325639426076,0.6758147512864494,0.2969317318377681
all_radars_all_dates,all,max_hdr_size,severe_obs,0.0,21.0,17.36305730819702,percentile,1174,409,267,154,0.8840361445783133,0.25837018319646243,0.6758779504893494,0.3074792719844635
all_radars_all_dates,all,max_hdr_size,severe_obs,0.0,22.0,17.65167839050293,percentile,1167,396,280,161,0.8787650602409639,0.2533589251439539,0.6769141531322506,0.32029988381694224
all_radars_all_dates,all,max_hdr_size,severe_obs,0.0,23.0,17.890951614379883,percentile,1155,388,288,173,0.8697289156626506,0.25145819831497085,0.6730769230769231,0.32081175586427885
all_radars_all_dates,all,max_hdr_size,severe_obs,0.0,24.0,18.081327285766605,percentile,1149,374,302,179,0.865210843373494,0.24556795797767564,0.6750881316098707,0.33573016143224665
all_radars_all_dates,all,max_hdr_size,severe_obs,0.0,25.0,18.30079460144043,percentile,1141,362,314,187,0.8591867469879518,0.24085163007318697,0.6751479289940828,0.3456495828367104
all_radars_all_dates,all,max_hdr_size,severe_obs,0.0,26.0,18.476062278747555,percentile,1132,351,325,196,0.8524096385542169,0.23668240053944706,0.6742108397855867,0.3530508806678014
all_radars_all_dates,all,max_hdr_size,severe_obs,0.0,27.0,18.66207113265991,percentile,1120,343,333,208,0.8433734939759037,0.23444976076555024,0.6702573309395572,0.3532969903410728
all_radars_all_dates,all,max_hdr_size,severe_obs,0.0,28.0,18.948708572387694,percentile,1112,331,345,216,0.8373493975903614,0.2293832293832294,0.6702833031946956,0.36285772077029843
all_radars_all_dates,all,max_hdr_size,severe_obs,0.0,29.0,19.141145668029786,percentile,1096,327,349,232,0.8253012048192772,0.2297962052002811,0.6622356495468278,0.3537781018461901
all_radars_all_dates,all,max_hdr_size,severe_obs,0.0,30.0,19.315958404541014,percentile,1081,322,354,247,0.8140060240963856,0.22950819672131148,0.6551515151515152,0.34712886388984954
all_radars_all_dates,all,max_hdr_size,severe_obs,0.0,31.0,19.542209949493408,percentile,1070,313,363,258,0.8057228915662651,0.22631959508315258,0.6520414381474711,0.34968936051229943
all_radars_all_dates,all,max_hdr_size,severe_obs,0.0,32.0,19.81317253112793,percentile,1057,306,370,271,0.795933734939759,0.22450476889214968,0.6468788249694002,0.34769010671113526
all_radars_all_dates,all,max_hdr_size,severe_obs,0.0,33.0,19.990236701965333,percentile,1046,297,379,282,0.7876506024096386,0.22114668652271036,0.6436923076923077,0.3502091084832859
all_radars_all_dates,all,max_hdr_size,severe_obs,0.0,34.0,20.130321388244628,percentile,1031,291,385,297,0.776355421686747,0.2201210287443268,0.6368128474366893,0.34513006789050377
all_radars_all_dates,all,max_hdr_size,severe_obs,0.0,35.0,20.360652160644534,percentile,1018,284,392,310,0.766566265060241,0.21812596006144394,0.6315136476426799,0.343207489704305
all_radars_all_dates,all,max_hdr_size,severe_obs,0.0,36.0,20.521912460327147,percentile,1001,281,395,327,0.7537650602409639,0.21918876755070202,0.6221255438160348,0.3325298775971707
all_radars_all_dates,all,max_hdr_size,severe_obs,0.0,37.0,20.760269718170164,percentile,986,276,400,342,0.7424698795180723,0.21870047543581617,0.614713216957606,0.3263638381104473
all_radars_all_dates,all,max_hdr_size,severe_obs,0.0,38.0,20.936656494140625,percentile,970,272,404,358,0.7304216867469879,0.21900161030595813,0.60625,0.3181199528173487
all_radars_all_dates,all,max_hdr_size,severe_obs,0.0,39.0,21.12535930633545,percentile,956,266,410,372,0.7198795180722891,0.2176759410801964,0.5997490589711418,0.3142904951709994
all_radars_all_dates,all,max_hdr_size,severe_obs,0.0,40.0,21.349620819091793,percentile,938,264,412,390,0.7063253012048193,0.21963394342762063,0.5891959798994975,0.3019757052590317
all_radars_all_dates,all,max_hdr_size,severe_obs,0.0,41.0,21.53349241256714,percentile,925,257,419,403,0.6965361445783133,0.21742808798646363,0.583596214511041,0.30043032864922503
all_radars_all_dates,all,max_hdr_size,severe_obs,0.0,42.0,21.73688220977783,percentile,914,248,428,414,0.6882530120481928,0.2134251290877797,0.5799492385786802,0.3031168973067015
all_radars_all_dates,all,max_hdr_size,severe_obs,0.0,43.0,21.944973754882813,percentile,899,243,433,429,0.6769578313253012,0.212784588441331,0.5722469764481222,0.2974026570280186
all_radars_all_dates,all,max_hdr_size,severe_obs,0.0,44.0,22.22365158081055,percentile,888,234,442,440,0.6686746987951807,0.20855614973262032,0.5685019206145967,0.3000733766960588
all_radars_all_dates,all,max_hdr_size,severe_obs,0.0,45.0,22.444324111938478,percentile,874,228,448,454,0.6581325301204819,0.20689655172413793,0.5616966580976864,0.29651926489905334
all_radars_all_dates,all,max_hdr_size,severe_obs,0.0,46.0,22.601710319519043,percentile,860,222,454,468,0.6475903614457831,0.20517560073937152,0.5548387096774193,0.29301254494214274
all_radars_all_dates,all,max_hdr_size,severe_obs,0.0,47.0,22.853112030029298,percentile,847,215,461,481,0.6378012048192772,0.2024482109227872,0.5489306545690213,0.29158794202615895
all_radars_all_dates,all,max_hdr_size,severe_obs,0.0,48.0,23.097406997680665,percentile,832,210,466,496,0.6265060240963856,0.20153550863723607,0.540962288686606,0.2861375388006022
all_radars_all_dates,all,max_hdr_size,severe_obs,0.0,49.0,23.290598487854005,percentile,817,205,471,511,0.615210843373494,0.20058708414872797,0.532941943900848,0.28075838810447085
all_radars_all_dates,all,max_hdr_size,severe_obs,0.0,50.0,23.45632553100586,percentile,800,202,474,528,0.6024096385542169,0.20159680638722555,0.5228758169934641,0.2714570858283433
all_radars_all_dates,all,max_hdr_size,severe_obs,0.0,51.0,23.78404758453369,percentile,783,199,477,545,0.5896084337349398,0.20264765784114053,0.5127701375245579,0.2622758093820632
all_radars_all_dates,all,max_hdr_size,severe_obs,0.0,52.0,24.05554344177246,percentile,764,198,478,564,0.5753012048192772,0.20582120582120583,0.5006553079947575,0.24927141795241897
all_radars_all_dates,all,max_hdr_size,severe_obs,0.0,53.0,24.229174461364746,percentile,750,192,484,578,0.5647590361445783,0.20382165605095542,0.4934210526315789,0.24622202422125045
all_radars_all_dates,all,max_hdr_size,severe_obs,0.0,54.0,24.464060401916505,percentile,734,188,488,594,0.552710843373494,0.2039045553145336,0.4841688654353562,0.23932028844249595
all_radars_all_dates,all,max_hdr_size,severe_obs,0.0,55.0,24.643490886688234,percentile,722,180,496,606,0.5436746987951807,0.19955654101995565,0.47877984084880637,0.2402383166570841
all_radars_all_dates,all,max_hdr_size,severe_obs,0.0,56.0,24.86056343078613,percentile,706,176,500,622,0.5316265060240963,0.19954648526077098,0.46941489361702127,0.2334602597581879
all_radars_all_dates,all,max_hdr_size,severe_obs,0.0,57.0,25.054868278503413,percentile,691,171,505,637,0.5203313253012049,0.19837587006960558,0.4609739826551034,0.22867562716501977
all_radars_all_dates,all,max_hdr_size,severe_obs,0.0,58.0,25.33703247070312,percentile,674,168,508,654,0.5075301204819277,0.1995249406175772,0.4505347593582888,0.22015520316920478
all_radars_all_dates,all,max_hdr_size,severe_obs,0.0,59.0,25.538852882385253,percentile,657,165,511,671,0.4947289156626506,0.20072992700729927,0.44005358338914935,0.21173933172984633
all_radars_all_dates,all,max_hdr_size,severe_obs,0.0,60.0,25.721851348876953,percentile,641,161,515,687,0.48268072289156627,0.20074812967581046,0.4304902619207522,0.20530039169325967
all_radars_all_dates,all,max_hdr_size,severe_obs,0.0,61.0,25.94534851074219,percentile,627,155,521,701,0.47213855421686746,0.19820971867007672,0.42279163857046526,0.2026653676965467
all_radars_all_dates,all,max_hdr_size,severe_obs,0.0,62.0,26.13179676055908,percentile,611,151,525,717,0.46009036144578314,0.19816272965879264,0.41311697092630156,0.1963586769711821
all_radars_all_dates,all,max_hdr_size,severe_obs,0.0,63.0,26.323316955566405,percentile,596,146,530,732,0.44879518072289154,0.1967654986522911,0.4043419267299864,0.19196814001932466
all_radars_all_dates,all,max_hdr_size,severe_obs,0.0,64.0,26.56561172485352,percentile,578,144,532,750,0.4352409638554217,0.1994459833795014,0.39266304347826086,0.18214088766018677
all_radars_all_dates,all,max_hdr_size,severe_obs,0.0,65.0,26.79702310562134,percentile,566,136,540,762,0.42620481927710846,0.19373219373219372,0.3866120218579235,0.18334295391920885
all_radars_all_dates,all,max_hdr_size,severe_obs,0.0,66.0,27.1627534866333,percentile,550,132,544,778,0.4141566265060241,0.1935483870967742,0.3767123287671233,0.17729833514387489
all_radars_all_dates,all,max_hdr_size,severe_obs,0.0,67.0,27.354701347351078,percentile,532,129,547,796,0.4006024096385542,0.1951588502269289,0.365133836650652,0.16887111382121112
all_radars_all_dates,all,max_hdr_size,severe_obs,0.0,68.0,27.572908935546874,percentile,515,126,550,813,0.3878012048192771,0.19656786271450857,0.35419532324621733,0.16119605238524012
all_radars_all_dates,all,max_hdr_size,severe_obs,0.0,69.0,27.840375747680664,percentile,502,119,557,826,0.37801204819277107,0.19162640901771336,0.3469246717346234,0.1607147605498976
all_radars_all_dates,all,max_hdr_size,severe_obs,0.0,70.0,28.069871711730958,percentile,482,119,557,846,0.3629518072289157,0.19800332778702162,0.33310297166551484,0.1478765873820204
all_radars_all_dates,all,max_hdr_size,severe_obs,0.0,71.0,28.34826644897461,percentile,469,112,564,859,0.35316265060240964,0.1927710843373494,0.32569444444444445,0.14747688937568457
all_radars_all_dates,all,max_hdr_size,severe_obs,0.0,72.0,28.544692230224605,percentile,455,106,570,873,0.34262048192771083,0.1889483065953654,0.3172942817294282,0.14533573799628846
all_radars_all_dates,all,max_hdr_size,severe_obs,0.0,73.0,28.742357788085936,percentile,438,103,573,890,0.32981927710843373,0.19038817005545286,0.3060796645702306,0.1380103786743366
all_radars_all_dates,all,max_hdr_size,severe_obs,0.0,74.0,29.016359481811524,percentile,423,98,578,905,0.3185240963855422,0.18809980806142035,0.2966339410939691,0.13422007046803525
all_radars_all_dates,all,max_hdr_size,severe_obs,0.0,75.0,29.27796745300293,percentile,406,95,581,922,0.3057228915662651,0.18962075848303392,0.2853127196064652,0.12703862660944207
all_radars_all_dates,all,max_hdr_size,severe_obs,0.0,76.0,29.507289962768553,percentile,392,89,587,936,0.29518072289156627,0.18503118503118504,0.2766407904022583,0.12505856796013118
all_radars_all_dates,all,max_hdr_size,severe_obs,0.0,77.0,29.67216785430908,percentile,375,86,590,953,0.28237951807228917,0.18655097613882862,0.2652050919377652,0.11800706558113135
all_radars_all_dates,all,max_hdr_size,severe_obs,0.0,78.0,29.912223739624025,percentile,361,80,596,967,0.27183734939759036,0.18140589569160998,0.25639204545454547,0.11609837474407907
all_radars_all_dates,all,max_hdr_size,severe_obs,0.0,79.0,30.174539928436282,percentile,351,70,606,977,0.26430722891566266,0.166270783847981,0.2510729613733906,0.12092742645025599
all_radars_all_dates,all,max_hdr_size,severe_obs,0.0,80.0,30.469655990600582,percentile,339,62,614,989,0.2552710843373494,0.1546134663341646,0.24388489208633093,0.12236380455526573
all_radars_all_dates,all,max_hdr_size,severe_obs,0.0,81.0,30.74023021697998,percentile,325,56,620,1003,0.2447289156626506,0.14698162729658792,0.23482658959537572,0.12046251398731816
all_radars_all_dates,all,max_hdr_size,severe_obs,0.0,82.0,31.16902912139891,percentile,308,53,623,1020,0.2319277108433735,0.14681440443213298,0.22302679217958002,0.11362523392994056
all_radars_all_dates,all,max_hdr_size,severe_obs,0.0,83.0,31.526284637451173,percentile,294,47,629,1034,0.2213855421686747,0.1378299120234604,0.21381818181818182,0.11179099459610164
all_radars_all_dates,all,max_hdr_size,severe_obs,0.0,84.0,31.874515686035156,percentile,279,42,634,1049,0.21009036144578314,0.1308411214953271,0.20364963503649636,0.10834169378716324
all_radars_all_dates,all,max_hdr_size,severe_obs,0.0,85.0,32.336782455444336,percentile,261,40,636,1067,0.19653614457831325,0.132890365448505,0.19078947368421054,0.10005111437449798
all_radars_all_dates,all,max_hdr_size,severe_obs,0.0,86.0,32.64947593688965,percentile,246,35,641,1082,0.1852409638554217,0.12455516014234876,0.18048422597212033,0.0966998910455591
all_radars_all_dates,all,max_hdr_size,severe_obs,0.0,87.0,32.953951873779296,percentile,228,33,643,1100,0.1716867469879518,0.12643678160919541,0.16752387950036737,0.08855704617163226
all_radars_all_dates,all,max_hdr_size,severe_obs,0.0,88.0,33.3270541381836,percentile,214,27,649,1114,0.16114457831325302,0.11203319502074689,0.15793357933579336,0.08690110135852853
all_radars_all_dates,all,max_hdr_size,severe_obs,0.0,89.0,33.820700378417975,percentile,196,25,651,1132,0.14759036144578314,0.11312217194570136,0.14486326681448633,0.07889338238215174
all_radars_all_dates,all,max_hdr_size,severe_obs,0.0,90.0,34.28720932006836,percentile,181,20,656,1147,0.13629518072289157,0.09950248756218906,0.13427299703264095,0.07572028171017998
all_radars_all_dates,all,max_hdr_size,severe_obs,0.0,91.0,34.72606880187988,percentile,163,18,658,1165,0.12274096385542169,0.09944751381215469,0.12109955423476969,0.06785200330279557
all_radars_all_dates,all,max_hdr_size,severe_obs,0.0,92.0,35.11993667602539,percentile,144,17,659,1184,0.10843373493975904,0.10559006211180125,0.10706319702602231,0.05849613118755721
all_radars_all_dates,all,max_hdr_size,severe_obs,0.0,93.0,35.95713871002199,percentile,125,16,660,1203,0.09412650602409639,0.11347517730496454,0.09300595238095238,0.049235224061835926
all_radars_all_dates,all,max_hdr_size,severe_obs,0.0,94.0,36.505699539184576,percentile,106,15,661,1222,0.07981927710843373,0.12396694214876033,0.07892777364110201,0.040067843340742405
all_radars_all_dates,all,max_hdr_size,severe_obs,0.0,95.0,37.01317386627197,percentile,91,10,666,1237,0.06852409638554217,0.09900990099009901,0.06801195814648729,0.037169519083322416
all_radars_all_dates,all,max_hdr_size,severe_obs,0.0,96.0,37.79263626098633,percentile,72,9,667,1256,0.05421686746987952,0.1111111111111111,0.05385190725504862,0.028154111558366876
all_radars_all_dates,all,max_hdr_size,severe_obs,0.0,97.0,38.57276908874511,percentile,54,7,669,1274,0.04066265060240964,0.11475409836065574,0.04044943820224719,0.020757264813811727
all_radars_all_dates,all,max_hdr_size,severe_obs,0.0,98.0,39.512889633178716,percentile,35,6,670,1293,0.02635542168674699,0.14634146341463414,0.02623688155922039,0.011912335172968747
all_radars_all_dates,all,max_hdr_size,severe_obs,0.0,99.0,41.47912181854248,percentile,17,4,672,1311,0.012801204819277108,0.19047619047619047,0.012762762762762763,0.004668343644480703
all_radars_all_dates,all,max_hdr_size,severe_obs,0.0,100.0,51.35952377319336,percentile,0,1,675,1328,0.0,1.0,0.0,-0.0009982485548698443
all_radars_all_dates,all,max_hdr_size,sig_severe_obs,0.0,0.0,0.0,percentile,281,1723,0,0,1.0,0.8597804391217565,0.14021956087824353,0.0
all_radars_all_dates,all,max_hdr_size,sig_severe_obs,0.0,1.0,8.69451707839966,percentile,278,1705,18,3,0.9893238434163701,0.8598083711548159,0.13997985901309165,-6.486278015900146e-05
all_radars_all_dates,all,max_hdr_size,sig_severe_obs,0.0,2.0,11.275086975097656,percentile,275,1688,35,6,0.9786476868327402,0.8599083036169128,0.13966480446927373,-0.00029642550909460573
all_radars_all_dates,all,max_hdr_size,sig_severe_obs,0.0,3.0,11.92490005493164,percentile,273,1672,51,8,0.9715302491103203,0.8596401028277635,0.13978494623655913,0.0003248397922213044
all_radars_all_dates,all,max_hdr_size,sig_severe_obs,0.0,4.0,12.254147262573243,percentile,273,1650,73,8,0.9715302491103203,0.858034321372855,0.14137752459865355,0.004034063829213241
all_radars_all_dates,all,max_hdr_size,sig_severe_obs,0.0,5.0,12.48501396179199,percentile,272,1631,92,9,0.9679715302491103,0.8570677877036259,0.14225941422594143,0.006255952830901807
all_radars_all_dates,all,max_hdr_size,sig_severe_obs,0.0,6.0,12.644917869567873,percentile,271,1612,111,10,0.9644128113879004,0.8560807222517259,0.14315900686740624,0.008516933513501973
all_radars_all_dates,all,max_hdr_size,sig_severe_obs,0.0,7.0,12.915293226242067,percentile,271,1592,131,10,0.9644128113879004,0.8545356951154053,0.14468766684463427,0.012051440652147822
all_radars_all_dates,all,max_hdr_size,sig_severe_obs,0.0,8.0,13.205583801269531,percentile,270,1573,150,11,0.9608540925266904,0.8534997287032013,0.14563106796116504,0.0144048088476836
all_radars_all_dates,all,max_hdr_size,sig_severe_obs,0.0,9.0,13.614441862106323,percentile,270,1553,170,11,0.9608540925266904,0.8518924849149753,0.14721919302071973,0.018056386654928584
all_radars_all_dates,all,max_hdr_size,sig_severe_obs,0.0,10.0,14.071551418304443,percentile,269,1534,189,12,0.9572953736654805,0.8508042151968941,0.14820936639118457,0.020507421634182198
all_radars_all_dates,all,max_hdr_size,sig_severe_obs,0.0,11.0,14.41970060348511,percentile,268,1515,208,13,0.9537366548042705,0.8496915311273135,0.1492204899777283,0.02300356389648428
all_radars_all_dates,all,max_hdr_size,sig_severe_obs,0.0,12.0,14.694276390075684,percentile,268,1495,228,13,0.9537366548042705,0.8479863868406126,0.15090090090090091,0.026836737651229965
all_radars_all_dates,all,max_hdr_size,sig_severe_obs,0.0,13.0,14.971681327819825,percentile,267,1476,247,14,0.9501779359430605,0.846815834767642,0.15196357427433124,0.029439010833633997
all_radars_all_dates,all,max_hdr_size,sig_severe_obs,0.0,14.0,15.371631984710694,percentile,266,1457,266,15,0.9466192170818505,0.8456181079512478,0.15304948216340622,0.032090534142252
all_radars_all_dates,all,max_hdr_size,sig_severe_obs,0.0,15.0,15.638290309906006,percentile,266,1437,286,15,0.9466192170818505,0.8438050499119202,0.1548311990686845,0.03612037696473823
all_radars_all_dates,all,max_hdr_size,sig_severe_obs,0.0,16.0,16.013812370300293,percentile,264,1419,304,17,0.9395017793594306,0.8431372549019608,0.15529411764705883,0.03754703161527888
all_radars_all_dates,all,max_hdr_size,sig_severe_obs,0.0,17.0,16.261537265777587,percentile,264,1399,324,17,0.9395017793594306,0.841250751653638,0.15714285714285714,0.04170851386445223
all_radars_all_dates,all,max_hdr_size,sig_severe_obs,0.0,18.0,16.611412811279294,percentile,263,1380,343,18,0.9359430604982206,0.8399269628727937,0.1583383503913305,0.04458502283167311
all_radars_all_dates,all,max_hdr_size,sig_severe_obs,0.0,19.0,16.906590595245362,percentile,262,1361,362,19,0.9323843416370107,0.8385705483672212,0.15956151035322777,0.047518675800502154
all_radars_all_dates,all,max_hdr_size,sig_severe_obs,0.0,20.0,17.139103317260744,percentile,259,1344,379,22,0.9217081850533808,0.8384279475982532,0.15938461538461537,0.04772267928269529
all_radars_all_dates,all,max_hdr_size,sig_severe_obs,0.0,21.0,17.36305730819702,percentile,259,1324,399,22,0.9217081850533808,0.8363866077068857,0.16137071651090343,0.0521559766815072
all_radars_all_dates,all,max_hdr_size,sig_severe_obs,0.0,22.0,17.65167839050293,percentile,256,1307,416,25,0.9110320284697508,0.836212412028151,0.16120906801007556,0.05241163377671754
all_radars_all_dates,all,max_hdr_size,sig_severe_obs,0.0,23.0,17.890951614379883,percentile,251,1292,431,30,0.8932384341637011,0.8373298768632534,0.15956770502225048,0.0497975345482456
all_radars_all_dates,all,max_hdr_size,sig_severe_obs,0.0,24.0,18.081327285766605,percentile,251,1272,451,30,0.8932384341637011,0.835193696651346,0.16162266580811332,0.05439152825545702
all_radars_all_dates,all,max_hdr_size,sig_severe_obs,0.0,25.0,18.30079460144043,percentile,248,1255,468,33,0.8825622775800712,0.8349966733200266,0.16145833333333334,0.05467889908256881
all_radars_all_dates,all,max_hdr_size,sig_severe_obs,0.0,26.0,18.476062278747555,percentile,246,1237,486,35,0.8754448398576512,0.8341200269723533,0.16205533596837945,0.056455965146708816
all_radars_all_dates,all,max_hdr_size,sig_severe_obs,0.0,27.0,18.66207113265991,percentile,245,1218,505,36,0.8718861209964412,0.8325358851674641,0.16344229486324216,0.05977094923992712
all_radars_all_dates,all,max_hdr_size,sig_severe_obs,0.0,28.0,18.948708572387694,percentile,245,1198,525,36,0.8718861209964412,0.8302148302148302,0.16565246788370522,0.06467417821197989
all_radars_all_dates,all,max_hdr_size,sig_severe_obs,0.0,29.0,19.141145668029786,percentile,242,1181,542,39,0.8612099644128114,0.8299367533380183,0.16552667578659372,0.06508762604728709
all_radars_all_dates,all,max_hdr_size,sig_severe_obs,0.0,30.0,19.315958404541014,percentile,239,1164,559,42,0.8505338078291815,0.8296507483962936,0.16539792387543253,0.06551029482841952
all_radars_all_dates,all,max_hdr_size,sig_severe_obs,0.0,31.0,19.542209949493408,percentile,237,1146,577,44,0.8434163701067615,0.8286334056399133,0.16608269096005607,0.06750970708646639
all_radars_all_dates,all,max_hdr_size,sig_severe_obs,0.0,32.0,19.81317253112793,percentile,235,1128,595,46,0.8362989323843416,0.8275862068965517,0.16678495386799147,0.06955472856199353
all_radars_all_dates,all,max_hdr_size,sig_severe_obs,0.0,33.0,19.990236701965333,percentile,233,1110,613,48,0.8291814946619217,0.8265078183172003,0.16750539180445723,0.07164693786928988
all_radars_all_dates,all,max_hdr_size,sig_severe_obs,0.0,34.0,20.130321388244628,percentile,230,1092,631,51,0.8185053380782918,0.8260211800302572,0.16751638747268754,0.0724356212400504
all_radars_all_dates,all,max_hdr_size,sig_severe_obs,0.0,35.0,20.360652160644534,percentile,229,1073,650,52,0.8149466192170819,0.8241167434715821,0.16912850812407682,0.07625476930338669
all_radars_all_dates,all,max_hdr_size,sig_severe_obs,0.0,36.0,20.521912460327147,percentile,224,1058,665,57,0.797153024911032,0.8252730109204368,0.1672890216579537,0.07351785080488671
all_radars_all_dates,all,max_hdr_size,sig_severe_obs,0.0,37.0,20.760269718170164,percentile,220,1042,681,61,0.7829181494661922,0.8256735340729001,0.16628873771730915,0.07239664815722506
all_radars_all_dates,all,max_hdr_size,sig_severe_obs,0.0,38.0,20.936656494140625,percentile,216,1026,697,65,0.7686832740213523,0.8260869565217391,0.16526396327467482,0.07124797373760029
all_radars_all_dates,all,max_hdr_size,sig_severe_obs,0.0,39.0,21.12535930633545,percentile,211,1011,712,70,0.7508896797153025,0.8273322422258592,0.163312693498452,0.0683471182428713
all_radars_all_dates,all,max_hdr_size,sig_severe_obs,0.0,40.0,21.349620819091793,percentile,210,992,731,71,0.7473309608540926,0.8252911813643927,0.16496465043205027,0.07235473835659866
all_radars_all_dates,all,max_hdr_size,sig_severe_obs,0.0,41.0,21.53349241256714,percentile,208,974,749,73,0.7402135231316725,0.8240270727580372,0.1657370517928287,0.0746967676382803
all_radars_all_dates,all,max_hdr_size,sig_severe_obs,0.0,42.0,21.73688220977783,percentile,205,957,766,76,0.7295373665480427,0.8235800344234079,0.16558966074313408,0.07530883608906486
all_radars_all_dates,all,max_hdr_size,sig_severe_obs,0.0,43.0,21.944973754882813,percentile,202,940,783,79,0.7188612099644128,0.8231173380035026,0.16543816543816545,0.07593688005907992
all_radars_all_dates,all,max_hdr_size,sig_severe_obs,0.0,44.0,22.22365158081055,percentile,200,922,801,81,0.7117437722419929,0.82174688057041,0.1662510390689942,0.07841918197123585
all_radars_all_dates,all,max_hdr_size,sig_severe_obs,0.0,45.0,22.444324111938478,percentile,197,905,818,84,0.701067615658363,0.8212341197822142,0.16610455311973019,0.0791057369919636
all_radars_all_dates,all,max_hdr_size,sig_severe_obs,0.0,46.0,22.601710319519043,percentile,196,886,837,85,0.697508896797153,0.8188539741219963,0.16795201371036847,0.08358607645966219
all_radars_all_dates,all,max_hdr_size,sig_severe_obs,0.0,47.0,22.853112030029298,percentile,196,866,857,85,0.697508896797153,0.815442561205273,0.17088055797733218,0.09010335502795856
all_radars_all_dates,all,max_hdr_size,sig_severe_obs,0.0,48.0,23.097406997680665,percentile,190,852,871,91,0.6761565836298933,0.817658349328215,0.1676963812886143,0.08516097300269934
all_radars_all_dates,all,max_hdr_size,sig_severe_obs,0.0,49.0,23.290598487854005,percentile,189,833,890,92,0.6725978647686833,0.815068493150685,0.1696588868940754,0.08991736251305939
all_radars_all_dates,all,max_hdr_size,sig_severe_obs,0.0,50.0,23.45632553100586,percentile,188,814,909,93,0.6690391459074733,0.812375249500998,0.17168949771689498,0.09481037924151696
all_radars_all_dates,all,max_hdr_size,sig_severe_obs,0.0,51.0,23.78404758453369,percentile,187,795,928,94,0.6654804270462633,0.8095723014256619,0.1737918215613383,0.09984599589322382
all_radars_all_dates,all,max_hdr_size,sig_severe_obs,0.0,52.0,24.05554344177246,percentile,179,783,940,102,0.6370106761565836,0.8139293139293139,0.16823308270676693,0.09064526582195405
all_radars_all_dates,all,max_hdr_size,sig_severe_obs,0.0,53.0,24.229174461364746,percentile,178,764,959,103,0.6334519572953736,0.8110403397027601,0.17033492822966506,0.09576952861532312
all_radars_all_dates,all,max_hdr_size,sig_severe_obs,0.0,54.0,24.464060401916505,percentile,174,748,975,107,0.6192170818505338,0.8112798264642083,0.16909620991253643,0.09469695368605256
all_radars_all_dates,all,max_hdr_size,sig_severe_obs,0.0,55.0,24.643490886688234,percentile,172,730,993,109,0.6120996441281139,0.8093126385809313,0.17012858555885263,0.09789205755099238
all_radars_all_dates,all,max_hdr_size,sig_severe_obs,0.0,56.0,24.86056343078613,percentile,171,711,1012,110,0.608540925266904,0.8061224489795918,0.17237903225806453,0.10337182991746995
all_radars_all_dates,all,max_hdr_size,sig_severe_obs,0.0,57.0,25.054868278503413,percentile,167,695,1028,114,0.594306049822064,0.8062645011600929,0.1711065573770492,0.10236926729445532
all_radars_all_dates,all,max_hdr_size,sig_severe_obs,0.0,58.0,25.33703247070312,percentile,160,682,1041,121,0.5693950177935944,0.8099762470308789,0.16614745586708204,0.09456880370542084
all_radars_all_dates,all,max_hdr_size,sig_severe_obs,0.0,59.0,25.538852882385253,percentile,159,663,1060,122,0.5658362989323843,0.8065693430656934,0.1684322033898305,0.10026492066106626
all_radars_all_dates,all,max_hdr_size,sig_severe_obs,0.0,60.0,25.721851348876953,percentile,157,645,1078,124,0.5587188612099644,0.8042394014962594,0.1695464362850972,0.10382133602541975
all_radars_all_dates,all,max_hdr_size,sig_severe_obs,0.0,61.0,25.94534851074219,percentile,153,629,1094,128,0.5444839857651246,0.8043478260869565,0.16813186813186815,0.10275803658455802
all_radars_all_dates,all,max_hdr_size,sig_severe_obs,0.0,62.0,26.13179676055908,percentile,148,614,1109,133,0.5266903914590747,0.8057742782152231,0.1653631284916201,0.09924617672967782
all_radars_all_dates,all,max_hdr_size,sig_severe_obs,0.0,63.0,26.323316955566405,percentile,143,599,1124,138,0.5088967971530249,0.807277628032345,0.1625,0.0956102794215621
all_radars_all_dates,all,max_hdr_size,sig_severe_obs,0.0,64.0,26.56561172485352,percentile,134,588,1135,147,0.47686832740213525,0.814404432132964,0.15420023014959724,0.08185018775151971
all_radars_all_dates,all,max_hdr_size,sig_severe_obs,0.0,65.0,26.79702310562134,percentile,131,571,1152,150,0.46619217081850534,0.8133903133903134,0.15375586854460094,0.08285091861917675
all_radars_all_dates,all,max_hdr_size,sig_severe_obs,0.0,66.0,27.1627534866333,percentile,127,555,1168,154,0.45195729537366547,0.8137829912023461,0.1519138755980861,0.08129742759451897
all_radars_all_dates,all,max_hdr_size,sig_severe_obs,0.0,67.0,27.354701347351078,percentile,121,540,1183,160,0.4306049822064057,0.8169440242057489,0.14738124238733252,0.07484471926800089
all_radars_all_dates,all,max_hdr_size,sig_severe_obs,0.0,68.0,27.572908935546874,percentile,117,524,1199,164,0.41637010676156583,0.8174726989079563,0.1453416149068323,0.07307424941813014
all_radars_all_dates,all,max_hdr_size,sig_severe_obs,0.0,69.0,27.840375747680664,percentile,114,507,1216,167,0.40569395017793597,0.8164251207729468,0.1446700507614213,0.07398159612671276
all_radars_all_dates,all,max_hdr_size,sig_severe_obs,0.0,70.0,28.069871711730958,percentile,111,490,1233,170,0.39501779359430605,0.8153078202995009,0.14396887159533073,0.07492554725738337
all_radars_all_dates,all,max_hdr_size,sig_severe_obs,0.0,71.0,28.34826644897461,percentile,109,472,1251,172,0.3879003558718861,0.8123924268502581,0.14475431606905712,0.07876932828714722
all_radars_all_dates,all,max_hdr_size,sig_severe_obs,0.0,72.0,28.544692230224605,percentile,108,453,1270,173,0.38434163701067614,0.8074866310160428,0.14713896457765668,0.08569579457847394
all_radars_all_dates,all,max_hdr_size,sig_severe_obs,0.0,73.0,28.742357788085936,percentile,106,435,1288,175,0.37722419928825623,0.8040665434380776,0.14804469273743018,0.08993587176138995
all_radars_all_dates,all,max_hdr_size,sig_severe_obs,0.0,74.0,29.016359481811524,percentile,101,420,1303,180,0.3594306049822064,0.8061420345489443,0.14407988587731813,0.08521415757383943
all_radars_all_dates,all,max_hdr_size,sig_severe_obs,0.0,75.0,29.27796745300293,percentile,99,402,1321,182,0.35231316725978645,0.8023952095808383,0.14494875549048317,0.08963367108339829
all_radars_all_dates,all,max_hdr_size,sig_severe_obs,0.0,76.0,29.507289962768553,percentile,96,385,1338,185,0.3416370106761566,0.8004158004158004,0.14414414414414414,0.0910667878280548
all_radars_all_dates,all,max_hdr_size,sig_severe_obs,0.0,77.0,29.67216785430908,percentile,92,369,1354,189,0.3274021352313167,0.8004338394793926,0.14153846153846153,0.08930307862456287
all_radars_all_dates,all,max_hdr_size,sig_severe_obs,0.0,78.0,29.912223739624025,percentile,91,350,1373,190,0.3238434163701068,0.7936507936507936,0.14421553090332806,0.09748249858637617
all_radars_all_dates,all,max_hdr_size,sig_severe_obs,0.0,79.0,30.174539928436282,percentile,87,334,1389,194,0.3096085409252669,0.7933491686460807,0.14146341463414633,0.09578997202202005
all_radars_all_dates,all,max_hdr_size,sig_severe_obs,0.0,80.0,30.469655990600582,percentile,85,316,1407,196,0.302491103202847,0.7880299251870324,0.1423785594639866,0.1010350755147779
all_radars_all_dates,all,max_hdr_size,sig_severe_obs,0.0,81.0,30.74023021697998,percentile,84,297,1426,197,0.298932384341637,0.7795275590551181,0.1453287197231834,0.11015472896813198
all_radars_all_dates,all,max_hdr_size,sig_severe_obs,0.0,82.0,31.16902912139891,percentile,82,279,1444,199,0.2918149466192171,0.7728531855955678,0.14642857142857144,0.11606129450781869
all_radars_all_dates,all,max_hdr_size,sig_severe_obs,0.0,83.0,31.526284637451173,percentile,79,262,1461,202,0.28113879003558717,0.7683284457478006,0.14548802946593,0.11849122999945015
all_radars_all_dates,all,max_hdr_size,sig_severe_obs,0.0,84.0,31.874515686035156,percentile,74,247,1476,207,0.26334519572953735,0.7694704049844237,0.14015151515151514,0.1132449517839077
all_radars_all_dates,all,max_hdr_size,sig_severe_obs,0.0,85.0,32.336782455444336,percentile,67,234,1489,214,0.23843416370106763,0.7774086378737541,0.13009708737864079,0.09965642631216869
all_radars_all_dates,all,max_hdr_size,sig_severe_obs,0.0,86.0,32.64947593688965,percentile,61,220,1503,220,0.21708185053380782,0.7829181494661922,0.1217564870259481,0.08939757891453912
all_radars_all_dates,all,max_hdr_size,sig_severe_obs,0.0,87.0,32.953951873779296,percentile,55,206,1517,226,0.19572953736654805,0.789272030651341,0.11293634496919917,0.07850888677425741
all_radars_all_dates,all,max_hdr_size,sig_severe_obs,0.0,88.0,33.3270541381836,percentile,53,188,1535,228,0.18861209964412812,0.7800829875518672,0.11300639658848614,0.08453559341390617
all_radars_all_dates,all,max_hdr_size,sig_severe_obs,0.0,89.0,33.820700378417975,percentile,49,172,1551,232,0.17437722419928825,0.7782805429864253,0.10816777041942605,0.08186607938707607
all_radars_all_dates,all,max_hdr_size,sig_severe_obs,0.0,90.0,34.28720932006836,percentile,45,156,1567,236,0.1601423487544484,0.7761194029850746,0.10297482837528604,0.07901604518820211
all_radars_all_dates,all,max_hdr_size,sig_severe_obs,0.0,91.0,34.72606880187988,percentile,42,139,1584,239,0.1494661921708185,0.7679558011049724,0.1,0.08082987310192859
all_radars_all_dates,all,max_hdr_size,sig_severe_obs,0.0,92.0,35.11993667602539,percentile,39,122,1601,242,0.1387900355871886,0.7577639751552795,0.0967741935483871,0.08277525317935938
all_radars_all_dates,all,max_hdr_size,sig_severe_obs,0.0,93.0,35.95713871002199,percentile,35,106,1617,246,0.12455516014234876,0.75177304964539,0.09043927648578812,0.07963770441753235
all_radars_all_dates,all,max_hdr_size,sig_severe_obs,0.0,94.0,36.505699539184576,percentile,29,92,1631,252,0.10320284697508897,0.7603305785123967,0.0777479892761394,0.06538721214306825
all_radars_all_dates,all,max_hdr_size,sig_severe_obs,0.0,95.0,37.01317386627197,percentile,23,78,1645,258,0.08185053380782918,0.7722772277227723,0.06406685236768803,0.04997700228284088
all_radars_all_dates,all,max_hdr_size,sig_severe_obs,0.0,96.0,37.79263626098633,percentile,20,61,1662,261,0.0711743772241993,0.7530864197530864,0.05847953216374269,0.05094377917596915
all_radars_all_dates,all,max_hdr_size,sig_severe_obs,0.0,97.0,38.57276908874511,percentile,15,46,1677,266,0.05338078291814947,0.7540983606557377,0.045871559633027525,0.03968446564662733
all_radars_all_dates,all,max_hdr_size,sig_severe_obs,0.0,98.0,39.512889633178716,percentile,11,30,1693,270,0.03914590747330961,0.7317073170731707,0.03536977491961415,0.03382263606355043
all_radars_all_dates,all,max_hdr_size,sig_severe_obs,0.0,99.0,41.47912181854248,percentile,3,18,1705,278,0.010676156583629894,0.8571428571428571,0.010033444816053512,0.0003741114852225963
all_radars_all_dates,all,max_hdr_size,sig_severe_obs,0.0,100.0,51.35952377319336,percentile,0,1,1722,281,0.0,1.0,0.0,-0.0009954549158114375
all_radars_all_dates,all,max_hsda,severe_obs,0.0,,2.0,hsda_class,585,183,470,713,0.450693374422188,0.23828125,0.3950033760972316,0.14184418749183864
all_radars_all_dates,all,max_hsda,sig_severe_obs,0.0,,3.0,hsda_class,100,372,1302,177,0.36101083032490977,0.788135593220339,0.15408320493066255,0.1072768961111375
all_radars_all_dates,all,max_mesh_75_mh19,severe_obs,0.0,0.0,0.0,percentile,1328,676,0,0,1.0,0.3373253493013972,0.6626746506986028,0.0
all_radars_all_dates,all,max_mesh_75_mh19,severe_obs,0.0,1.0,4.182897423989609,percentile,1311,672,4,17,0.9871987951807228,0.3388804841149773,0.6555,-0.00903247305604518
all_radars_all_dates,all,max_mesh_75_mh19,severe_obs,0.0,2.0,10.89859975545012,percentile,1298,665,11,30,0.9774096385542169,0.33876719307182884,0.6512794781736077,-0.008211744879965486
all_radars_all_dates,all,max_mesh_75_mh19,severe_obs,0.0,3.0,13.070852645178244,percentile,1287,656,20,41,0.9691265060240963,0.3376222336592898,0.6486895161290323,-0.0016579704491149364
all_radars_all_dates,all,max_mesh_75_mh19,severe_obs,0.0,4.0,14.138208458597967,percentile,1283,640,36,45,0.9661144578313253,0.3328133125325013,0.6519308943089431,0.024707356790260288
all_radars_all_dates,all,max_mesh_75_mh19,severe_obs,0.0,5.0,14.986044520689958,percentile,1277,626,50,51,0.9615963855421686,0.3289542827115082,0.6535312180143296,0.04494578179248125
all_radars_all_dates,all,max_mesh_75_mh19,severe_obs,0.0,6.0,15.891636957643287,percentile,1273,610,66,55,0.9585843373493976,0.32395114179500795,0.6568627450980392,0.07040756252110078
all_radars_all_dates,all,max_mesh_75_mh19,severe_obs,0.0,7.0,16.834802692268987,percentile,1269,594,82,59,0.9555722891566265,0.3188405797101449,0.6602497398543185,0.09541031745373404
all_radars_all_dates,all,max_mesh_75_mh19,severe_obs,0.0,8.0,17.616682927009606,percentile,1264,579,97,64,0.9518072289156626,0.3141616928920239,0.6628211851074987,0.11722053387190035
all_radars_all_dates,all,max_mesh_75_mh19,severe_obs,0.0,9.0,18.421835897584423,percentile,1258,565,111,70,0.947289156626506,0.3099286889742183,0.664553618594823,0.1359230157070338
all_radars_all_dates,all,max_mesh_75_mh19,severe_obs,0.0,10.0,19.19124589004638,percentile,1254,549,127,74,0.9442771084337349,0.30449251247920134,0.6680873734683005,0.15969243940458594
all_radars_all_dates,all,max_mesh_75_mh19,severe_obs,0.0,11.0,19.859899515983333,percentile,1246,537,139,82,0.9382530120481928,0.3011777902411666,0.6680965147453083,0.17235167427721984
all_radars_all_dates,all,max_mesh_75_mh19,severe_obs,0.0,12.0,20.438151496775568,percentile,1239,524,152,89,0.9329819277108434,0.2972206466250709,0.6690064794816415,0.18744361160866654
all_radars_all_dates,all,max_mesh_75_mh19,severe_obs,0.0,13.0,21.053105468176195,percentile,1232,511,165,96,0.927710843373494,0.2931726907630522,0.6699293094072866,0.20227743108292084
all_radars_all_dates,all,max_mesh_75_mh19,severe_obs,0.0,14.0,21.775052758096678,percentile,1227,496,180,101,0.9239457831325302,0.2878699941961695,0.6726973684210527,0.22207194671230418
all_radars_all_dates,all,max_mesh_75_mh19,severe_obs,0.0,15.0,22.314440802914305,percentile,1218,485,191,110,0.9171686746987951,0.28479154433352905,0.6718146718146718,0.2311967586443458
all_radars_all_dates,all,max_mesh_75_mh19,severe_obs,0.0,16.0,22.80498111171199,percentile,1209,474,202,119,0.9103915662650602,0.2816399286987522,0.6709211986681465,0.24016941219798515
all_radars_all_dates,all,max_mesh_75_mh19,severe_obs,0.0,17.0,23.322484052113676,percentile,1199,464,212,129,0.9028614457831325,0.2790138304269393,0.6690848214285714,0.24645220527622705
all_radars_all_dates,all,max_mesh_75_mh19,severe_obs,0.0,18.0,23.719847610197487,percentile,1192,451,225,136,0.8975903614457831,0.2744978697504565,0.6700393479482856,0.2601938523693207
all_radars_all_dates,all,max_mesh_75_mh19,severe_obs,0.0,19.0,24.1582407520265,percentile,1187,436,240,141,0.8938253012048193,0.26863832409118915,0.6729024943310657,0.27871220797496876
all_radars_all_dates,all,max_mesh_75_mh19,severe_obs,0.0,20.0,24.64709271791167,percentile,1177,426,250,151,0.8862951807228916,0.2657517155333749,0.6710376282782212,0.28453193874848715
all_radars_all_dates,all,max_mesh_75_mh19,severe_obs,0.0,21.0,25.076333920702,percentile,1166,417,259,162,0.8780120481927711,0.2634238787113076,0.6681948424068768,0.28779839871936835
all_radars_all_dates,all,max_mesh_75_mh19,severe_obs,0.0,22.0,25.511367996507023,percentile,1158,405,271,170,0.8719879518072289,0.2591170825335892,0.668205424120023,0.29833470950582014
all_radars_all_dates,all,max_mesh_75_mh19,severe_obs,0.0,23.0,25.874282806241624,percentile,1151,392,284,177,0.8667168674698795,0.254050550874919,0.6691860465116279,0.31112636200851096
all_radars_all_dates,all,max_mesh_75_mh19,severe_obs,0.0,24.0,26.291548831659295,percentile,1136,387,289,192,0.8554216867469879,0.2541037426132633,0.6623906705539359,0.3044986681180304
all_radars_all_dates,all,max_mesh_75_mh19,severe_obs,0.0,25.0,26.600115172641836,percentile,1127,376,300,201,0.848644578313253,0.25016633399866933,0.6613849765258216,0.31227651966626935
all_radars_all_dates,all,max_mesh_75_mh19,severe_obs,0.0,26.0,26.886107308218794,percentile,1117,366,310,211,0.8411144578313253,0.24679703304113285,0.6593860684769776,0.3175692105033298
all_radars_all_dates,all,max_mesh_75_mh19,severe_obs,0.0,27.0,27.267556245239568,percentile,1105,358,318,223,0.8320783132530121,0.24470266575529734,0.6553973902728352,0.318086300160006
all_radars_all_dates,all,max_mesh_75_mh19,severe_obs,0.0,28.0,27.573853762067515,percentile,1094,349,327,234,0.8237951807228916,0.24185724185724186,0.652355396541443,0.3209251393219086
all_radars_all_dates,all,max_mesh_75_mh19,severe_obs,0.0,29.0,27.846936587141755,percentile,1081,342,334,247,0.8140060240963856,0.24033731553056922,0.6473053892215569,0.3190971413012629
all_radars_all_dates,all,max_mesh_75_mh19,severe_obs,0.0,30.0,28.170872279531405,percentile,1069,334,342,259,0.8049698795180723,0.23806129722024233,0.6432009626955475,0.3195912412771191
all_radars_all_dates,all,max_mesh_75_mh19,severe_obs,0.0,31.0,28.411653964022204,percentile,1058,325,351,270,0.7966867469879518,0.23499638467100506,0.6400483968542044,0.3223558134935519
all_radars_all_dates,all,max_mesh_75_mh19,severe_obs,0.0,32.0,28.80758428442506,percentile,1046,317,359,282,0.7876506024096386,0.23257520176082172,0.6358662613981763,0.3228186723049741
all_radars_all_dates,all,max_mesh_75_mh19,severe_obs,0.0,33.0,29.070755524711945,percentile,1031,312,364,297,0.776355421686747,0.23231571109456442,0.6286585365853659,0.31654118664304165
all_radars_all_dates,all,max_mesh_75_mh19,severe_obs,0.0,34.0,29.457311866508018,percentile,1016,306,370,312,0.7650602409638554,0.2314674735249622,0.6217870257037944,0.3117183366604274
all_radars_all_dates,all,max_mesh_75_mh19,severe_obs,0.0,35.0,29.705238609783937,percentile,1004,298,378,324,0.7560240963855421,0.22887864823348694,0.6174661746617466,0.3122475733940702
all_radars_all_dates,all,max_mesh_75_mh19,severe_obs,0.0,36.0,30.1280778779116,percentile,988,294,382,340,0.7439759036144579,0.22932917316692666,0.6091245376078915,0.30398674736283915
all_radars_all_dates,all,max_mesh_75_mh19,severe_obs,0.0,37.0,30.433723036350326,percentile,979,283,393,349,0.7371987951807228,0.22424722662440572,0.6076970825574177,0.31110347198349947
all_radars_all_dates,all,max_mesh_75_mh19,severe_obs,0.0,38.0,30.68680846263338,percentile,964,278,398,364,0.7259036144578314,0.22383252818035426,0.6002490660024906,0.30513176144244103
all_radars_all_dates,all,max_mesh_75_mh19,severe_obs,0.0,39.0,31.0625808108631,percentile,953,269,407,375,0.7176204819277109,0.22013093289689034,0.5967438948027551,0.3078418164422
all_radars_all_dates,all,max_mesh_75_mh19,severe_obs,0.0,40.0,31.46538701972174,percentile,938,264,412,390,0.7063253012048193,0.21963394342762063,0.5891959798994975,0.3019757052590317
all_radars_all_dates,all,max_mesh_75_mh19,severe_obs,0.0,41.0,31.87675916627006,percentile,924,258,418,404,0.6957831325301205,0.2182741116751269,0.5825977301387137,0.2983104205542227
all_radars_all_dates,all,max_mesh_75_mh19,severe_obs,0.0,42.0,32.05092577397653,percentile,911,251,425,417,0.6859939759036144,0.21600688468158347,0.5769474350854972,0.2968007362551006
all_radars_all_dates,all,max_mesh_75_mh19,severe_obs,0.0,43.0,32.331822226462315,percentile,898,244,432,430,0.6762048192771084,0.2136602451838879,0.5712468193384224,0.29531159350726865
all_radars_all_dates,all,max_mesh_75_mh19,severe_obs,0.0,44.0,32.648209992095985,percentile,884,238,438,444,0.6656626506024096,0.21212121212121213,0.5644955300127714,0.2917656422948251
all_radars_all_dates,all,max_mesh_75_mh19,severe_obs,0.0,45.0,32.905300892892534,percentile,872,230,446,456,0.6566265060240963,0.20871143375680581,0.5596919127086007,0.29239327818291877
all_radars_all_dates,all,max_mesh_75_mh19,severe_obs,0.0,46.0,33.183498074089215,percentile,858,224,452,470,0.6460843373493976,0.20702402957486138,0.5528350515463918,0.2889140669418073
all_radars_all_dates,all,max_mesh_75_mh19,severe_obs,0.0,47.0,33.44932095096902,percentile,843,219,457,485,0.634789156626506,0.2062146892655367,0.5449256625727213,0.28344527469312625
all_radars_all_dates,all,max_mesh_75_mh19,severe_obs,0.0,48.0,33.68931646955818,percentile,829,213,463,499,0.6242469879518072,0.20441458733205375,0.5379623621025308,0.28007071901703795
all_radars_all_dates,all,max_mesh_75_mh19,severe_obs,0.0,49.0,33.883107958625146,percentile,814,208,468,514,0.6129518072289156,0.2035225048923679,0.5299479166666666,0.27473122375897757
all_radars_all_dates,all,max_mesh_75_mh19,severe_obs,0.0,50.0,34.18434718840763,percentile,801,201,475,527,0.6031626506024096,0.20059880239520958,0.5238718116415958,0.27345309381237526
all_radars_all_dates,all,max_mesh_75_mh19,severe_obs,0.0,51.0,34.55544750280728,percentile,789,193,483,539,0.5941265060240963,0.19653767820773932,0.5187376725838264,0.2741745866500944
all_radars_all_dates,all,max_mesh_75_mh19,severe_obs,0.0,52.0,34.87955861760827,percentile,772,190,486,556,0.5813253012048193,0.19750519750519752,0.5085638998682477,0.26503474775919234
all_radars_all_dates,all,max_mesh_75_mh19,severe_obs,0.0,53.0,35.070992540837885,percentile,758,184,492,570,0.5707831325301205,0.19532908704883228,0.5013227513227513,0.2618849431984712
all_radars_all_dates,all,max_mesh_75_mh19,severe_obs,0.0,54.0,35.28420811182625,percentile,745,177,499,583,0.5609939759036144,0.19197396963123645,0.4950166112956811,0.260720484931326
all_radars_all_dates,all,max_mesh_75_mh19,severe_obs,0.0,55.0,35.462516632215156,percentile,728,174,502,600,0.5481927710843374,0.19290465631929046,0.48468708388814913,0.25183773166995305
all_radars_all_dates,all,max_mesh_75_mh19,severe_obs,0.0,56.0,35.737049223740215,percentile,711,171,505,617,0.5353915662650602,0.19387755102040816,0.4743162108072048,0.24306602091410034
all_radars_all_dates,all,max_mesh_75_mh19,severe_obs,0.0,57.0,35.9643927653349,percentile,698,164,512,630,0.5256024096385542,0.1902552204176334,0.467828418230563,0.24204015837750703
all_radars_all_dates,all,max_mesh_75_mh19,severe_obs,0.0,58.0,36.226572006093505,percentile,687,155,521,641,0.5173192771084337,0.1840855106888361,0.46325016857720835,0.24482182691324453
all_radars_all_dates,all,max_mesh_75_mh19,severe_obs,0.0,59.0,36.42130620787806,percentile,669,153,523,659,0.5037650602409639,0.18613138686131386,0.45172180958811614,0.23436882459884595
all_radars_all_dates,all,max_mesh_75_mh19,severe_obs,0.0,60.0,36.608531262700836,percentile,655,147,529,673,0.4932228915662651,0.18329177057356608,0.4440677966101695,0.23154047309961429
all_radars_all_dates,all,max_mesh_75_mh19,severe_obs,0.0,61.0,36.88814818284542,percentile,643,139,537,685,0.48418674698795183,0.17774936061381075,0.4383094751192911,0.23247226983873187
all_radars_all_dates,all,max_mesh_75_mh19,severe_obs,0.0,62.0,37.14079251233424,percentile,628,134,542,700,0.47289156626506024,0.17585301837270342,0.42954856361149113,0.22783771497000677
all_radars_all_dates,all,max_mesh_75_mh19,severe_obs,0.0,63.0,37.4887145657931,percentile,613,129,547,715,0.4615963855421687,0.1738544474393531,0.42072752230610844,0.2232586676267768
all_radars_all_dates,all,max_mesh_75_mh19,severe_obs,0.0,64.0,37.790447017669656,percentile,596,126,550,732,0.44879518072289154,0.1745152354570637,0.40990371389270974,0.21507481164702488
all_radars_all_dates,all,max_mesh_75_mh19,severe_obs,0.0,65.0,38.062180170118424,percentile,579,123,553,749,0.43599397590361444,0.1752136752136752,0.3990351481736733,0.20698781271442107
all_radars_all_dates,all,max_mesh_75_mh19,severe_obs,0.0,66.0,38.47665184174975,percentile,563,119,557,765,0.4239457831325301,0.1744868035190616,0.3890808569454043,0.20080409699690704
all_radars_all_dates,all,max_mesh_75_mh19,severe_obs,0.0,67.0,38.85268469173914,percentile,545,116,560,783,0.41039156626506024,0.17549167927382753,0.37742382271468145,0.192232574405696
all_radars_all_dates,all,max_mesh_75_mh19,severe_obs,0.0,68.0,39.088955753068454,percentile,527,114,562,801,0.39683734939759036,0.17784711388455537,0.3654646324549237,0.18263513091852474
all_radars_all_dates,all,max_mesh_75_mh19,severe_obs,0.0,69.0,39.370988828442485,percentile,512,109,567,816,0.3855421686746988,0.17552334943639292,0.3562978427279054,0.17847741112027016
all_radars_all_dates,all,max_mesh_75_mh19,severe_obs,0.0,70.0,39.619130322630255,percentile,495,106,570,833,0.3727409638554217,0.17637271214642264,0.34518828451882844,0.17083535290333382
all_radars_all_dates,all,max_mesh_75_mh19,severe_obs,0.0,71.0,39.885578324699054,percentile,478,103,573,850,0.35993975903614456,0.17728055077452667,0.33403214535290005,0.16328061336254107
all_radars_all_dates,all,max_mesh_75_mh19,severe_obs,0.0,72.0,40.20627370255734,percentile,464,97,579,864,0.3493975903614458,0.17290552584670232,0.3256140350877193,0.16104968765519223
all_radars_all_dates,all,max_mesh_75_mh19,severe_obs,0.0,73.0,40.49672194853304,percentile,450,91,585,878,0.338855421686747,0.16820702402957485,0.3171247357293869,0.15884396468824993
all_radars_all_dates,all,max_mesh_75_mh19,severe_obs,0.0,74.0,40.84400791859179,percentile,436,85,591,892,0.32831325301204817,0.16314779270633398,0.3085633404104742,0.15666301978790673
all_radars_all_dates,all,max_mesh_75_mh19,severe_obs,0.0,75.0,41.189964973610614,percentile,423,78,598,905,0.3185240963855422,0.15568862275449102,0.3008534850640114,0.15622317596566523
all_radars_all_dates,all,max_mesh_75_mh19,severe_obs,0.0,76.0,41.486568969354785,percentile,407,74,602,921,0.3064759036144578,0.15384615384615385,0.29029957203994294,0.1506666098734932
all_radars_all_dates,all,max_mesh_75_mh19,severe_obs,0.0,77.0,41.84789554644344,percentile,391,70,606,937,0.2944277108433735,0.15184381778741865,0.27968526466380544,0.14517142929759314
all_radars_all_dates,all,max_mesh_75_mh19,severe_obs,0.0,78.0,42.35793361488627,percentile,373,68,608,955,0.2808734939759036,0.15419501133786848,0.2671919770773639,0.13635973005080504
all_radars_all_dates,all,max_mesh_75_mh19,severe_obs,0.0,79.0,42.56942891405126,percentile,360,61,615,968,0.2710843373493976,0.14489311163895488,0.2591792656587473,0.13604042198406247
all_radars_all_dates,all,max_mesh_75_mh19,severe_obs,0.0,80.0,43.02504757862809,percentile,347,54,622,981,0.26129518072289154,0.13466334164588528,0.25108538350217074,0.1357245839340628
all_radars_all_dates,all,max_mesh_75_mh19,severe_obs,0.0,81.0,43.32688896356462,percentile,332,49,627,996,0.25,0.12860892388451445,0.2411038489469862,0.13209001616312321
all_radars_all_dates,all,max_mesh_75_mh19,severe_obs,0.0,82.0,43.66855781843296,percentile,315,46,630,1013,0.2371987951807229,0.12742382271468145,0.2292576419213974,0.1251902355375648
all_radars_all_dates,all,max_mesh_75_mh19,severe_obs,0.0,83.0,44.42928247122557,percentile,298,43,633,1030,0.22439759036144577,0.12609970674486803,0.21735959153902262,0.11836423422906298
all_radars_all_dates,all,max_mesh_75_mh19,severe_obs,0.0,84.0,44.692489130059144,percentile,281,40,636,1047,0.21159638554216867,0.12461059190031153,0.2054093567251462,0.11161083514816356
all_radars_all_dates,all,max_mesh_75_mh19,severe_obs,0.0,85.0,45.16796332144021,percentile,268,33,643,1060,0.20180722891566266,0.10963455149501661,0.19691403379867745,0.11143258176271571
all_radars_all_dates,all,max_mesh_75_mh19,severe_obs,0.0,86.0,45.72727482660361,percentile,249,32,644,1079,0.1875,0.11387900355871886,0.18308823529411763,0.10155199548040837
all_radars_all_dates,all,max_mesh_75_mh19,severe_obs,0.0,87.0,46.37087925740058,percentile,232,29,647,1096,0.1746987951807229,0.1111111111111111,0.1709653647752395,0.09499265396565428
all_radars_all_dates,all,max_mesh_75_mh19,severe_obs,0.0,88.0,46.82746828423972,percentile,215,26,650,1113,0.16189759036144577,0.1078838174273859,0.1587887740029542,0.08850162528252761
all_radars_all_dates,all,max_mesh_75_mh19,severe_obs,0.0,89.0,47.439067914074755,percentile,198,23,653,1130,0.14909638554216867,0.10407239819004525,0.14655810510732792,0.08207784778446063
all_radars_all_dates,all,max_mesh_75_mh19,severe_obs,0.0,90.0,48.152820358061724,percentile,180,21,655,1148,0.1355421686746988,0.1044776119402985,0.1334321719792439,0.07413625477223684
all_radars_all_dates,all,max_mesh_75_mh19,severe_obs,0.0,91.0,48.838995700276975,percentile,166,15,661,1162,0.125,0.08287292817679558,0.12360387192851824,0.07257971926237565
all_radars_all_dates,all,max_mesh_75_mh19,severe_obs,0.0,92.0,49.62048770630852,percentile,147,14,662,1181,0.11069277108433735,0.08695652173913043,0.10953800298062594,0.06319973086522138
all_radars_all_dates,all,max_mesh_75_mh19,severe_obs,0.0,93.0,50.128620206206115,percentile,131,10,666,1197,0.09864457831325302,0.07092198581560284,0.09790732436472346,0.058594680428741566
all_radars_all_dates,all,max_mesh_75_mh19,severe_obs,0.0,94.0,51.03456935952928,percentile,113,8,668,1215,0.08509036144578314,0.06611570247933884,0.0845808383233533,0.050932071467847985
all_radars_all_dates,all,max_mesh_75_mh19,severe_obs,0.0,95.0,52.004938440564146,percentile,94,7,669,1234,0.07078313253012049,0.06930693069306931,0.07041198501872659,0.04180222388324228
all_radars_all_dates,all,max_mesh_75_mh19,severe_obs,0.0,96.0,52.60240593296855,percentile,76,5,671,1252,0.0572289156626506,0.06172839506172839,0.05701425356339085,0.03430017251293847
all_radars_all_dates,all,max_mesh_75_mh19,severe_obs,0.0,97.0,53.91482197955884,percentile,57,4,672,1271,0.04292168674698795,0.06557377049180328,0.04279279279279279,0.025343881840444928
all_radars_all_dates,all,max_mesh_75_mh19,severe_obs,0.0,98.0,55.608098288512906,percentile,39,2,674,1289,0.029367469879518073,0.04878048780487805,0.029323308270676692,0.01799755558760789
all_radars_all_dates,all,max_mesh_75_mh19,severe_obs,0.0,99.0,58.32687516698719,percentile,21,0,676,1307,0.01581325301204819,0.0,0.01581325301204819,0.010723593264894509
all_radars_all_dates,all,max_mesh_75_mh19,severe_obs,0.0,100.0,66.53414062792001,percentile,1,0,676,1327,0.0007530120481927711,0.0,0.0007530120481927711,0.0005081445957018184
all_radars_all_dates,all,max_mesh_75_mh19,sig_severe_obs,0.0,0.0,0.0,percentile,281,1723,0,0,1.0,0.8597804391217565,0.14021956087824353,0.0
all_radars_all_dates,all,max_mesh_75_mh19,sig_severe_obs,0.0,1.0,4.182897423989609,percentile,279,1704,19,2,0.9928825622775801,0.859304084720121,0.14055415617128464,0.0011061733589278358
all_radars_all_dates,all,max_mesh_75_mh19,sig_severe_obs,0.0,2.0,10.89859975545012,percentile,276,1687,36,5,0.9822064056939501,0.8593988792664289,0.1402439024390244,0.0008845620062644198
all_radars_all_dates,all,max_mesh_75_mh19,sig_severe_obs,0.0,3.0,13.070852645178244,percentile,272,1671,52,9,0.9679715302491103,0.8600102933607823,0.13934426229508196,-0.0005319575741545887
all_radars_all_dates,all,max_mesh_75_mh19,sig_severe_obs,0.0,4.0,14.138208458597967,percentile,271,1652,71,10,0.9644128113879004,0.859074362974519,0.14019658561821002,0.0016312509554598346
all_radars_all_dates,all,max_mesh_75_mh19,sig_severe_obs,0.0,5.0,14.986044520689958,percentile,269,1634,89,12,0.9572953736654805,0.8586442459274829,0.14046997389033944,0.0026203038778441303
all_radars_all_dates,all,max_mesh_75_mh19,sig_severe_obs,0.0,6.0,15.891636957643287,percentile,268,1615,108,13,0.9537366548042705,0.8576739245884227,0.14135021097046413,0.004849301948200499
all_radars_all_dates,all,max_mesh_75_mh19,sig_severe_obs,0.0,7.0,16.834802692268987,percentile,268,1595,128,13,0.9537366548042705,0.8561460010735373,0.14285714285714285,0.008351258781931149
all_radars_all_dates,all,max_mesh_75_mh19,sig_severe_obs,0.0,8.0,17.616682927009606,percentile,268,1575,148,13,0.9537366548042705,0.8545849158979925,0.14439655172413793,0.011915932102349468
all_radars_all_dates,all,max_mesh_75_mh19,sig_severe_obs,0.0,9.0,18.421835897584423,percentile,268,1555,168,13,0.9537366548042705,0.8529895776193088,0.14596949891067537,0.015545021914915615
all_radars_all_dates,all,max_mesh_75_mh19,sig_severe_obs,0.0,10.0,19.19124589004638,percentile,268,1535,188,13,0.9537366548042705,0.8513588463671659,0.14757709251101322,0.019240290226205718
all_radars_all_dates,all,max_mesh_75_mh19,sig_severe_obs,0.0,11.0,19.859899515983333,percentile,267,1516,207,14,0.9501779359430605,0.8502523836231072,0.14858096828046743,0.02172477274975193
all_radars_all_dates,all,max_mesh_75_mh19,sig_severe_obs,0.0,12.0,20.438151496775568,percentile,267,1496,227,14,0.9501779359430605,0.8485536018150879,0.1502532357906584,0.025546070194533983
all_radars_all_dates,all,max_mesh_75_mh19,sig_severe_obs,0.0,13.0,21.053105468176195,percentile,266,1477,246,15,0.9466192170818505,0.8473895582329317,0.15130830489192265,0.028136244405222766
all_radars_all_dates,all,max_mesh_75_mh19,sig_severe_obs,0.0,14.0,21.775052758096678,percentile,266,1457,266,15,0.9466192170818505,0.8456181079512478,0.15304948216340622,0.032090534142252
all_radars_all_dates,all,max_mesh_75_mh19,sig_severe_obs,0.0,15.0,22.314440802914305,percentile,263,1440,283,18,0.9359430604982206,0.8455666470933646,0.15281812899477049,0.03213740331583219
all_radars_all_dates,all,max_mesh_75_mh19,sig_severe_obs,0.0,16.0,22.80498111171199,percentile,259,1424,299,22,0.9217081850533808,0.8461081402257873,0.15190615835777127,0.03084471289393681
all_radars_all_dates,all,max_mesh_75_mh19,sig_severe_obs,0.0,17.0,23.322484052113676,percentile,258,1405,318,23,0.9181494661921709,0.8448586891160553,0.15302491103202848,0.033587399575167924
all_radars_all_dates,all,max_mesh_75_mh19,sig_severe_obs,0.0,18.0,23.719847610197487,percentile,258,1385,338,23,0.9181494661921709,0.8429701765063907,0.15486194477791115,0.037750867057936864
all_radars_all_dates,all,max_mesh_75_mh19,sig_severe_obs,0.0,19.0,24.1582407520265,percentile,258,1365,358,23,0.9181494661921709,0.8410351201478743,0.15674362089914945,0.04199704493557753
all_radars_all_dates,all,max_mesh_75_mh19,sig_severe_obs,0.0,20.0,24.64709271791167,percentile,257,1346,377,24,0.9145907473309609,0.8396756082345602,0.15795943454210204,0.0449341658984572
all_radars_all_dates,all,max_mesh_75_mh19,sig_severe_obs,0.0,21.0,25.076333920702,percentile,256,1327,396,25,0.9110320284697508,0.8382817435249527,0.15920398009950248,0.04793081758796265
all_radars_all_dates,all,max_mesh_75_mh19,sig_severe_obs,0.0,22.0,25.511367996507023,percentile,255,1308,415,26,0.9074733096085409,0.836852207293666,0.1604782882315922,0.050988828422027926
all_radars_all_dates,all,max_mesh_75_mh19,sig_severe_obs,0.0,23.0,25.874282806241624,percentile,253,1290,433,28,0.900355871886121,0.8360337005832793,0.16104392106938256,0.05267257982949145
all_radars_all_dates,all,max_mesh_75_mh19,sig_severe_obs,0.0,24.0,26.291548831659295,percentile,250,1273,450,31,0.8896797153024911,0.8358502954694682,0.16087516087516088,0.052938980679812564
all_radars_all_dates,all,max_mesh_75_mh19,sig_severe_obs,0.0,25.0,26.600115172641836,percentile,247,1256,467,34,0.8790035587188612,0.8356620093147039,0.16070266753415746,0.05321100917431193
all_radars_all_dates,all,max_mesh_75_mh19,sig_severe_obs,0.0,26.0,26.886107308218794,percentile,246,1237,486,35,0.8754448398576512,0.8341200269723533,0.16205533596837945,0.056455965146708816
all_radars_all_dates,all,max_mesh_75_mh19,sig_severe_obs,0.0,27.0,27.267556245239568,percentile,244,1219,504,37,0.8683274021352313,0.8332194121667806,0.16266666666666665,0.058271381375875966
all_radars_all_dates,all,max_mesh_75_mh19,sig_severe_obs,0.0,28.0,27.573853762067515,percentile,243,1200,523,38,0.8647686832740213,0.8316008316008316,0.16407832545577314,0.06164232789824239
all_radars_all_dates,all,max_mesh_75_mh19,sig_severe_obs,0.0,29.0,27.846936587141755,percentile,242,1181,542,39,0.8612099644128114,0.8299367533380183,0.16552667578659372,0.06508762604728709
all_radars_all_dates,all,max_mesh_75_mh19,sig_severe_obs,0.0,30.0,28.170872279531405,percentile,240,1163,560,41,0.8540925266903915,0.8289379900213828,0.16620498614958448,0.06706002899951667
all_radars_all_dates,all,max_mesh_75_mh19,sig_severe_obs,0.0,31.0,28.411653964022204,percentile,238,1145,578,43,0.8469750889679716,0.8279103398409255,0.16690042075736325,0.06907691766279166
all_radars_all_dates,all,max_mesh_75_mh19,sig_severe_obs,0.0,32.0,28.80758428442506,percentile,236,1127,596,45,0.8398576512455516,0.8268525311812179,0.16761363636363635,0.07113981420328486
all_radars_all_dates,all,max_mesh_75_mh19,sig_severe_obs,0.0,33.0,29.070755524711945,percentile,235,1108,615,46,0.8362989323843416,0.8250186150409531,0.16918646508279336,0.07485368419789337
all_radars_all_dates,all,max_mesh_75_mh19,sig_severe_obs,0.0,34.0,29.457311866508018,percentile,234,1088,635,47,0.8327402135231317,0.8229954614220878,0.17092768444119796,0.07892776037397832
all_radars_all_dates,all,max_mesh_75_mh19,sig_severe_obs,0.0,35.0,29.705238609783937,percentile,233,1069,654,48,0.8291814946619217,0.8210445468509985,0.1725925925925926,0.08282362427722928
all_radars_all_dates,all,max_mesh_75_mh19,sig_severe_obs,0.0,36.0,30.1280778779116,percentile,228,1054,669,53,0.8113879003558719,0.8221528861154446,0.1707865168539326,0.08016525635964986
all_radars_all_dates,all,max_mesh_75_mh19,sig_severe_obs,0.0,37.0,30.433723036350326,percentile,228,1034,689,53,0.8113879003558719,0.8193343898573693,0.17338403041825096,0.08585236314315833
all_radars_all_dates,all,max_mesh_75_mh19,sig_severe_obs,0.0,38.0,30.68680846263338,percentile,227,1015,708,54,0.8078291814946619,0.8172302737520128,0.17515432098765432,0.08997624557790533
all_radars_all_dates,all,max_mesh_75_mh19,sig_severe_obs,0.0,39.0,31.0625808108631,percentile,227,995,728,54,0.8078291814946619,0.8142389525368249,0.1778996865203762,0.09592611196741165
all_radars_all_dates,all,max_mesh_75_mh19,sig_severe_obs,0.0,40.0,31.46538701972174,percentile,225,977,746,56,0.800711743772242,0.8128119800332779,0.17885532591414943,0.0985347551480399
all_radars_all_dates,all,max_mesh_75_mh19,sig_severe_obs,0.0,41.0,31.87675916627006,percentile,223,959,764,58,0.7935943060498221,0.811336717428088,0.17983870967741936,0.10120975423890265
all_radars_all_dates,all,max_mesh_75_mh19,sig_severe_obs,0.0,42.0,32.05092577397653,percentile,220,942,781,61,0.7829181494661922,0.810671256454389,0.17988552739165986,0.10216337134301264
all_radars_all_dates,all,max_mesh_75_mh19,sig_severe_obs,0.0,43.0,32.331822226462315,percentile,216,926,797,65,0.7686832740213523,0.8108581436077058,0.17895608947804473,0.10132821210848694
all_radars_all_dates,all,max_mesh_75_mh19,sig_severe_obs,0.0,44.0,32.648209992095985,percentile,211,911,812,70,0.7508896797153025,0.8119429590017825,0.17701342281879195,0.09863331756109907
all_radars_all_dates,all,max_mesh_75_mh19,sig_severe_obs,0.0,45.0,32.905300892892534,percentile,207,895,828,74,0.7366548042704626,0.8121597096188747,0.1760204081632653,0.09772847234096332
all_radars_all_dates,all,max_mesh_75_mh19,sig_severe_obs,0.0,46.0,33.183498074089215,percentile,201,881,842,80,0.7153024911032029,0.8142329020332717,0.1729776247848537,0.0930239129533835
all_radars_all_dates,all,max_mesh_75_mh19,sig_severe_obs,0.0,47.0,33.44932095096902,percentile,198,864,859,83,0.7046263345195729,0.8135593220338984,0.17292576419213973,0.09393047025391878
all_radars_all_dates,all,max_mesh_75_mh19,sig_severe_obs,0.0,48.0,33.68931646955818,percentile,197,845,878,84,0.701067615658363,0.8109404990403071,0.17495559502664298,0.09874288856787666
all_radars_all_dates,all,max_mesh_75_mh19,sig_severe_obs,0.0,49.0,33.883107958625146,percentile,194,828,895,87,0.6903914590747331,0.8101761252446184,0.17493237150586113,0.09975609372913442
all_radars_all_dates,all,max_mesh_75_mh19,sig_severe_obs,0.0,50.0,34.18434718840763,percentile,192,810,913,89,0.6832740213523132,0.8083832335329342,0.1759853345554537,0.1027944111776447
all_radars_all_dates,all,max_mesh_75_mh19,sig_severe_obs,0.0,51.0,34.55544750280728,percentile,191,791,932,90,0.6797153024911032,0.8054989816700611,0.17817164179104478,0.10794636938349852
all_radars_all_dates,all,max_mesh_75_mh19,sig_severe_obs,0.0,52.0,34.87955861760827,percentile,188,774,949,93,0.6690391459074733,0.8045738045738046,0.17819905213270143,0.10914061634760923
all_radars_all_dates,all,max_mesh_75_mh19,sig_severe_obs,0.0,53.0,35.070992540837885,percentile,185,757,966,96,0.6583629893238434,0.8036093418259024,0.17822736030828518,0.11037071269765932
all_radars_all_dates,all,max_mesh_75_mh19,sig_severe_obs,0.0,54.0,35.28420811182625,percentile,183,739,984,98,0.6512455516014235,0.8015184381778742,0.17941176470588235,0.11375596518739882
all_radars_all_dates,all,max_mesh_75_mh19,sig_severe_obs,0.0,55.0,35.462516632215156,percentile,180,722,1001,101,0.6405693950177936,0.8004434589800443,0.1794616151545364,0.11509554632236797
all_radars_all_dates,all,max_mesh_75_mh19,sig_severe_obs,0.0,56.0,35.737049223740215,percentile,178,704,1019,103,0.6334519572953736,0.7981859410430839,0.18071065989847715,0.11866146984579568
all_radars_all_dates,all,max_mesh_75_mh19,sig_severe_obs,0.0,57.0,35.9643927653349,percentile,175,687,1036,106,0.6227758007117438,0.796983758700696,0.18078512396694216,0.12012216188442901
all_radars_all_dates,all,max_mesh_75_mh19,sig_severe_obs,0.0,58.0,36.226572006093505,percentile,173,669,1054,108,0.6156583629893239,0.7945368171021377,0.18210526315789474,0.12388538042230635
all_radars_all_dates,all,max_mesh_75_mh19,sig_severe_obs,0.0,59.0,36.42130620787806,percentile,167,655,1068,114,0.594306049822064,0.7968369829683698,0.17841880341880342,0.11860347004886619
all_radars_all_dates,all,max_mesh_75_mh19,sig_severe_obs,0.0,60.0,36.608531262700836,percentile,166,636,1087,115,0.5907473309608541,0.7930174563591023,0.18102508178844057,0.12479820982456467
all_radars_all_dates,all,max_mesh_75_mh19,sig_severe_obs,0.0,61.0,36.88814818284542,percentile,162,620,1103,119,0.5765124555160143,0.7928388746803069,0.17980022197558268,0.12409271999470063
all_radars_all_dates,all,max_mesh_75_mh19,sig_severe_obs,0.0,62.0,37.14079251233424,percentile,160,602,1121,121,0.5693950177935944,0.7900262467191601,0.1812004530011325,0.12818605860181667
all_radars_all_dates,all,max_mesh_75_mh19,sig_severe_obs,0.0,63.0,37.4887145657931,percentile,156,586,1137,125,0.5551601423487544,0.7897574123989218,0.17993079584775087,0.127515479876161
all_radars_all_dates,all,max_mesh_75_mh19,sig_severe_obs,0.0,64.0,37.790447017669656,percentile,152,570,1153,129,0.5409252669039146,0.7894736842105263,0.17861339600470036,0.12682079080042488
all_radars_all_dates,all,max_mesh_75_mh19,sig_severe_obs,0.0,65.0,38.062180170118424,percentile,150,552,1171,131,0.5338078291814946,0.7863247863247863,0.18007202881152462,0.13118887297766674
all_radars_all_dates,all,max_mesh_75_mh19,sig_severe_obs,0.0,66.0,38.47665184174975,percentile,149,533,1190,132,0.5302491103202847,0.781524926686217,0.18304668304668303,0.1383114095209522
all_radars_all_dates,all,max_mesh_75_mh19,sig_severe_obs,0.0,67.0,38.85268469173914,percentile,143,518,1205,138,0.5088967971530249,0.783661119515885,0.17897371714643304,0.13299733691401228
all_radars_all_dates,all,max_mesh_75_mh19,sig_severe_obs,0.0,68.0,39.088955753068454,percentile,136,505,1218,145,0.48398576512455516,0.7878315132605305,0.17302798982188294,0.12427072982817527
all_radars_all_dates,all,max_mesh_75_mh19,sig_severe_obs,0.0,69.0,39.370988828442485,percentile,134,487,1236,147,0.47686832740213525,0.784219001610306,0.17447916666666666,0.12893817795895532
all_radars_all_dates,all,max_mesh_75_mh19,sig_severe_obs,0.0,70.0,39.619130322630255,percentile,131,470,1253,150,0.46619217081850534,0.7820299500831946,0.1744340878828229,0.13099066560542075
all_radars_all_dates,all,max_mesh_75_mh19,sig_severe_obs,0.0,71.0,39.885578324699054,percentile,128,453,1270,153,0.4555160142348754,0.7796901893287436,0.17438692098092642,0.1331276598478435
all_radars_all_dates,all,max_mesh_75_mh19,sig_severe_obs,0.0,72.0,40.20627370255734,percentile,125,436,1287,156,0.44483985765124556,0.7771836007130125,0.17433751743375175,0.13535448944162393
all_radars_all_dates,all,max_mesh_75_mh19,sig_severe_obs,0.0,73.0,40.49672194853304,percentile,122,419,1304,159,0.43416370106761565,0.7744916820702403,0.1742857142857143,0.13767694078374326
all_radars_all_dates,all,max_mesh_75_mh19,sig_severe_obs,0.0,74.0,40.84400791859179,percentile,120,401,1322,161,0.42704626334519574,0.7696737044145874,0.17595307917888564,0.1431505942608296
all_radars_all_dates,all,max_mesh_75_mh19,sig_severe_obs,0.0,75.0,41.189964973610614,percentile,117,384,1339,164,0.41637010676156583,0.7664670658682635,0.17593984962406015,0.14575214341387374
all_radars_all_dates,all,max_mesh_75_mh19,sig_severe_obs,0.0,76.0,41.486568969354785,percentile,111,370,1353,170,0.39501779359430605,0.7692307692307693,0.17050691244239632,0.1389053779423677
all_radars_all_dates,all,max_mesh_75_mh19,sig_severe_obs,0.0,77.0,41.84789554644344,percentile,108,353,1370,173,0.38434163701067614,0.7657266811279827,0.17034700315457413,0.14152942537010765
all_radars_all_dates,all,max_mesh_75_mh19,sig_severe_obs,0.0,78.0,42.35793361488627,percentile,103,338,1385,178,0.3665480427046263,0.7664399092970522,0.16639741518578352,0.13759438753809278
all_radars_all_dates,all,max_mesh_75_mh19,sig_severe_obs,0.0,79.0,42.56942891405126,percentile,101,320,1403,180,0.3594306049822064,0.7600950118764845,0.16805324459234608,0.1437405038087311
all_radars_all_dates,all,max_mesh_75_mh19,sig_severe_obs,0.0,80.0,43.02504757862809,percentile,97,304,1419,184,0.34519572953736655,0.7581047381546134,0.1658119658119658,0.1431740563500227
all_radars_all_dates,all,max_mesh_75_mh19,sig_severe_obs,0.0,81.0,43.32688896356462,percentile,92,289,1434,189,0.3274021352313167,0.7585301837270341,0.16140350877192983,0.1389756284347512
all_radars_all_dates,all,max_mesh_75_mh19,sig_severe_obs,0.0,82.0,43.66855781843296,percentile,89,272,1451,192,0.3167259786476868,0.7534626038781164,0.1609403254972875,0.14195071266030934
all_radars_all_dates,all,max_mesh_75_mh19,sig_severe_obs,0.0,83.0,44.42928247122557,percentile,87,254,1469,194,0.3096085409252669,0.7448680351906158,0.16261682242990655,0.14888808413740015
all_radars_all_dates,all,max_mesh_75_mh19,sig_severe_obs,0.0,84.0,44.692489130059144,percentile,83,238,1485,198,0.29537366548042704,0.7414330218068536,0.1599229287090559,0.14840264092022853
all_radars_all_dates,all,max_mesh_75_mh19,sig_severe_obs,0.0,85.0,45.16796332144021,percentile,80,221,1502,201,0.2846975088967972,0.7342192691029901,0.1593625498007968,0.1519085087136946
all_radars_all_dates,all,max_mesh_75_mh19,sig_severe_obs,0.0,86.0,45.72727482660361,percentile,75,206,1517,206,0.2669039145907473,0.7330960854092526,0.1540041067761807,0.14734500571088663
all_radars_all_dates,all,max_mesh_75_mh19,sig_severe_obs,0.0,87.0,46.37087925740058,percentile,72,189,1534,209,0.25622775800711745,0.7241379310344828,0.15319148936170213,0.15103365031517235
all_radars_all_dates,all,max_mesh_75_mh19,sig_severe_obs,0.0,88.0,46.82746828423972,percentile,66,175,1548,215,0.23487544483985764,0.7261410788381742,0.14473684210526316,0.14175211882553704
all_radars_all_dates,all,max_mesh_75_mh19,sig_severe_obs,0.0,89.0,47.439067914074755,percentile,60,161,1562,221,0.21352313167259787,0.7285067873303167,0.13574660633484162,0.13186347110362143
all_radars_all_dates,all,max_mesh_75_mh19,sig_severe_obs,0.0,90.0,48.152820358061724,percentile,55,146,1577,226,0.19572953736654805,0.7263681592039801,0.1288056206088993,0.12600502247451834
all_radars_all_dates,all,max_mesh_75_mh19,sig_severe_obs,0.0,91.0,48.838995700276975,percentile,52,129,1594,229,0.18505338078291814,0.712707182320442,0.12682926829268293,0.1294632131494456
all_radars_all_dates,all,max_mesh_75_mh19,sig_severe_obs,0.0,92.0,49.62048770630852,percentile,44,117,1606,237,0.15658362989323843,0.7267080745341615,0.11055276381909548,0.10797373523487148
all_radars_all_dates,all,max_mesh_75_mh19,sig_severe_obs,0.0,93.0,50.128620206206115,percentile,38,103,1620,243,0.13523131672597866,0.7304964539007093,0.09895833333333333,0.0953256980922335
all_radars_all_dates,all,max_mesh_75_mh19,sig_severe_obs,0.0,94.0,51.03456935952928,percentile,32,89,1634,249,0.11387900355871886,0.7355371900826446,0.08648648648648649,0.08168859797778218
all_radars_all_dates,all,max_mesh_75_mh19,sig_severe_obs,0.0,95.0,52.004938440564146,percentile,25,76,1647,256,0.08896797153024912,0.7524752475247525,0.0700280112044818,0.06128679987471182
all_radars_all_dates,all,max_mesh_75_mh19,sig_severe_obs,0.0,96.0,52.60240593296855,percentile,17,64,1659,264,0.060498220640569395,0.7901234567901234,0.04927536231884058,0.03325950176931019
all_radars_all_dates,all,max_mesh_75_mh19,sig_severe_obs,0.0,97.0,53.91482197955884,percentile,13,48,1675,268,0.046263345195729534,0.7868852459016393,0.03951367781155015,0.027372728026712295
all_radars_all_dates,all,max_mesh_75_mh19,sig_severe_obs,0.0,98.0,55.608098288512906,percentile,11,30,1693,270,0.03914590747330961,0.7317073170731707,0.03536977491961415,0.03382263606355043
all_radars_all_dates,all,max_mesh_75_mh19,sig_severe_obs,0.0,99.0,58.32687516698719,percentile,5,16,1707,276,0.017793594306049824,0.7619047619047619,0.016835016835016835,0.013882569438124994
all_radars_all_dates,all,max_mesh_75_mh19,sig_severe_obs,0.0,100.0,66.53414062792001,percentile,0,1,1722,281,0.0,1.0,0.0,-0.0009954549158114375
