scope,scope_value,field,obs_col,spatial_buffer_km,percentile,threshold,threshold_source,tp,fp,tn,fn,POD,FAR,CSI,HSS
by_radar,KCRI,max_reflectivity_buffer,severe_obs,2.0,0.0,40.3101921081543,percentile,604,318,0,0,1.0,0.34490238611713664,0.6550976138828634,0.0
by_radar,KCRI,max_reflectivity_buffer,severe_obs,2.0,1.0,41.31021522521973,percentile,601,311,7,3,0.9950331125827815,0.34100877192982454,0.6568306010928961,0.02211743724160294
by_radar,KCRI,max_reflectivity_buffer,severe_obs,2.0,2.0,43.225221939086914,percentile,596,307,11,8,0.9867549668874173,0.3399778516057586,0.6542261251372119,0.02745872819207715
by_radar,KCRI,max_reflectivity_buffer,severe_obs,2.0,3.0,45.42565673828125,percentile,593,301,17,11,0.9817880794701986,0.3366890380313199,0.6552486187845303,0.04495292227194858
by_radar,KCRI,max_reflectivity_buffer,severe_obs,2.0,4.0,46.572530059814454,percentile,589,296,22,15,0.9751655629139073,0.3344632768361582,0.6544444444444445,0.05608042715404012
by_radar,KCRI,max_reflectivity_buffer,severe_obs,2.0,5.0,47.65959568023682,percentile,585,290,28,19,0.9685430463576159,0.3314285714285714,0.6543624161073825,0.07089793176318655
by_radar,KCRI,max_reflectivity_buffer,severe_obs,2.0,6.0,48.423064651489256,percentile,580,286,32,24,0.9602649006622517,0.3302540415704388,0.651685393258427,0.0756503628578451
by_radar,KCRI,max_reflectivity_buffer,severe_obs,2.0,7.0,49.001185989379884,percentile,576,281,37,28,0.9536423841059603,0.3278879813302217,0.6508474576271186,0.08623863804019423
by_radar,KCRI,max_reflectivity_buffer,severe_obs,2.0,8.0,49.40751342773437,percentile,573,275,43,31,0.9486754966887417,0.3242924528301887,0.6518771331058021,0.10251940450438987
by_radar,KCRI,max_reflectivity_buffer,severe_obs,2.0,9.0,50.08058948516846,percentile,568,271,47,36,0.9403973509933775,0.3230035756853397,0.6491428571428571,0.10689922823048331
by_radar,KCRI,max_reflectivity_buffer,severe_obs,2.0,10.0,50.61204490661621,percentile,566,263,55,38,0.9370860927152318,0.3172496984318456,0.6528258362168397,0.13218509415436186
by_radar,KCRI,max_reflectivity_buffer,severe_obs,2.0,11.0,51.01593456268311,percentile,565,255,63,39,0.9354304635761589,0.31097560975609756,0.6577415599534342,0.1591349017272186
by_radar,KCRI,max_reflectivity_buffer,severe_obs,2.0,12.0,51.53376754760742,percentile,561,250,68,43,0.9288079470198676,0.3082614056720099,0.6569086651053864,0.16863317145829101
by_radar,KCRI,max_reflectivity_buffer,severe_obs,2.0,13.0,51.83318649291992,percentile,557,245,73,47,0.9221854304635762,0.3054862842892768,0.6560659599528857,0.17798214438378582
by_radar,KCRI,max_reflectivity_buffer,severe_obs,2.0,14.0,52.0230209350586,percentile,555,238,80,49,0.9188741721854304,0.30012610340479196,0.6591448931116389,0.19835802356932958
by_radar,KCRI,max_reflectivity_buffer,severe_obs,2.0,15.0,52.22697811126709,percentile,553,230,88,51,0.9155629139072847,0.2937420178799489,0.6630695443645084,0.22185913800871002
by_radar,KCRI,max_reflectivity_buffer,severe_obs,2.0,16.0,52.41101943969726,percentile,550,224,94,54,0.9105960264900662,0.28940568475452194,0.6642512077294686,0.23607253132413777
by_radar,KCRI,max_reflectivity_buffer,severe_obs,2.0,17.0,52.616070137023925,percentile,546,219,99,58,0.9039735099337748,0.28627450980392155,0.6634264884568651,0.2446154665215411
by_radar,KCRI,max_reflectivity_buffer,severe_obs,2.0,18.0,52.877428741455084,percentile,541,215,103,63,0.8956953642384106,0.2843915343915344,0.6605616605616605,0.24761647567161374
by_radar,KCRI,max_reflectivity_buffer,severe_obs,2.0,19.0,53.09483165740967,percentile,539,208,110,65,0.8923841059602649,0.2784471218206158,0.6637931034482759,0.2666891966694441
by_radar,KCRI,max_reflectivity_buffer,severe_obs,2.0,20.0,53.36382369995117,percentile,538,199,119,66,0.890728476821192,0.2700135685210312,0.6699875466998755,0.2940602012100339
by_radar,KCRI,max_reflectivity_buffer,severe_obs,2.0,21.0,53.53968227386475,percentile,534,194,124,70,0.8841059602649006,0.2664835164835165,0.6691729323308271,0.3019157967190547
by_radar,KCRI,max_reflectivity_buffer,severe_obs,2.0,22.0,53.65974647521973,percentile,532,187,131,72,0.8807947019867549,0.26008344923504867,0.672566371681416,0.32015578470280764
by_radar,KCRI,max_reflectivity_buffer,severe_obs,2.0,23.0,53.82086574554443,percentile,526,184,134,78,0.8708609271523179,0.2591549295774648,0.6675126903553299,0.31728410414099506
by_radar,KCRI,max_reflectivity_buffer,severe_obs,2.0,24.0,53.918348236083986,percentile,523,177,141,81,0.8658940397350994,0.25285714285714284,0.6696542893725992,0.33309783340061905
by_radar,KCRI,max_reflectivity_buffer,severe_obs,2.0,25.0,53.99849033355712,percentile,518,173,145,86,0.8576158940397351,0.2503617945007236,0.6666666666666666,0.3353096069164008
by_radar,KCRI,max_reflectivity_buffer,severe_obs,2.0,26.0,54.10390174865723,percentile,515,167,151,89,0.8526490066225165,0.24486803519061584,0.6679636835278858,0.34768237544080743
by_radar,KCRI,max_reflectivity_buffer,severe_obs,2.0,27.0,54.32986904144287,percentile,510,163,155,94,0.8443708609271523,0.24219910846953938,0.6649282920469362,0.3497598858428693
by_radar,KCRI,max_reflectivity_buffer,severe_obs,2.0,28.0,54.44905349731446,percentile,507,157,161,97,0.8394039735099338,0.23644578313253012,0.6662286465177398,0.36185773766703727
by_radar,KCRI,max_reflectivity_buffer,severe_obs,2.0,29.0,54.64579120635986,percentile,504,150,168,100,0.8344370860927153,0.22935779816513763,0.6684350132625995,0.3767642573625637
by_radar,KCRI,max_reflectivity_buffer,severe_obs,2.0,30.0,54.74616394042969,percentile,499,146,172,105,0.8261589403973509,0.22635658914728682,0.6653333333333333,0.37859609363672003
by_radar,KCRI,max_reflectivity_buffer,severe_obs,2.0,31.0,54.89068416595459,percentile,495,141,177,109,0.8195364238410596,0.22169811320754718,0.6644295302013423,0.38532022016469686
by_radar,KCRI,max_reflectivity_buffer,severe_obs,2.0,32.0,55.01263900756836,percentile,488,139,179,116,0.8079470198675497,0.22169059011164274,0.6567967698519516,0.37730092222286965
by_radar,KCRI,max_reflectivity_buffer,severe_obs,2.0,33.0,55.13680000305176,percentile,483,135,183,121,0.7996688741721855,0.21844660194174756,0.6535859269282814,0.3790919135055506
by_radar,KCRI,max_reflectivity_buffer,severe_obs,2.0,34.0,55.24336349487305,percentile,477,131,187,127,0.7897350993377483,0.21546052631578946,0.6489795918367347,0.37891383812010443
by_radar,KCRI,max_reflectivity_buffer,severe_obs,2.0,35.0,55.34106369018554,percentile,472,127,191,132,0.7814569536423841,0.21202003338898165,0.6456908344733242,0.3806688210304637
by_radar,KCRI,max_reflectivity_buffer,severe_obs,2.0,36.0,55.47031570434571,percentile,464,126,192,140,0.7682119205298014,0.2135593220338983,0.6356164383561644,0.36814823211764586
by_radar,KCRI,max_reflectivity_buffer,severe_obs,2.0,37.0,55.60743156433105,percentile,458,123,195,146,0.7582781456953642,0.2117039586919105,0.6299862448418156,0.36523154570257116
by_radar,KCRI,max_reflectivity_buffer,severe_obs,2.0,38.0,55.7193489074707,percentile,454,119,199,150,0.7516556291390728,0.20767888307155322,0.627939142461964,0.3689269993129946
by_radar,KCRI,max_reflectivity_buffer,severe_obs,2.0,39.0,55.89036373138428,percentile,450,112,206,154,0.7450331125827815,0.199288256227758,0.6284916201117319,0.38092064742172277
by_radar,KCRI,max_reflectivity_buffer,severe_obs,2.0,40.0,56.02128295898437,percentile,443,110,208,161,0.7334437086092715,0.19891500904159132,0.6204481792717087,0.37335540340581347
by_radar,KCRI,max_reflectivity_buffer,severe_obs,2.0,41.0,56.22583984375,percentile,436,108,210,168,0.7218543046357616,0.19852941176470587,0.6123595505617978,0.3658872077028886
by_radar,KCRI,max_reflectivity_buffer,severe_obs,2.0,42.0,56.45979591369629,percentile,432,103,215,172,0.7152317880794702,0.1925233644859813,0.611032531824611,0.3722114103764008
by_radar,KCRI,max_reflectivity_buffer,severe_obs,2.0,43.0,56.540699882507326,percentile,424,101,217,180,0.7019867549668874,0.19238095238095237,0.601418439716312,0.3630248464613584
by_radar,KCRI,max_reflectivity_buffer,severe_obs,2.0,44.0,56.66791168212891,percentile,418,98,220,186,0.6920529801324503,0.18992248062015504,0.5954415954415955,0.3602728480963177
by_radar,KCRI,max_reflectivity_buffer,severe_obs,2.0,45.0,56.82731456756592,percentile,412,95,223,192,0.6821192052980133,0.1873767258382643,0.5894134477825465,0.3575552458690026
by_radar,KCRI,max_reflectivity_buffer,severe_obs,2.0,46.0,56.99621181488037,percentile,405,93,225,199,0.6705298013245033,0.18674698795180722,0.5810616929698709,0.3504222361627177
by_radar,KCRI,max_reflectivity_buffer,severe_obs,2.0,47.0,57.10356521606445,percentile,400,90,228,204,0.6622516556291391,0.1836734693877551,0.5763688760806917,0.3495637651530421
by_radar,KCRI,max_reflectivity_buffer,severe_obs,2.0,48.0,57.2307048034668,percentile,393,86,232,211,0.6506622516556292,0.17954070981210857,0.5695652173913044,0.34784969539931504
by_radar,KCRI,max_reflectivity_buffer,severe_obs,2.0,49.0,57.3449755859375,percentile,385,85,233,219,0.6374172185430463,0.18085106382978725,0.5587808417997098,0.33654619994887186
by_radar,KCRI,max_reflectivity_buffer,severe_obs,2.0,50.0,57.491132736206055,percentile,379,82,236,225,0.6274834437086093,0.17787418655097614,0.5524781341107872,0.33405639913232105
by_radar,KCRI,max_reflectivity_buffer,severe_obs,2.0,51.0,57.58837810516357,percentile,372,80,238,232,0.6158940397350994,0.17699115044247787,0.543859649122807,0.3272842924493003
by_radar,KCRI,max_reflectivity_buffer,severe_obs,2.0,52.0,57.71754119873047,percentile,365,78,240,239,0.6043046357615894,0.17607223476297967,0.5351906158357771,0.32059322624886677
by_radar,KCRI,max_reflectivity_buffer,severe_obs,2.0,53.0,57.85526317596435,percentile,360,73,245,244,0.5960264900662252,0.16859122401847576,0.5317577548005908,0.32508024477543007
by_radar,KCRI,max_reflectivity_buffer,severe_obs,2.0,54.0,57.93768867492676,percentile,353,71,247,251,0.5844370860927153,0.16745283018867924,0.522962962962963,0.31848566653811544
by_radar,KCRI,max_reflectivity_buffer,severe_obs,2.0,55.0,58.129062461853025,percentile,347,68,250,257,0.5745033112582781,0.163855421686747,0.5163690476190477,0.31617670550755594
by_radar,KCRI,max_reflectivity_buffer,severe_obs,2.0,56.0,58.198032989501954,percentile,339,67,251,265,0.5612582781456954,0.16502463054187191,0.5052160953800298,0.3055275743468278
by_radar,KCRI,max_reflectivity_buffer,severe_obs,2.0,57.0,58.270628395080564,percentile,330,67,251,274,0.5463576158940397,0.16876574307304787,0.4918032786885246,0.29084281802474815
by_radar,KCRI,max_reflectivity_buffer,severe_obs,2.0,58.0,58.36103706359863,percentile,323,64,254,281,0.5347682119205298,0.165374677002584,0.48353293413173654,0.28712298803691566
by_radar,KCRI,max_reflectivity_buffer,severe_obs,2.0,59.0,58.47996532440185,percentile,316,62,256,288,0.5231788079470199,0.164021164021164,0.4744744744744745,0.2809394358037346
by_radar,KCRI,max_reflectivity_buffer,severe_obs,2.0,60.0,58.65012054443359,percentile,312,57,261,292,0.5165562913907285,0.15447154471544716,0.4720121028744327,0.287082866220306
by_radar,KCRI,max_reflectivity_buffer,severe_obs,2.0,61.0,58.813029556274415,percentile,309,51,267,295,0.5115894039735099,0.14166666666666666,0.4717557251908397,0.29721894221109957
by_radar,KCRI,max_reflectivity_buffer,severe_obs,2.0,62.0,58.951162109375,percentile,303,47,271,301,0.5016556291390728,0.13428571428571429,0.46543778801843316,0.2975822482201809
by_radar,KCRI,max_reflectivity_buffer,severe_obs,2.0,63.0,59.09077728271484,percentile,295,46,272,309,0.48841059602649006,0.1348973607038123,0.45384615384615384,0.2874682712109404
by_radar,KCRI,max_reflectivity_buffer,severe_obs,2.0,64.0,59.22700546264649,percentile,291,41,277,313,0.4817880794701987,0.12349397590361445,0.4511627906976744,0.2934345883412421
by_radar,KCRI,max_reflectivity_buffer,severe_obs,2.0,65.0,59.39967041015625,percentile,286,37,281,318,0.4735099337748344,0.11455108359133127,0.44617784711388453,0.2953650082883038
by_radar,KCRI,max_reflectivity_buffer,severe_obs,2.0,66.0,59.51394760131836,percentile,278,36,282,326,0.4602649006622517,0.11464968152866242,0.434375,0.285430457904788
by_radar,KCRI,max_reflectivity_buffer,severe_obs,2.0,67.0,59.66382488250733,percentile,269,35,283,335,0.445364238410596,0.11513157894736842,0.4209702660406886,0.27408372061351993
by_radar,KCRI,max_reflectivity_buffer,severe_obs,2.0,68.0,59.85683303833008,percentile,261,34,284,343,0.43211920529801323,0.1152542372881356,0.4090909090909091,0.2643793463952696
by_radar,KCRI,max_reflectivity_buffer,severe_obs,2.0,69.0,59.973491172790524,percentile,252,34,284,352,0.41721854304635764,0.11888111888111888,0.3949843260188088,0.2508987732902259
by_radar,KCRI,max_reflectivity_buffer,severe_obs,2.0,70.0,60.0503215789795,percentile,243,34,284,361,0.402317880794702,0.12274368231046931,0.38087774294670845,0.23756348578295294
by_radar,KCRI,max_reflectivity_buffer,severe_obs,2.0,71.0,60.16872531890869,percentile,235,33,285,369,0.3890728476821192,0.12313432835820895,0.36891679748822603,0.22821089455272364
by_radar,KCRI,max_reflectivity_buffer,severe_obs,2.0,72.0,60.37288635253906,percentile,227,31,287,377,0.3758278145695364,0.12015503875968993,0.35748031496062993,0.22132891740840405
by_radar,KCRI,max_reflectivity_buffer,severe_obs,2.0,73.0,60.51853870391846,percentile,221,28,290,383,0.3658940397350993,0.11244979919678715,0.34968354430379744,0.21976058014223532
by_radar,KCRI,max_reflectivity_buffer,severe_obs,2.0,74.0,60.57871704101562,percentile,215,25,293,389,0.35596026490066224,0.10416666666666667,0.34181240063593005,0.21820877914502465
by_radar,KCRI,max_reflectivity_buffer,severe_obs,2.0,75.0,60.725789070129395,percentile,209,22,296,395,0.34602649006622516,0.09523809523809523,0.33386581469648563,0.21667325425510675
by_radar,KCRI,max_reflectivity_buffer,severe_obs,2.0,76.0,60.927674560546876,percentile,200,22,296,404,0.33112582781456956,0.0990990990990991,0.3194888178913738,0.20394166146462475
by_radar,KCRI,max_reflectivity_buffer,severe_obs,2.0,77.0,61.06341613769531,percentile,192,20,298,412,0.31788079470198677,0.09433962264150944,0.3076923076923077,0.19738199638896053
by_radar,KCRI,max_reflectivity_buffer,severe_obs,2.0,78.0,61.195013198852536,percentile,185,18,300,419,0.30629139072847683,0.08866995073891626,0.297427652733119,0.19228193973898924
by_radar,KCRI,max_reflectivity_buffer,severe_obs,2.0,79.0,61.33580654144287,percentile,176,18,300,428,0.2913907284768212,0.09278350515463918,0.2829581993569132,0.17987890004866336
by_radar,KCRI,max_reflectivity_buffer,severe_obs,2.0,80.0,61.53402938842774,percentile,168,17,301,436,0.2781456953642384,0.0918918918918919,0.27053140096618356,0.17126144395191853
by_radar,KCRI,max_reflectivity_buffer,severe_obs,2.0,81.0,61.78211975097656,percentile,163,14,304,441,0.26986754966887416,0.07909604519774012,0.26375404530744334,0.17136446058001129
by_radar,KCRI,max_reflectivity_buffer,severe_obs,2.0,82.0,61.94296943664551,percentile,152,14,304,452,0.25165562913907286,0.08433734939759036,0.2459546925566343,0.15657267594795568
by_radar,KCRI,max_reflectivity_buffer,severe_obs,2.0,83.0,62.09154006958008,percentile,144,13,305,460,0.23841059602649006,0.08280254777070063,0.233387358184765,0.14820717754001086
by_radar,KCRI,max_reflectivity_buffer,severe_obs,2.0,84.0,62.31913848876953,percentile,135,13,305,469,0.22350993377483444,0.08783783783783784,0.2188006482982172,0.1363417288557214
by_radar,KCRI,max_reflectivity_buffer,severe_obs,2.0,85.0,62.5280502319336,percentile,126,13,305,478,0.20860927152317882,0.09352517985611511,0.20421393841166938,0.12459439913059285
by_radar,KCRI,max_reflectivity_buffer,severe_obs,2.0,86.0,62.766967391967775,percentile,119,10,308,485,0.19701986754966888,0.07751937984496124,0.19381107491856678,0.12231679596303034
by_radar,KCRI,max_reflectivity_buffer,severe_obs,2.0,87.0,63.016542739868164,percentile,110,10,308,494,0.18211920529801323,0.08333333333333333,0.1791530944625407,0.11076070482693161
by_radar,KCRI,max_reflectivity_buffer,severe_obs,2.0,88.0,63.19627029418945,percentile,102,9,309,502,0.16887417218543047,0.08108108108108109,0.16639477977161501,0.1028293299717029
by_radar,KCRI,max_reflectivity_buffer,severe_obs,2.0,89.0,63.292192726135255,percentile,96,6,312,508,0.15894039735099338,0.058823529411764705,0.15737704918032788,0.1019639351469351
by_radar,KCRI,max_reflectivity_buffer,severe_obs,2.0,90.0,63.57144279479981,percentile,87,6,312,517,0.14403973509933773,0.06451612903225806,0.14262295081967213,0.09067491372645156
by_radar,KCRI,max_reflectivity_buffer,severe_obs,2.0,91.0,63.68601524353027,percentile,78,5,313,526,0.1291390728476821,0.060240963855421686,0.12807881773399016,0.08171809059364156
by_radar,KCRI,max_reflectivity_buffer,severe_obs,2.0,92.0,64.1814584350586,percentile,71,3,315,533,0.11754966887417219,0.04054054054054054,0.11696869851729819,0.07752499421343827
by_radar,KCRI,max_reflectivity_buffer,severe_obs,2.0,93.0,64.27034248352051,percentile,64,1,317,540,0.10596026490066225,0.015384615384615385,0.10578512396694215,0.07337199840980276
by_radar,KCRI,max_reflectivity_buffer,severe_obs,2.0,94.0,64.73986053466797,percentile,56,1,317,548,0.09271523178807947,0.017543859649122806,0.09256198347107437,0.06364944708150044
by_radar,KCRI,max_reflectivity_buffer,severe_obs,2.0,95.0,65.11250839233398,percentile,46,1,317,558,0.076158940397351,0.02127659574468085,0.07603305785123966,0.05161138365173357
by_radar,KCRI,max_reflectivity_buffer,severe_obs,2.0,96.0,65.55148010253906,percentile,36,1,317,568,0.059602649006622516,0.02702702702702703,0.05950413223140496,0.039699362628270604
by_radar,KCRI,max_reflectivity_buffer,severe_obs,2.0,97.0,65.98705055236816,percentile,27,1,317,577,0.04470198675496689,0.03571428571428571,0.04462809917355372,0.029084681533304183
by_radar,KCRI,max_reflectivity_buffer,severe_obs,2.0,98.0,66.35538177490234,percentile,18,1,317,586,0.029801324503311258,0.05263157894736842,0.02975206611570248,0.018569091891617432
by_radar,KCRI,max_reflectivity_buffer,severe_obs,2.0,99.0,66.67031227111816,percentile,9,1,317,595,0.014900662251655629,0.1,0.01487603305785124,0.008151212574093729
by_radar,KCRI,max_reflectivity_buffer,severe_obs,2.0,100.0,71.39029693603516,percentile,0,1,317,604,0.0,1.0,0.0,-0.0021703120003162043
by_radar,KCRI,max_reflectivity_buffer,sig_severe_obs,2.0,0.0,40.3101921081543,percentile,135,787,0,0,1.0,0.8535791757049892,0.14642082429501085,0.0
by_radar,KCRI,max_reflectivity_buffer,sig_severe_obs,2.0,1.0,41.31021522521973,percentile,134,778,9,1,0.9925925925925926,0.8530701754385965,0.14676889375684557,0.001190386792269161
by_radar,KCRI,max_reflectivity_buffer,sig_severe_obs,2.0,2.0,43.225221939086914,percentile,134,769,18,1,0.9925925925925926,0.8516057585825028,0.14823008849557523,0.004607235294282598
by_radar,KCRI,max_reflectivity_buffer,sig_severe_obs,2.0,3.0,45.42565673828125,percentile,132,762,25,3,0.9777777777777777,0.8523489932885906,0.14715719063545152,0.0028670065228639527
by_radar,KCRI,max_reflectivity_buffer,sig_severe_obs,2.0,4.0,46.572530059814454,percentile,132,753,34,3,0.9777777777777777,0.8508474576271187,0.14864864864864866,0.0063550442629260575
by_radar,KCRI,max_reflectivity_buffer,sig_severe_obs,2.0,5.0,47.65959568023682,percentile,130,745,42,5,0.9629629629629629,0.8514285714285714,0.14772727272727273,0.004993021281494165
by_radar,KCRI,max_reflectivity_buffer,sig_severe_obs,2.0,6.0,48.423064651489256,percentile,126,740,47,9,0.9333333333333333,0.8545034642032333,0.144,-0.0021419180324538313
by_radar,KCRI,max_reflectivity_buffer,sig_severe_obs,2.0,7.0,49.001185989379884,percentile,125,732,55,10,0.9259259259259259,0.8541423570595099,0.14417531718569782,-0.0013026283820770043
by_radar,KCRI,max_reflectivity_buffer,sig_severe_obs,2.0,8.0,49.40751342773437,percentile,125,723,64,10,0.9259259259259259,0.8525943396226415,0.1456876456876457,0.0022735123995004177
by_radar,KCRI,max_reflectivity_buffer,sig_severe_obs,2.0,9.0,50.08058948516846,percentile,123,716,71,12,0.9111111111111111,0.8533969010727056,0.1445358401880141,0.0004199565747031264
by_radar,KCRI,max_reflectivity_buffer,sig_severe_obs,2.0,10.0,50.61204490661621,percentile,123,706,81,12,0.9111111111111111,0.8516284680337757,0.14625445897740785,0.004484358881045689
by_radar,KCRI,max_reflectivity_buffer,sig_severe_obs,2.0,11.0,51.01593456268311,percentile,122,698,89,13,0.9037037037037037,0.8512195121951219,0.14645858343337334,0.005413360440594135
by_radar,KCRI,max_reflectivity_buffer,sig_severe_obs,2.0,12.0,51.53376754760742,percentile,122,689,98,13,0.9037037037037037,0.8495684340320592,0.14805825242718446,0.009181895836458771
by_radar,KCRI,max_reflectivity_buffer,sig_severe_obs,2.0,13.0,51.83318649291992,percentile,122,680,107,13,0.9037037037037037,0.8478802992518704,0.14969325153374233,0.01301874959451569
by_radar,KCRI,max_reflectivity_buffer,sig_severe_obs,2.0,14.0,52.0230209350586,percentile,122,671,116,13,0.9037037037037037,0.8461538461538461,0.1513647642679901,0.016925796485145892
by_radar,KCRI,max_reflectivity_buffer,sig_severe_obs,2.0,15.0,52.22697811126709,percentile,122,661,126,13,0.9037037037037037,0.8441890166028098,0.15326633165829145,0.021351651847442307
by_radar,KCRI,max_reflectivity_buffer,sig_severe_obs,2.0,16.0,52.41101943969726,percentile,122,652,135,13,0.9037037037037037,0.8423772609819121,0.15501905972045743,0.02541335647684536
by_radar,KCRI,max_reflectivity_buffer,sig_severe_obs,2.0,17.0,52.616070137023925,percentile,122,643,144,13,0.9037037037037037,0.8405228758169935,0.15681233933161953,0.0295515443241075
by_radar,KCRI,max_reflectivity_buffer,sig_severe_obs,2.0,18.0,52.877428741455084,percentile,122,634,153,13,0.9037037037037037,0.8386243386243386,0.15864759427828348,0.03376839622794316
by_radar,KCRI,max_reflectivity_buffer,sig_severe_obs,2.0,19.0,53.09483165740967,percentile,121,626,161,14,0.8962962962962963,0.8380187416331994,0.1590013140604468,0.03505071020450881
by_radar,KCRI,max_reflectivity_buffer,sig_severe_obs,2.0,20.0,53.36382369995117,percentile,120,617,170,15,0.8888888888888888,0.8371777476255088,0.1595744680851064,0.03684334059511334
by_radar,KCRI,max_reflectivity_buffer,sig_severe_obs,2.0,21.0,53.53968227386475,percentile,120,608,179,15,0.8888888888888888,0.8351648351648352,0.16150740242261102,0.041260102215560666
by_radar,KCRI,max_reflectivity_buffer,sig_severe_obs,2.0,22.0,53.65974647521973,percentile,120,599,188,15,0.8888888888888888,0.8331015299026425,0.16348773841961853,0.04576423748183758
by_radar,KCRI,max_reflectivity_buffer,sig_severe_obs,2.0,23.0,53.82086574554443,percentile,120,590,197,15,0.8888888888888888,0.8309859154929577,0.16551724137931034,0.05035836497046255
by_radar,KCRI,max_reflectivity_buffer,sig_severe_obs,2.0,24.0,53.918348236083986,percentile,120,580,207,15,0.8888888888888888,0.8285714285714286,0.16783216783216784,0.05557181469175547
by_radar,KCRI,max_reflectivity_buffer,sig_severe_obs,2.0,25.0,53.99849033355712,percentile,120,571,216,15,0.8888888888888888,0.8263386396526773,0.16997167138810199,0.06036500742606113
by_radar,KCRI,max_reflectivity_buffer,sig_severe_obs,2.0,26.0,54.10390174865723,percentile,120,562,225,15,0.8888888888888888,0.8240469208211144,0.17216642754662842,0.0652570396426852
by_radar,KCRI,max_reflectivity_buffer,sig_severe_obs,2.0,27.0,54.32986904144287,percentile,120,553,234,15,0.8888888888888888,0.8216939078751857,0.1744186046511628,0.07025100041543426
by_radar,KCRI,max_reflectivity_buffer,sig_severe_obs,2.0,28.0,54.44905349731446,percentile,119,545,242,16,0.8814814814814815,0.8207831325301205,0.175,0.07204188030814607
by_radar,KCRI,max_reflectivity_buffer,sig_severe_obs,2.0,29.0,54.64579120635986,percentile,117,537,250,18,0.8666666666666667,0.8211009174311926,0.17410714285714285,0.07110104233605263
by_radar,KCRI,max_reflectivity_buffer,sig_severe_obs,2.0,30.0,54.74616394042969,percentile,116,529,258,19,0.8592592592592593,0.8201550387596899,0.1746987951807229,0.0729417808847544
by_radar,KCRI,max_reflectivity_buffer,sig_severe_obs,2.0,31.0,54.89068416595459,percentile,116,520,267,19,0.8592592592592593,0.8176100628930818,0.17709923664122137,0.0782428376939656
by_radar,KCRI,max_reflectivity_buffer,sig_severe_obs,2.0,32.0,55.01263900756836,percentile,115,512,275,20,0.8518518518518519,0.8165869218500797,0.1777434312210201,0.08020267254732089
by_radar,KCRI,max_reflectivity_buffer,sig_severe_obs,2.0,33.0,55.13680000305176,percentile,113,505,282,22,0.837037037037037,0.8171521035598706,0.1765625,0.07870976060188925
by_radar,KCRI,max_reflectivity_buffer,sig_severe_obs,2.0,34.0,55.24336349487305,percentile,111,497,290,24,0.8222222222222222,0.8174342105263158,0.17563291139240506,0.07779821304469692
by_radar,KCRI,max_reflectivity_buffer,sig_severe_obs,2.0,35.0,55.34106369018554,percentile,110,489,298,25,0.8148148148148148,0.8163606010016694,0.1762820512820513,0.07982245280747469
by_radar,KCRI,max_reflectivity_buffer,sig_severe_obs,2.0,36.0,55.47031570434571,percentile,108,482,305,27,0.8,0.8169491525423729,0.17504051863857376,0.07827162918589807
by_radar,KCRI,max_reflectivity_buffer,sig_severe_obs,2.0,37.0,55.60743156433105,percentile,108,473,314,27,0.8,0.8141135972461274,0.17763157894736842,0.08401254167643588
by_radar,KCRI,max_reflectivity_buffer,sig_severe_obs,2.0,38.0,55.7193489074707,percentile,107,466,321,28,0.7925925925925926,0.8132635253054101,0.17803660565723795,0.08552681773098345
by_radar,KCRI,max_reflectivity_buffer,sig_severe_obs,2.0,39.0,55.89036373138428,percentile,106,456,331,29,0.7851851851851852,0.8113879003558719,0.1793570219966159,0.08907014548965765
by_radar,KCRI,max_reflectivity_buffer,sig_severe_obs,2.0,40.0,56.02128295898437,percentile,103,450,337,32,0.762962962962963,0.8137432188065099,0.17606837606837608,0.08375221122166647
by_radar,KCRI,max_reflectivity_buffer,sig_severe_obs,2.0,41.0,56.22583984375,percentile,103,441,346,32,0.762962962962963,0.8106617647058824,0.17881944444444445,0.0898492772738846
by_radar,KCRI,max_reflectivity_buffer,sig_severe_obs,2.0,42.0,56.45979591369629,percentile,100,435,352,35,0.7407407407407407,0.8130841121495327,0.17543859649122806,0.08440913604766634
by_radar,KCRI,max_reflectivity_buffer,sig_severe_obs,2.0,43.0,56.540699882507326,percentile,99,426,361,36,0.7333333333333333,0.8114285714285714,0.17647058823529413,0.08742207082717399
by_radar,KCRI,max_reflectivity_buffer,sig_severe_obs,2.0,44.0,56.66791168212891,percentile,98,418,369,37,0.725925925925926,0.810077519379845,0.17721518987341772,0.08980650984374118
by_radar,KCRI,max_reflectivity_buffer,sig_severe_obs,2.0,45.0,56.82731456756592,percentile,96,411,376,39,0.7111111111111111,0.8106508875739645,0.17582417582417584,0.08820000263716557
by_radar,KCRI,max_reflectivity_buffer,sig_severe_obs,2.0,46.0,56.99621181488037,percentile,95,403,384,40,0.7037037037037037,0.8092369477911646,0.17657992565055763,0.0906569063553341
by_radar,KCRI,max_reflectivity_buffer,sig_severe_obs,2.0,47.0,57.10356521606445,percentile,94,396,391,41,0.6962962962962963,0.8081632653061225,0.17702448210922786,0.09243383263881068
by_radar,KCRI,max_reflectivity_buffer,sig_severe_obs,2.0,48.0,57.2307048034668,percentile,93,386,401,42,0.6888888888888889,0.8058455114822547,0.1785028790786948,0.09652958711290403
by_radar,KCRI,max_reflectivity_buffer,sig_severe_obs,2.0,49.0,57.3449755859375,percentile,90,380,407,45,0.6666666666666666,0.8085106382978723,0.17475728155339806,0.09064537838527767
by_radar,KCRI,max_reflectivity_buffer,sig_severe_obs,2.0,50.0,57.491132736206055,percentile,89,372,415,46,0.6592592592592592,0.806941431670282,0.1755424063116371,0.09327548806941431
by_radar,KCRI,max_reflectivity_buffer,sig_severe_obs,2.0,51.0,57.58837810516357,percentile,87,365,422,48,0.6444444444444445,0.8075221238938053,0.174,0.09158010754483818
by_radar,KCRI,max_reflectivity_buffer,sig_severe_obs,2.0,52.0,57.71754119873047,percentile,86,357,430,49,0.6370370370370371,0.8058690744920993,0.17479674796747968,0.09429817133068477
by_radar,KCRI,max_reflectivity_buffer,sig_severe_obs,2.0,53.0,57.85526317596435,percentile,86,347,440,49,0.6370370370370371,0.8013856812933026,0.17842323651452283,0.10244698686778797
by_radar,KCRI,max_reflectivity_buffer,sig_severe_obs,2.0,54.0,57.93768867492676,percentile,82,342,445,53,0.6074074074074074,0.8066037735849056,0.1719077568134172,0.09160975561087305
by_radar,KCRI,max_reflectivity_buffer,sig_severe_obs,2.0,55.0,58.129062461853025,percentile,81,334,453,54,0.6,0.8048192771084337,0.17270788912579957,0.09445386659916466
by_radar,KCRI,max_reflectivity_buffer,sig_severe_obs,2.0,56.0,58.198032989501954,percentile,79,327,460,56,0.5851851851851851,0.8054187192118226,0.170995670995671,0.09264560025900478
by_radar,KCRI,max_reflectivity_buffer,sig_severe_obs,2.0,57.0,58.270628395080564,percentile,78,319,468,57,0.5777777777777777,0.8035264483627204,0.17180616740088106,0.09559264728134115
by_radar,KCRI,max_reflectivity_buffer,sig_severe_obs,2.0,58.0,58.36103706359863,percentile,78,309,478,57,0.5777777777777777,0.7984496124031008,0.17567567567567569,0.1044124906447555
by_radar,KCRI,max_reflectivity_buffer,sig_severe_obs,2.0,59.0,58.47996532440185,percentile,75,303,484,60,0.5555555555555556,0.8015873015873016,0.17123287671232876,0.09770142831723848
by_radar,KCRI,max_reflectivity_buffer,sig_severe_obs,2.0,60.0,58.65012054443359,percentile,75,294,493,60,0.5555555555555556,0.7967479674796748,0.17482517482517482,0.10592837302565619
by_radar,KCRI,max_reflectivity_buffer,sig_severe_obs,2.0,61.0,58.813029556274415,percentile,75,285,502,60,0.5555555555555556,0.7916666666666666,0.17857142857142858,0.11442412093877892
by_radar,KCRI,max_reflectivity_buffer,sig_severe_obs,2.0,62.0,58.951162109375,percentile,73,277,510,62,0.5407407407407407,0.7914285714285715,0.17718446601941748,0.11373805540590354
by_radar,KCRI,max_reflectivity_buffer,sig_severe_obs,2.0,63.0,59.09077728271484,percentile,69,272,515,66,0.5111111111111111,0.7976539589442815,0.16953316953316952,0.10140079930334889
by_radar,KCRI,max_reflectivity_buffer,sig_severe_obs,2.0,64.0,59.22700546264649,percentile,69,263,524,66,0.5111111111111111,0.7921686746987951,0.17336683417085427,0.11027354267981486
by_radar,KCRI,max_reflectivity_buffer,sig_severe_obs,2.0,65.0,59.39967041015625,percentile,68,255,532,67,0.5037037037037037,0.7894736842105263,0.17435897435897435,0.11395366882942465
by_radar,KCRI,max_reflectivity_buffer,sig_severe_obs,2.0,66.0,59.51394760131836,percentile,66,248,539,69,0.4888888888888889,0.7898089171974523,0.17232375979112272,0.11216350038578606
by_radar,KCRI,max_reflectivity_buffer,sig_severe_obs,2.0,67.0,59.66382488250733,percentile,63,241,546,72,0.4666666666666667,0.7927631578947368,0.1675531914893617,0.10565331382988614
by_radar,KCRI,max_reflectivity_buffer,sig_severe_obs,2.0,68.0,59.85683303833008,percentile,61,234,553,74,0.45185185185185184,0.7932203389830509,0.16531165311653118,0.10363940532180171
by_radar,KCRI,max_reflectivity_buffer,sig_severe_obs,2.0,69.0,59.973491172790524,percentile,61,225,562,74,0.45185185185185184,0.7867132867132867,0.16944444444444445,0.11341021798277492
by_radar,KCRI,max_reflectivity_buffer,sig_severe_obs,2.0,70.0,60.0503215789795,percentile,59,218,569,76,0.43703703703703706,0.7870036101083032,0.1671388101983003,0.11146803726309026
by_radar,KCRI,max_reflectivity_buffer,sig_severe_obs,2.0,71.0,60.16872531890869,percentile,58,210,577,77,0.42962962962962964,0.7835820895522388,0.1681159420289855,0.11561265482644065
by_radar,KCRI,max_reflectivity_buffer,sig_severe_obs,2.0,72.0,60.37288635253906,percentile,56,202,585,79,0.4148148148148148,0.7829457364341085,0.1661721068249258,0.11481246113582474
by_radar,KCRI,max_reflectivity_buffer,sig_severe_obs,2.0,73.0,60.51853870391846,percentile,54,195,592,81,0.4,0.7831325301204819,0.16363636363636364,0.11277534882747944
by_radar,KCRI,max_reflectivity_buffer,sig_severe_obs,2.0,74.0,60.57871704101562,percentile,52,188,599,83,0.3851851851851852,0.7833333333333333,0.1609907120743034,0.11065314112831465
by_radar,KCRI,max_reflectivity_buffer,sig_severe_obs,2.0,75.0,60.725789070129395,percentile,51,180,607,84,0.37777777777777777,0.7792207792207793,0.1619047619047619,0.11514384801622789
by_radar,KCRI,max_reflectivity_buffer,sig_severe_obs,2.0,76.0,60.927674560546876,percentile,48,174,613,87,0.35555555555555557,0.7837837837837838,0.1553398058252427,0.10613118188504313
by_radar,KCRI,max_reflectivity_buffer,sig_severe_obs,2.0,77.0,61.06341613769531,percentile,48,164,623,87,0.35555555555555557,0.7735849056603774,0.1605351170568562,0.11904344979329562
by_radar,KCRI,max_reflectivity_buffer,sig_severe_obs,2.0,78.0,61.195013198852536,percentile,46,157,630,89,0.34074074074074073,0.7733990147783252,0.15753424657534246,0.11686511490269677
by_radar,KCRI,max_reflectivity_buffer,sig_severe_obs,2.0,79.0,61.33580654144287,percentile,44,150,637,91,0.32592592592592595,0.7731958762886598,0.1543859649122807,0.1145849106224946
by_radar,KCRI,max_reflectivity_buffer,sig_severe_obs,2.0,80.0,61.53402938842774,percentile,42,143,644,93,0.3111111111111111,0.772972972972973,0.1510791366906475,0.11219552001305642
by_radar,KCRI,max_reflectivity_buffer,sig_severe_obs,2.0,81.0,61.78211975097656,percentile,41,136,651,94,0.3037037037037037,0.768361581920904,0.15129151291512916,0.11595254175108599
by_radar,KCRI,max_reflectivity_buffer,sig_severe_obs,2.0,82.0,61.94296943664551,percentile,38,128,659,97,0.2814814814814815,0.7710843373493976,0.1444866920152091,0.10851647171059982
by_radar,KCRI,max_reflectivity_buffer,sig_severe_obs,2.0,83.0,62.09154006958008,percentile,37,120,667,98,0.2740740740740741,0.7643312101910829,0.1450980392156863,0.1139070862392763
by_radar,KCRI,max_reflectivity_buffer,sig_severe_obs,2.0,84.0,62.31913848876953,percentile,37,111,676,98,0.2740740740740741,0.75,0.15040650406504066,0.12792918367531655
by_radar,KCRI,max_reflectivity_buffer,sig_severe_obs,2.0,85.0,62.5280502319336,percentile,37,102,685,98,0.2740740740740741,0.7338129496402878,0.15611814345991562,0.14271634324819385
by_radar,KCRI,max_reflectivity_buffer,sig_severe_obs,2.0,86.0,62.766967391967775,percentile,37,92,695,98,0.2740740740740741,0.7131782945736435,0.16299559471365638,0.1601223523094478
by_radar,KCRI,max_reflectivity_buffer,sig_severe_obs,2.0,87.0,63.016542739868164,percentile,34,86,701,101,0.2518518518518518,0.7166666666666667,0.15384615384615385,0.1494548862907602
by_radar,KCRI,max_reflectivity_buffer,sig_severe_obs,2.0,88.0,63.19627029418945,percentile,32,79,708,103,0.23703703703703705,0.7117117117117117,0.14953271028037382,0.14751933022424077
by_radar,KCRI,max_reflectivity_buffer,sig_severe_obs,2.0,89.0,63.292192726135255,percentile,31,71,716,104,0.22962962962962963,0.696078431372549,0.15048543689320387,0.15512059233194048
by_radar,KCRI,max_reflectivity_buffer,sig_severe_obs,2.0,90.0,63.57144279479981,percentile,30,63,724,105,0.2222222222222222,0.6774193548387096,0.15151515151515152,0.16320378593886745
by_radar,KCRI,max_reflectivity_buffer,sig_severe_obs,2.0,91.0,63.68601524353027,percentile,27,56,731,108,0.2,0.6746987951807228,0.14136125654450263,0.1533042903699058
by_radar,KCRI,max_reflectivity_buffer,sig_severe_obs,2.0,92.0,64.1814584350586,percentile,25,49,738,110,0.18518518518518517,0.6621621621621622,0.1358695652173913,0.15122917125024607
by_radar,KCRI,max_reflectivity_buffer,sig_severe_obs,2.0,93.0,64.27034248352051,percentile,25,40,747,110,0.18518518518518517,0.6153846153846154,0.14285714285714285,0.1711117770452502
by_radar,KCRI,max_reflectivity_buffer,sig_severe_obs,2.0,94.0,64.73986053466797,percentile,21,36,751,114,0.15555555555555556,0.631578947368421,0.12280701754385964,0.144363190912803
by_radar,KCRI,max_reflectivity_buffer,sig_severe_obs,2.0,95.0,65.11250839233398,percentile,18,29,758,117,0.13333333333333333,0.6170212765957447,0.10975609756097561,0.13217375607617624
by_radar,KCRI,max_reflectivity_buffer,sig_severe_obs,2.0,96.0,65.55148010253906,percentile,14,23,764,121,0.1037037037037037,0.6216216216216216,0.08860759493670886,0.10650497328290509
by_radar,KCRI,max_reflectivity_buffer,sig_severe_obs,2.0,97.0,65.98705055236816,percentile,10,18,769,125,0.07407407407407407,0.6428571428571429,0.06535947712418301,0.07622997912083293
by_radar,KCRI,max_reflectivity_buffer,sig_severe_obs,2.0,98.0,66.35538177490234,percentile,8,11,776,127,0.05925925925925926,0.5789473684210527,0.0547945205479452,0.07030644902015228
by_radar,KCRI,max_reflectivity_buffer,sig_severe_obs,2.0,99.0,66.67031227111816,percentile,2,8,779,133,0.014814814814814815,0.8,0.013986013986013986,0.007542560500801588
by_radar,KCRI,max_reflectivity_buffer,sig_severe_obs,2.0,100.0,71.39029693603516,percentile,0,1,786,135,0.0,1.0,0.0,-0.0021578938955579352
by_radar,KCRI,max_hdr_size_buffer,severe_obs,2.0,0.0,0.8924772441387177,percentile,603,315,0,0,1.0,0.3431372549019608,0.6568627450980392,0.0
by_radar,KCRI,max_hdr_size_buffer,severe_obs,2.0,1.0,10.625814371109009,percentile,597,311,4,6,0.9900497512437811,0.34251101321585903,0.6531728665207878,0.003574730354391371
by_radar,KCRI,max_hdr_size_buffer,severe_obs,2.0,2.0,10.995722427368165,percentile,593,306,9,10,0.9834162520729685,0.3403781979977753,0.6523652365236524,0.015456044963039893
by_radar,KCRI,max_hdr_size_buffer,severe_obs,2.0,3.0,11.300523738861084,percentile,589,301,14,14,0.9767827529021559,0.3382022471910112,0.6515486725663717,0.027130139889783807
by_radar,KCRI,max_hdr_size_buffer,severe_obs,2.0,4.0,11.714656753540039,percentile,586,295,20,17,0.9718076285240465,0.3348467650397276,0.6525612472160356,0.044725941045806565
by_radar,KCRI,max_hdr_size_buffer,severe_obs,2.0,5.0,11.967764735221863,percentile,582,290,25,21,0.9651741293532339,0.33256880733944955,0.6517357222844344,0.05594905065174692
by_radar,KCRI,max_hdr_size_buffer,severe_obs,2.0,6.0,12.132469539642335,percentile,579,283,32,24,0.9601990049751243,0.32830626450116007,0.6534988713318285,0.07688225930074878
by_radar,KCRI,max_hdr_size_buffer,severe_obs,2.0,7.0,12.35409927368164,percentile,576,278,37,27,0.9552238805970149,0.3255269320843091,0.6538024971623155,0.08976534612908889
by_radar,KCRI,max_hdr_size_buffer,severe_obs,2.0,8.0,12.591638450622558,percentile,573,271,44,30,0.9502487562189055,0.32109004739336494,0.6556064073226545,0.11003536436894892
by_radar,KCRI,max_hdr_size_buffer,severe_obs,2.0,9.0,12.82855704307556,percentile,569,266,49,34,0.9436152570480929,0.318562874251497,0.6547756041426928,0.12033576726269189
by_radar,KCRI,max_hdr_size_buffer,severe_obs,2.0,10.0,13.006688833236694,percentile,566,260,55,37,0.9386401326699834,0.31476997578692495,0.6558516801853997,0.13628328676512516
by_radar,KCRI,max_hdr_size_buffer,severe_obs,2.0,11.0,13.396640000343323,percentile,565,252,63,38,0.9369817578772802,0.3084455324357405,0.6608187134502924,0.16350885130931508
by_radar,KCRI,max_hdr_size_buffer,severe_obs,2.0,12.0,13.696491775512692,percentile,564,243,72,39,0.9353233830845771,0.30111524163568776,0.6666666666666666,0.19387926685723894
by_radar,KCRI,max_hdr_size_buffer,severe_obs,2.0,13.0,13.95621795654297,percentile,563,235,80,40,0.9336650082918739,0.29448621553884713,0.6718377088305489,0.22018348623853212
by_radar,KCRI,max_hdr_size_buffer,severe_obs,2.0,14.0,14.272200317382813,percentile,559,230,85,44,0.9270315091210614,0.2915082382762991,0.6710684273709484,0.22919079927188482
by_radar,KCRI,max_hdr_size_buffer,severe_obs,2.0,15.0,14.533610820770264,percentile,556,224,91,47,0.9220563847429519,0.28717948717948716,0.6723095525997581,0.24363815465440813
by_radar,KCRI,max_hdr_size_buffer,severe_obs,2.0,16.0,14.98044017791748,percentile,553,218,97,50,0.9170812603648425,0.2827496757457847,0.6735688185140073,0.25785958625183253
by_radar,KCRI,max_hdr_size_buffer,severe_obs,2.0,17.0,15.239408931732177,percentile,552,210,105,51,0.9154228855721394,0.2755905511811024,0.6789667896678967,0.2828511394860191
by_radar,KCRI,max_hdr_size_buffer,severe_obs,2.0,18.0,15.58568639755249,percentile,550,202,113,53,0.912106135986733,0.26861702127659576,0.6832298136645962,0.3053255702152663
by_radar,KCRI,max_hdr_size_buffer,severe_obs,2.0,19.0,15.797412223815918,percentile,543,200,115,60,0.900497512437811,0.2691790040376851,0.676214196762142,0.29711105221309303
by_radar,KCRI,max_hdr_size_buffer,severe_obs,2.0,20.0,15.968849563598631,percentile,539,195,120,64,0.8938640132669984,0.2656675749318801,0.6754385964912281,0.30511862801830714
by_radar,KCRI,max_hdr_size_buffer,severe_obs,2.0,21.0,16.232092666625977,percentile,536,189,126,67,0.8888888888888888,0.26068965517241377,0.6767676767676768,0.3183313319062288
by_radar,KCRI,max_hdr_size_buffer,severe_obs,2.0,22.0,16.467982444763184,percentile,534,182,133,69,0.8855721393034826,0.2541899441340782,0.6802547770700637,0.3366326371974918
by_radar,KCRI,max_hdr_size_buffer,severe_obs,2.0,23.0,16.58328992843628,percentile,530,177,138,73,0.87893864013267,0.25035360678925034,0.6794871794871795,0.34416953860398125
by_radar,KCRI,max_hdr_size_buffer,severe_obs,2.0,24.0,16.804331283569336,percentile,524,173,142,79,0.8689883913764511,0.24820659971305595,0.6752577319587629,0.3443191673894189
by_radar,KCRI,max_hdr_size_buffer,severe_obs,2.0,25.0,17.00554132461548,percentile,520,168,147,83,0.8623548922056384,0.2441860465116279,0.6744487678339819,0.3516839706254748
by_radar,KCRI,max_hdr_size_buffer,severe_obs,2.0,26.0,17.221675872802734,percentile,518,161,154,85,0.8590381426202321,0.23711340206185566,0.6780104712041884,0.36919905475388404
by_radar,KCRI,max_hdr_size_buffer,severe_obs,2.0,27.0,17.463407764434816,percentile,513,157,158,90,0.8507462686567164,0.23432835820895523,0.675,0.3711875405580792
by_radar,KCRI,max_hdr_size_buffer,severe_obs,2.0,28.0,17.884674224853516,percentile,510,151,164,93,0.845771144278607,0.22844175491679275,0.6763925729442971,0.38325816523764683
by_radar,KCRI,max_hdr_size_buffer,severe_obs,2.0,29.0,18.060790004730226,percentile,504,148,167,99,0.835820895522388,0.22699386503067484,0.6711051930758988,0.38009940455686236
by_radar,KCRI,max_hdr_size_buffer,severe_obs,2.0,30.0,18.24313678741455,percentile,501,141,174,102,0.8308457711442786,0.21962616822429906,0.6733870967741935,0.3949025926468434
by_radar,KCRI,max_hdr_size_buffer,severe_obs,2.0,31.0,18.403283176422118,percentile,497,136,179,106,0.824212271973466,0.21484992101105846,0.6725304465493911,0.4016
by_radar,KCRI,max_hdr_size_buffer,severe_obs,2.0,32.0,18.62301643371582,percentile,490,134,181,113,0.8126036484245439,0.21474358974358973,0.6648575305291723,0.3934710385670952
by_radar,KCRI,max_hdr_size_buffer,severe_obs,2.0,33.0,18.842491664886474,percentile,484,131,184,119,0.802653399668325,0.21300813008130082,0.659400544959128,0.39033137283029695
by_radar,KCRI,max_hdr_size_buffer,severe_obs,2.0,34.0,18.997317924499512,percentile,479,127,188,124,0.7943615257048093,0.20957095709570958,0.6561643835616439,0.3920786436814361
by_radar,KCRI,max_hdr_size_buffer,severe_obs,2.0,35.0,19.282624530792237,percentile,476,121,194,127,0.7893864013266998,0.20268006700167504,0.6574585635359116,0.4034243667751521
by_radar,KCRI,max_hdr_size_buffer,severe_obs,2.0,36.0,19.453040237426762,percentile,469,118,197,134,0.7777777777777778,0.2010221465076661,0.6504854368932039,0.39834277421469033
by_radar,KCRI,max_hdr_size_buffer,severe_obs,2.0,37.0,19.62544065475464,percentile,466,112,203,137,0.7728026533996684,0.19377162629757785,0.6517482517482518,0.40948616600790516
by_radar,KCRI,max_hdr_size_buffer,severe_obs,2.0,38.0,19.990556564331055,percentile,458,111,204,145,0.7595356550580431,0.19507908611599298,0.6414565826330533,0.39692364543396924
by_radar,KCRI,max_hdr_size_buffer,severe_obs,2.0,39.0,20.134856357574463,percentile,451,109,206,152,0.7479270315091211,0.19464285714285715,0.6334269662921348,0.3892075437066948
by_radar,KCRI,max_hdr_size_buffer,severe_obs,2.0,40.0,20.25953369140625,percentile,444,107,208,159,0.736318407960199,0.19419237749546278,0.6253521126760564,0.381592742854538
by_radar,KCRI,max_hdr_size_buffer,severe_obs,2.0,41.0,20.34680057525635,percentile,439,103,212,164,0.7280265339966833,0.1900369003690037,0.6218130311614731,0.3833159730084688
by_radar,KCRI,max_hdr_size_buffer,severe_obs,2.0,42.0,20.588544960021974,percentile,430,102,213,173,0.7131011608623549,0.19172932330827067,0.6099290780141844,0.36940785036644036
by_radar,KCRI,max_hdr_size_buffer,severe_obs,2.0,43.0,20.784719829559325,percentile,424,99,216,179,0.703150912106136,0.18929254302103252,0.603988603988604,0.3666294393567121
by_radar,KCRI,max_hdr_size_buffer,severe_obs,2.0,44.0,20.899190063476563,percentile,417,97,218,186,0.6915422885572139,0.188715953307393,0.5957142857142858,0.35935904833769805
by_radar,KCRI,max_hdr_size_buffer,severe_obs,2.0,45.0,21.071754360198977,percentile,409,96,219,194,0.6782752902155887,0.1900990099009901,0.5851216022889842,0.3476822652494156
by_radar,KCRI,max_hdr_size_buffer,severe_obs,2.0,46.0,21.226974487304688,percentile,402,94,221,201,0.6666666666666666,0.18951612903225806,0.5767575322812052,0.3406232195292983
by_radar,KCRI,max_hdr_size_buffer,severe_obs,2.0,47.0,21.38093193054199,percentile,395,92,223,208,0.6550580431177446,0.188911704312115,0.5683453237410072,0.3336527154740647
by_radar,KCRI,max_hdr_size_buffer,severe_obs,2.0,48.0,21.64954978942871,percentile,387,90,225,216,0.6417910447761194,0.18867924528301888,0.5584415584415584,0.3250291942390035
by_radar,KCRI,max_hdr_size_buffer,severe_obs,2.0,49.0,21.942177028656005,percentile,381,87,228,222,0.6318407960199005,0.1858974358974359,0.5521739130434783,0.3226305609284333
by_radar,KCRI,max_hdr_size_buffer,severe_obs,2.0,50.0,22.09753704071045,percentile,377,82,233,226,0.6252072968490879,0.1786492374727669,0.5503649635036496,0.3289760348583878
by_radar,KCRI,max_hdr_size_buffer,severe_obs,2.0,51.0,22.253267002105712,percentile,370,80,235,233,0.6135986733001658,0.17777777777777778,0.541727672035139,0.3222519424277162
by_radar,KCRI,max_hdr_size_buffer,severe_obs,2.0,52.0,22.50582374572754,percentile,366,75,240,237,0.6069651741293532,0.17006802721088435,0.5398230088495575,0.3285225977971895
by_radar,KCRI,max_hdr_size_buffer,severe_obs,2.0,53.0,22.657712802886966,percentile,357,74,241,246,0.5920398009950248,0.1716937354988399,0.5273264401772526,0.3159240474493859
by_radar,KCRI,max_hdr_size_buffer,severe_obs,2.0,54.0,22.81602783203125,percentile,351,71,244,252,0.582089552238806,0.16824644549763032,0.5207715133531158,0.3136535977667597
by_radar,KCRI,max_hdr_size_buffer,severe_obs,2.0,55.0,22.93481559753418,percentile,345,68,247,258,0.572139303482587,0.16464891041162227,0.5141579731743666,0.31141022986125494
by_radar,KCRI,max_hdr_size_buffer,severe_obs,2.0,56.0,23.04850196838379,percentile,338,67,248,265,0.560530679933665,0.1654320987654321,0.5044776119402985,0.3024348041033247
by_radar,KCRI,max_hdr_size_buffer,severe_obs,2.0,57.0,23.23347282409668,percentile,331,65,250,272,0.548922056384743,0.16414141414141414,0.49550898203592814,0.2961051726256297
by_radar,KCRI,max_hdr_size_buffer,severe_obs,2.0,58.0,23.43971305847168,percentile,323,63,252,280,0.5356550580431177,0.16321243523316062,0.484984984984985,0.288236969524352
by_radar,KCRI,max_hdr_size_buffer,severe_obs,2.0,59.0,23.744244384765626,percentile,316,60,255,287,0.5240464344941956,0.1595744680851064,0.4766214177978884,0.284593928123863
by_radar,KCRI,max_hdr_size_buffer,severe_obs,2.0,60.0,23.94718246459961,percentile,308,59,256,295,0.5107794361525705,0.16076294277929154,0.4652567975830816,0.2743860777299948
by_radar,KCRI,max_hdr_size_buffer,severe_obs,2.0,61.0,24.120103359222412,percentile,300,58,257,303,0.4975124378109453,0.16201117318435754,0.45385779122541603,0.2642957042957043
by_radar,KCRI,max_hdr_size_buffer,severe_obs,2.0,62.0,24.32391815185547,percentile,293,56,259,310,0.4859038142620232,0.16045845272206305,0.44461305007587254,0.2583733958440939
by_radar,KCRI,max_hdr_size_buffer,severe_obs,2.0,63.0,24.679617938995364,percentile,289,51,264,314,0.4792703150912106,0.15,0.4418960244648318,0.264607118871726
by_radar,KCRI,max_hdr_size_buffer,severe_obs,2.0,64.0,24.91379493713379,percentile,283,48,267,320,0.4693200663349917,0.14501510574018128,0.434715821812596,0.2627568055937463
by_radar,KCRI,max_hdr_size_buffer,severe_obs,2.0,65.0,25.116083526611334,percentile,276,45,270,327,0.4577114427860697,0.14018691588785046,0.42592592592592593,0.25939805597845184
by_radar,KCRI,max_hdr_size_buffer,severe_obs,2.0,66.0,25.307344436645508,percentile,270,43,272,333,0.44776119402985076,0.13738019169329074,0.4179566563467492,0.25515634103709456
by_radar,KCRI,max_hdr_size_buffer,severe_obs,2.0,67.0,25.5509188079834,percentile,260,43,272,343,0.4311774461028192,0.1419141914191419,0.4024767801857585,0.24006948465547193
by_radar,KCRI,max_hdr_size_buffer,severe_obs,2.0,68.0,25.72502784729004,percentile,256,38,277,347,0.42454394693200664,0.1292517006802721,0.3993759750390016,0.24622826212138663
by_radar,KCRI,max_hdr_size_buffer,severe_obs,2.0,69.0,26.00440734863281,percentile,250,35,280,353,0.41459369817578773,0.12280701754385964,0.39184952978056425,0.24453098155995875
by_radar,KCRI,max_hdr_size_buffer,severe_obs,2.0,70.0,26.167632484436034,percentile,245,31,284,358,0.40630182421227196,0.11231884057971014,0.3864353312302839,0.24672513953753275
by_radar,KCRI,max_hdr_size_buffer,severe_obs,2.0,71.0,26.543429927825922,percentile,236,30,285,367,0.3913764510779436,0.11278195488721804,0.37282780410742494,0.23587575951994566
by_radar,KCRI,max_hdr_size_buffer,severe_obs,2.0,72.0,26.86809509277344,percentile,230,27,288,373,0.3814262023217247,0.10505836575875487,0.36507936507936506,0.23426297811643707
by_radar,KCRI,max_hdr_size_buffer,severe_obs,2.0,73.0,27.051724071502683,percentile,221,27,288,382,0.36650082918739635,0.10887096774193548,0.35079365079365077,0.22124323315288408
by_radar,KCRI,max_hdr_size_buffer,severe_obs,2.0,74.0,27.26973247528076,percentile,214,25,290,389,0.3548922056384743,0.10460251046025104,0.34076433121019106,0.2159382078799807
by_radar,KCRI,max_hdr_size_buffer,severe_obs,2.0,75.0,27.513339042663574,percentile,206,24,291,397,0.3416252072968491,0.10434782608695652,0.32854864433811803,0.2069220256343959
by_radar,KCRI,max_hdr_size_buffer,severe_obs,2.0,76.0,27.77855316162109,percentile,198,23,292,405,0.3283582089552239,0.10407239819004525,0.31629392971246006,0.19800124921923798
by_radar,KCRI,max_hdr_size_buffer,severe_obs,2.0,77.0,28.01474931716919,percentile,191,20,295,412,0.3167495854063018,0.0947867298578199,0.30658105939004815,0.19523687767103773
by_radar,KCRI,max_hdr_size_buffer,severe_obs,2.0,78.0,28.248034744262693,percentile,182,20,295,421,0.3018242122719735,0.09900990099009901,0.29213483146067415,0.18276952145634243
by_radar,KCRI,max_hdr_size_buffer,severe_obs,2.0,79.0,28.626559543609623,percentile,173,20,295,430,0.28689883913764513,0.10362694300518134,0.27768860353130015,0.17043195373215253
by_radar,KCRI,max_hdr_size_buffer,severe_obs,2.0,80.0,28.813431549072263,percentile,166,18,297,437,0.2752902155887231,0.09782608695652174,0.2673107890499195,0.16555791290589378
by_radar,KCRI,max_hdr_size_buffer,severe_obs,2.0,81.0,28.947872753143315,percentile,158,17,298,445,0.2620232172470978,0.09714285714285714,0.25483870967741934,0.1570851071441348
by_radar,KCRI,max_hdr_size_buffer,severe_obs,2.0,82.0,29.338457260131833,percentile,150,16,299,453,0.24875621890547264,0.0963855421686747,0.24232633279483037,0.14869914937537815
by_radar,KCRI,max_hdr_size_buffer,severe_obs,2.0,83.0,29.918470363616944,percentile,141,15,300,462,0.23383084577114427,0.09615384615384616,0.22815533980582525,0.13908058180273913
by_radar,KCRI,max_hdr_size_buffer,severe_obs,2.0,84.0,30.149953994750973,percentile,133,14,301,470,0.22056384742951907,0.09523809523809523,0.21555915721231766,0.13087567339178197
by_radar,KCRI,max_hdr_size_buffer,severe_obs,2.0,85.0,30.281528663635253,percentile,125,13,302,478,0.20729684908789386,0.09420289855072464,0.20292207792207792,0.12275354703100368
by_radar,KCRI,max_hdr_size_buffer,severe_obs,2.0,86.0,30.598465232849122,percentile,118,11,304,485,0.1956882255389718,0.08527131782945736,0.19218241042345277,0.11826832583917181
by_radar,KCRI,max_hdr_size_buffer,severe_obs,2.0,87.0,30.908289947509765,percentile,111,9,306,492,0.18407960199004975,0.075,0.18137254901960784,0.11382790552491936
by_radar,KCRI,max_hdr_size_buffer,severe_obs,2.0,88.0,31.44104919433594,percentile,104,7,308,499,0.1724709784411277,0.06306306306306306,0.17049180327868851,0.10943161817993581
by_radar,KCRI,max_hdr_size_buffer,severe_obs,2.0,89.0,31.948413314819337,percentile,95,6,309,508,0.15754560530679934,0.0594059405940594,0.15599343185550082,0.10031918179634142
by_radar,KCRI,max_hdr_size_buffer,severe_obs,2.0,90.0,32.433763885498045,percentile,89,3,312,514,0.14759535655058043,0.03260869565217391,0.14686468646864687,0.09951845906902086
by_radar,KCRI,max_hdr_size_buffer,severe_obs,2.0,91.0,32.757730865478514,percentile,80,3,312,523,0.13266998341625208,0.03614457831325301,0.132013201320132,0.08832625318606627
by_radar,KCRI,max_hdr_size_buffer,severe_obs,2.0,92.0,33.01901412963867,percentile,71,3,312,532,0.11774461028192372,0.04054054054054054,0.11716171617161716,0.07724305860867801
by_radar,KCRI,max_hdr_size_buffer,severe_obs,2.0,93.0,33.207735252380374,percentile,62,3,312,541,0.10281923714759536,0.046153846153846156,0.10231023102310231,0.06626729041160435
by_radar,KCRI,max_hdr_size_buffer,severe_obs,2.0,94.0,33.58282073974608,percentile,53,3,312,550,0.087893864013267,0.05357142857142857,0.08745874587458746,0.055397394245905486
by_radar,KCRI,max_hdr_size_buffer,severe_obs,2.0,95.0,34.480904197692865,percentile,43,3,312,560,0.07131011608623548,0.06521739130434782,0.07095709570957096,0.04344204950528034
by_radar,KCRI,max_hdr_size_buffer,severe_obs,2.0,96.0,35.0432388305664,percentile,36,1,314,567,0.05970149253731343,0.02702702702702703,0.059602649006622516,0.0395543914326448
by_radar,KCRI,max_hdr_size_buffer,severe_obs,2.0,97.0,36.157195816040044,percentile,27,1,314,576,0.04477611940298507,0.03571428571428571,0.04470198675496689,0.028972116812407193
by_radar,KCRI,max_hdr_size_buffer,severe_obs,2.0,98.0,37.27524826049804,percentile,18,1,314,585,0.029850746268656716,0.05263157894736842,0.029801324503311258,0.0184899339879799
by_radar,KCRI,max_hdr_size_buffer,severe_obs,2.0,99.0,39.19400562286377,percentile,9,1,314,594,0.014925373134328358,0.1,0.014900662251655629,0.008106429575393063
by_radar,KCRI,max_hdr_size_buffer,severe_obs,2.0,100.0,48.702396392822266,percentile,0,1,314,603,0.0,1.0,0.0,-0.002179783323030875
by_radar,KCRI,max_hdr_size_buffer,sig_severe_obs,2.0,0.0,0.8924772441387177,percentile,135,783,0,0,1.0,0.8529411764705882,0.14705882352941177,0.0
by_radar,KCRI,max_hdr_size_buffer,sig_severe_obs,2.0,1.0,10.625814371109009,percentile,133,775,8,2,0.9851851851851852,0.8535242290748899,0.14615384615384616,-0.001364566750056857
by_radar,KCRI,max_hdr_size_buffer,sig_severe_obs,2.0,2.0,10.995722427368165,percentile,133,766,17,2,0.9851851851851852,0.8520578420467185,0.14761376248612654,0.0020637468470534283
by_radar,KCRI,max_hdr_size_buffer,sig_severe_obs,2.0,3.0,11.300523738861084,percentile,133,757,26,2,0.9851851851851852,0.8505617977528089,0.1491031390134529,0.0055491329479768784
by_radar,KCRI,max_hdr_size_buffer,sig_severe_obs,2.0,4.0,11.714656753540039,percentile,131,750,33,4,0.9703703703703703,0.8513053348467651,0.1480225988700565,0.003808191497629595
by_radar,KCRI,max_hdr_size_buffer,sig_severe_obs,2.0,5.0,11.967764735221863,percentile,130,742,41,5,0.9629629629629629,0.8509174311926605,0.14823261117445838,0.0047025628967787446
by_radar,KCRI,max_hdr_size_buffer,sig_severe_obs,2.0,6.0,12.132469539642335,percentile,129,733,50,6,0.9555555555555556,0.8503480278422274,0.14861751152073732,0.006013133950470765
by_radar,KCRI,max_hdr_size_buffer,sig_severe_obs,2.0,7.0,12.35409927368164,percentile,129,725,58,6,0.9555555555555556,0.8489461358313818,0.15,0.009248186239336683
by_radar,KCRI,max_hdr_size_buffer,sig_severe_obs,2.0,8.0,12.591638450622558,percentile,127,717,66,8,0.9407407407407408,0.8495260663507109,0.14906103286384975,0.007888593737422523
by_radar,KCRI,max_hdr_size_buffer,sig_severe_obs,2.0,9.0,12.82855704307556,percentile,126,709,74,9,0.9333333333333333,0.8491017964071856,0.14928909952606634,0.008850994721883882
by_radar,KCRI,max_hdr_size_buffer,sig_severe_obs,2.0,10.0,13.006688833236694,percentile,125,701,82,10,0.9259259259259259,0.8486682808716707,0.14952153110047847,0.009830425165888425
by_radar,KCRI,max_hdr_size_buffer,sig_severe_obs,2.0,11.0,13.396640000343323,percentile,125,692,91,10,0.9259259259259259,0.847001223990208,0.15114873035066506,0.013637490701710886
by_radar,KCRI,max_hdr_size_buffer,sig_severe_obs,2.0,12.0,13.696491775512692,percentile,125,682,101,10,0.9259259259259259,0.8451053283767038,0.15299877600979192,0.01794807579931547
by_radar,KCRI,max_hdr_size_buffer,sig_severe_obs,2.0,13.0,13.95621795654297,percentile,125,673,110,10,0.9259259259259259,0.843358395989975,0.1547029702970297,0.02190211439642827
by_radar,KCRI,max_hdr_size_buffer,sig_severe_obs,2.0,14.0,14.272200317382813,percentile,125,664,119,10,0.9259259259259259,0.8415716096324461,0.15644555694618273,0.025928759670152172
by_radar,KCRI,max_hdr_size_buffer,sig_severe_obs,2.0,15.0,14.533610820770264,percentile,123,657,126,12,0.9111111111111111,0.8423076923076923,0.1553030303030303,0.024195624195624196
by_radar,KCRI,max_hdr_size_buffer,sig_severe_obs,2.0,16.0,14.98044017791748,percentile,122,649,134,13,0.9037037037037037,0.8417639429312581,0.1556122448979592,0.025374556161773622
by_radar,KCRI,max_hdr_size_buffer,sig_severe_obs,2.0,17.0,15.239408931732177,percentile,122,640,143,13,0.9037037037037037,0.8398950131233596,0.15741935483870967,0.02954803741585803
by_radar,KCRI,max_hdr_size_buffer,sig_severe_obs,2.0,18.0,15.58568639755249,percentile,122,630,153,13,0.9037037037037037,0.8377659574468085,0.15947712418300652,0.03427864652354448
by_radar,KCRI,max_hdr_size_buffer,sig_severe_obs,2.0,19.0,15.797412223815918,percentile,120,623,160,15,0.8888888888888888,0.8384925975773889,0.158311345646438,0.03255730978503256
by_radar,KCRI,max_hdr_size_buffer,sig_severe_obs,2.0,20.0,15.968849563598631,percentile,120,614,169,15,0.8888888888888888,0.8365122615803815,0.1602136181575434,0.036926956678375214
by_radar,KCRI,max_hdr_size_buffer,sig_severe_obs,2.0,21.0,16.232092666625977,percentile,120,605,178,15,0.8888888888888888,0.8344827586206897,0.16216216216216217,0.04138244656662119
by_radar,KCRI,max_hdr_size_buffer,sig_severe_obs,2.0,22.0,16.467982444763184,percentile,120,596,187,15,0.8888888888888888,0.8324022346368715,0.16415868673050615,0.04592633416000735
by_radar,KCRI,max_hdr_size_buffer,sig_severe_obs,2.0,23.0,16.58328992843628,percentile,120,587,196,15,0.8888888888888888,0.8302687411598303,0.16620498614958448,0.05056127655626681
by_radar,KCRI,max_hdr_size_buffer,sig_severe_obs,2.0,24.0,16.804331283569336,percentile,119,578,205,16,0.8814814814814815,0.8292682926829268,0.16690042075736325,0.05263157894736842
by_radar,KCRI,max_hdr_size_buffer,sig_severe_obs,2.0,25.0,17.00554132461548,percentile,118,570,213,17,0.8740740740740741,0.8284883720930233,0.1673758865248227,0.05421287081793195
by_radar,KCRI,max_hdr_size_buffer,sig_severe_obs,2.0,26.0,17.221675872802734,percentile,118,561,222,17,0.8740740740740741,0.8262150220913107,0.16954022988505746,0.05908263908838456
by_radar,KCRI,max_hdr_size_buffer,sig_severe_obs,2.0,27.0,17.463407764434816,percentile,118,552,231,17,0.8740740740740741,0.8238805970149253,0.1717612809315866,0.06405418480890179
by_radar,KCRI,max_hdr_size_buffer,sig_severe_obs,2.0,28.0,17.884674224853516,percentile,118,543,240,17,0.8740740740740741,0.8214826021180031,0.17404129793510326,0.06913073237508556
by_radar,KCRI,max_hdr_size_buffer,sig_severe_obs,2.0,29.0,18.060790004730226,percentile,117,535,248,18,0.8666666666666667,0.8205521472392638,0.1746268656716418,0.07095562802648483
by_radar,KCRI,max_hdr_size_buffer,sig_severe_obs,2.0,30.0,18.24313678741455,percentile,117,525,258,18,0.8666666666666667,0.8177570093457944,0.17727272727272728,0.07680768076807681
by_radar,KCRI,max_hdr_size_buffer,sig_severe_obs,2.0,31.0,18.403283176422118,percentile,115,518,265,20,0.8518518518518519,0.8183254344391785,0.17611026033690658,0.07532099888787787
by_radar,KCRI,max_hdr_size_buffer,sig_severe_obs,2.0,32.0,18.62301643371582,percentile,114,510,273,21,0.8444444444444444,0.8173076923076923,0.17674418604651163,0.07727690892364306
by_radar,KCRI,max_hdr_size_buffer,sig_severe_obs,2.0,33.0,18.842491664886474,percentile,111,504,279,24,0.8222222222222222,0.8195121951219512,0.17370892018779344,0.07224806201550388
by_radar,KCRI,max_hdr_size_buffer,sig_severe_obs,2.0,34.0,18.997317924499512,percentile,110,496,287,25,0.8148148148148148,0.8184818481848185,0.17432646592709986,0.07421344204034702
by_radar,KCRI,max_hdr_size_buffer,sig_severe_obs,2.0,35.0,19.282624530792237,percentile,109,488,295,26,0.8074074074074075,0.8174204355108877,0.17495987158908508,0.07622370229411143
by_radar,KCRI,max_hdr_size_buffer,sig_severe_obs,2.0,36.0,19.453040237426762,percentile,108,479,304,27,0.8,0.8160136286201022,0.1758957654723127,0.07891637220259129
by_radar,KCRI,max_hdr_size_buffer,sig_severe_obs,2.0,37.0,19.62544065475464,percentile,108,470,313,27,0.8,0.8131487889273357,0.17851239669421487,0.0847145488029466
by_radar,KCRI,max_hdr_size_buffer,sig_severe_obs,2.0,38.0,19.990556564331055,percentile,108,461,322,27,0.8,0.8101933216168717,0.18120805369127516,0.0906500054806533
by_radar,KCRI,max_hdr_size_buffer,sig_severe_obs,2.0,39.0,20.134856357574463,percentile,105,455,328,30,0.7777777777777778,0.8125,0.17796610169491525,0.08541320022185246
by_radar,KCRI,max_hdr_size_buffer,sig_severe_obs,2.0,40.0,20.25953369140625,percentile,103,448,335,32,0.762962962962963,0.8130671506352087,0.17667238421955403,0.08386662175816774
by_radar,KCRI,max_hdr_size_buffer,sig_severe_obs,2.0,41.0,20.34680057525635,percentile,102,440,343,33,0.7555555555555555,0.8118081180811808,0.17739130434782607,0.08614615297192862
by_radar,KCRI,max_hdr_size_buffer,sig_severe_obs,2.0,42.0,20.588544960021974,percentile,100,432,351,35,0.7407407407407407,0.8120300751879699,0.1763668430335097,0.08526327917962899
by_radar,KCRI,max_hdr_size_buffer,sig_severe_obs,2.0,43.0,20.784719829559325,percentile,99,424,359,36,0.7333333333333333,0.8107074569789675,0.1771019677996422,0.08762104771905262
by_radar,KCRI,max_hdr_size_buffer,sig_severe_obs,2.0,44.0,20.899190063476563,percentile,96,418,365,39,0.7111111111111111,0.8132295719844358,0.1735985533453888,0.08200401748788845
by_radar,KCRI,max_hdr_size_buffer,sig_severe_obs,2.0,45.0,21.071754360198977,percentile,93,412,371,42,0.6888888888888889,0.8158415841584158,0.170018281535649,0.07624177139437463
by_radar,KCRI,max_hdr_size_buffer,sig_severe_obs,2.0,46.0,21.226974487304688,percentile,93,403,380,42,0.6888888888888889,0.8125,0.17286245353159851,0.08269673820783315
by_radar,KCRI,max_hdr_size_buffer,sig_severe_obs,2.0,47.0,21.38093193054199,percentile,91,396,387,44,0.674074074074074,0.813141683778234,0.1713747645951036,0.08096817790883401
by_radar,KCRI,max_hdr_size_buffer,sig_severe_obs,2.0,48.0,21.64954978942871,percentile,88,389,394,47,0.6518518518518519,0.8155136268343816,0.16793893129770993,0.07569522384337199
by_radar,KCRI,max_hdr_size_buffer,sig_severe_obs,2.0,49.0,21.942177028656005,percentile,88,380,403,47,0.6518518518518519,0.811965811965812,0.170873786407767,0.08241688787763873
by_radar,KCRI,max_hdr_size_buffer,sig_severe_obs,2.0,50.0,22.09753704071045,percentile,88,371,412,47,0.6518518518518519,0.8082788671023965,0.17391304347826086,0.08932461873638345
by_radar,KCRI,max_hdr_size_buffer,sig_severe_obs,2.0,51.0,22.253267002105712,percentile,87,363,420,48,0.6444444444444445,0.8066666666666666,0.1746987951807229,0.09200779727095516
by_radar,KCRI,max_hdr_size_buffer,sig_severe_obs,2.0,52.0,22.50582374572754,percentile,86,355,428,49,0.6370370370370371,0.8049886621315193,0.17551020408163265,0.09476736522999868
by_radar,KCRI,max_hdr_size_buffer,sig_severe_obs,2.0,53.0,22.657712802886966,percentile,84,347,436,51,0.6222222222222222,0.8051044083526682,0.17427385892116182,0.09387973751171823
by_radar,KCRI,max_hdr_size_buffer,sig_severe_obs,2.0,54.0,22.81602783203125,percentile,82,340,443,53,0.6074074074074074,0.8056872037914692,0.1726315789473684,0.0921320831634733
by_radar,KCRI,max_hdr_size_buffer,sig_severe_obs,2.0,55.0,22.93481559753418,percentile,80,333,450,55,0.5925925925925926,0.8062953995157385,0.17094017094017094,0.09033236794924838
by_radar,KCRI,max_hdr_size_buffer,sig_severe_obs,2.0,56.0,23.04850196838379,percentile,79,326,457,56,0.5851851851851851,0.8049382716049382,0.17136659436008678,0.09238294898672257
by_radar,KCRI,max_hdr_size_buffer,sig_severe_obs,2.0,57.0,23.23347282409668,percentile,78,318,465,57,0.5777777777777777,0.803030303030303,0.17218543046357615,0.09535972754363559
by_radar,KCRI,max_hdr_size_buffer,sig_severe_obs,2.0,58.0,23.43971305847168,percentile,77,309,474,58,0.5703703703703704,0.8005181347150259,0.17342342342342343,0.09932149559693951
by_radar,KCRI,max_hdr_size_buffer,sig_severe_obs,2.0,59.0,23.744244384765626,percentile,77,299,484,58,0.5703703703703704,0.7952127659574468,0.1774193548387097,0.10841780520052886
by_radar,KCRI,max_hdr_size_buffer,sig_severe_obs,2.0,60.0,23.94718246459961,percentile,76,291,492,59,0.562962962962963,0.7929155313351499,0.1784037558685446,0.11180773249738767
by_radar,KCRI,max_hdr_size_buffer,sig_severe_obs,2.0,61.0,24.120103359222412,percentile,75,283,500,60,0.5555555555555556,0.7905027932960894,0.17942583732057416,0.1153087543620088
by_radar,KCRI,max_hdr_size_buffer,sig_severe_obs,2.0,62.0,24.32391815185547,percentile,75,274,509,60,0.5555555555555556,0.7851002865329513,0.18337408312958436,0.12417090853000154
by_radar,KCRI,max_hdr_size_buffer,sig_severe_obs,2.0,63.0,24.679617938995364,percentile,73,267,516,62,0.5407407407407407,0.7852941176470588,0.18159203980099503,0.12266666666666666
by_radar,KCRI,max_hdr_size_buffer,sig_severe_obs,2.0,64.0,24.91379493713379,percentile,71,260,523,64,0.5259259259259259,0.7854984894259819,0.17974683544303796,0.12111057922450934
by_radar,KCRI,max_hdr_size_buffer,sig_severe_obs,2.0,65.0,25.116083526611334,percentile,70,251,532,65,0.5185185185185185,0.7819314641744548,0.18134715025906736,0.12607776150967953
by_radar,KCRI,max_hdr_size_buffer,sig_severe_obs,2.0,66.0,25.307344436645508,percentile,68,245,538,67,0.5037037037037037,0.7827476038338658,0.17894736842105263,0.12345066931085771
by_radar,KCRI,max_hdr_size_buffer,sig_severe_obs,2.0,67.0,25.5509188079834,percentile,65,238,545,70,0.48148148148148145,0.7854785478547854,0.1742627345844504,0.11718091384252234
by_radar,KCRI,max_hdr_size_buffer,sig_severe_obs,2.0,68.0,25.72502784729004,percentile,65,229,554,70,0.48148148148148145,0.7789115646258503,0.17857142857142858,0.12708226000343464
by_radar,KCRI,max_hdr_size_buffer,sig_severe_obs,2.0,69.0,26.00440734863281,percentile,64,221,562,71,0.4740740740740741,0.775438596491228,0.1797752808988764,0.13140857392825897
by_radar,KCRI,max_hdr_size_buffer,sig_severe_obs,2.0,70.0,26.167632484436034,percentile,63,213,570,72,0.4666666666666667,0.7717391304347826,0.1810344827586207,0.13590155163188872
by_radar,KCRI,max_hdr_size_buffer,sig_severe_obs,2.0,71.0,26.543429927825922,percentile,62,204,579,73,0.45925925925925926,0.7669172932330827,0.18289085545722714,0.1417896847093129
by_radar,KCRI,max_hdr_size_buffer,sig_severe_obs,2.0,72.0,26.86809509277344,percentile,59,198,585,76,0.43703703703703706,0.7704280155642024,0.17717717717717718,0.13403978434653283
by_radar,KCRI,max_hdr_size_buffer,sig_severe_obs,2.0,73.0,27.051724071502683,percentile,58,190,593,77,0.42962962962962964,0.7661290322580645,0.17846153846153845,0.13887307911212293
by_radar,KCRI,max_hdr_size_buffer,sig_severe_obs,2.0,74.0,27.26973247528076,percentile,55,184,599,80,0.4074074074074074,0.7698744769874477,0.1724137931034483,0.13073794305636258
by_radar,KCRI,max_hdr_size_buffer,sig_severe_obs,2.0,75.0,27.513339042663574,percentile,53,177,606,82,0.3925925925925926,0.7695652173913043,0.16987179487179488,0.12898120672601385
by_radar,KCRI,max_hdr_size_buffer,sig_severe_obs,2.0,76.0,27.77855316162109,percentile,51,170,613,84,0.37777777777777777,0.7692307692307693,0.16721311475409836,0.12714776632302405
by_radar,KCRI,max_hdr_size_buffer,sig_severe_obs,2.0,77.0,28.01474931716919,percentile,49,162,621,86,0.362962962962963,0.7677725118483413,0.16498316498316498,0.126579656101098
by_radar,KCRI,max_hdr_size_buffer,sig_severe_obs,2.0,78.0,28.248034744262693,percentile,47,155,628,88,0.34814814814814815,0.7673267326732673,0.16206896551724137,0.12460267005721551
by_radar,KCRI,max_hdr_size_buffer,sig_severe_obs,2.0,79.0,28.626559543609623,percentile,46,147,636,89,0.34074074074074073,0.7616580310880829,0.16312056737588654,0.12990674474083713
by_radar,KCRI,max_hdr_size_buffer,sig_severe_obs,2.0,80.0,28.813431549072263,percentile,44,140,643,91,0.32592592592592595,0.7608695652173914,0.16,0.1279147235176549
by_radar,KCRI,max_hdr_size_buffer,sig_severe_obs,2.0,81.0,28.947872753143315,percentile,42,133,650,93,0.3111111111111111,0.76,0.15671641791044777,0.12582480091012513
by_radar,KCRI,max_hdr_size_buffer,sig_severe_obs,2.0,82.0,29.338457260131833,percentile,41,125,658,94,0.3037037037037037,0.7530120481927711,0.1576923076923077,0.13156053184044786
by_radar,KCRI,max_hdr_size_buffer,sig_severe_obs,2.0,83.0,29.918470363616944,percentile,36,120,663,99,0.26666666666666666,0.7692307692307693,0.1411764705882353,0.10655147588192944
by_radar,KCRI,max_hdr_size_buffer,sig_severe_obs,2.0,84.0,30.149953994750973,percentile,36,111,672,99,0.26666666666666666,0.7551020408163265,0.14634146341463414,0.1204730229120473
by_radar,KCRI,max_hdr_size_buffer,sig_severe_obs,2.0,85.0,30.281528663635253,percentile,35,103,680,100,0.25925925925925924,0.7463768115942029,0.14705882352941177,0.12655024044545685
by_radar,KCRI,max_hdr_size_buffer,sig_severe_obs,2.0,86.0,30.598465232849122,percentile,34,95,688,101,0.2518518518518518,0.7364341085271318,0.14782608695652175,0.13296903460837886
by_radar,KCRI,max_hdr_size_buffer,sig_severe_obs,2.0,87.0,30.908289947509765,percentile,31,89,694,104,0.22962962962962963,0.7416666666666667,0.13839285714285715,0.1215528781793842
by_radar,KCRI,max_hdr_size_buffer,sig_severe_obs,2.0,88.0,31.44104919433594,percentile,31,80,703,104,0.22962962962962963,0.7207207207207207,0.14418604651162792,0.13757926661152467
by_radar,KCRI,max_hdr_size_buffer,sig_severe_obs,2.0,89.0,31.948413314819337,percentile,27,74,709,108,0.2,0.7326732673267327,0.1291866028708134,0.11776447105788423
by_radar,KCRI,max_hdr_size_buffer,sig_severe_obs,2.0,90.0,32.433763885498045,percentile,27,65,718,108,0.2,0.7065217391304348,0.135,0.1347455133862901
by_radar,KCRI,max_hdr_size_buffer,sig_severe_obs,2.0,91.0,32.757730865478514,percentile,25,58,725,110,0.18518518518518517,0.6987951807228916,0.12953367875647667,0.13217866909753875
by_radar,KCRI,max_hdr_size_buffer,sig_severe_obs,2.0,92.0,33.01901412963867,percentile,22,52,731,113,0.16296296296296298,0.7027027027027027,0.11764705882352941,0.11875589066918002
by_radar,KCRI,max_hdr_size_buffer,sig_severe_obs,2.0,93.0,33.207735252380374,percentile,21,44,739,114,0.15555555555555556,0.676923076923077,0.11731843575418995,0.1265040650406504
by_radar,KCRI,max_hdr_size_buffer,sig_severe_obs,2.0,94.0,33.58282073974608,percentile,19,37,746,116,0.14074074074074075,0.6607142857142857,0.11046511627906977,0.12335692618806876
by_radar,KCRI,max_hdr_size_buffer,sig_severe_obs,2.0,95.0,34.480904197692865,percentile,17,29,754,118,0.1259259259259259,0.6304347826086957,0.10365853658536585,0.12223393045310854
by_radar,KCRI,max_hdr_size_buffer,sig_severe_obs,2.0,96.0,35.0432388305664,percentile,16,21,762,119,0.11851851851851852,0.5675675675675675,0.10256410256410256,0.13106973347937204
by_radar,KCRI,max_hdr_size_buffer,sig_severe_obs,2.0,97.0,36.157195816040044,percentile,12,16,767,123,0.08888888888888889,0.5714285714285714,0.07947019867549669,0.10186240973014063
by_radar,KCRI,max_hdr_size_buffer,sig_severe_obs,2.0,98.0,37.27524826049804,percentile,8,11,772,127,0.05925925925925926,0.5789473684210527,0.0547945205479452,0.07015457788347206
by_radar,KCRI,max_hdr_size_buffer,sig_severe_obs,2.0,99.0,39.19400562286377,percentile,3,7,776,132,0.022222222222222223,0.7,0.02112676056338028,0.021532091097308487
by_radar,KCRI,max_hdr_size_buffer,sig_severe_obs,2.0,100.0,48.702396392822266,percentile,0,1,782,135,0.0,1.0,0.0,-0.002167316861725184
by_radar,KCRI,max_hsda_buffer,severe_obs,2.0,,2.0,hsda_class,232,40,270,369,0.3860232945091514,0.14705882352941177,0.3619344773790952,0.20445854568824343
by_radar,KCRI,max_hsda_buffer,sig_severe_obs,2.0,,3.0,hsda_class,32,96,681,102,0.23880597014925373,0.75,0.1391304347826087,0.11742946892522678
by_radar,KCRI,max_mesh_75_mh19_buffer,severe_obs,2.0,0.0,3.3345214227396527,percentile,602,313,0,0,1.0,0.34207650273224044,0.6579234972677596,0.0
by_radar,KCRI,max_mesh_75_mh19_buffer,severe_obs,2.0,1.0,9.753848931650612,percentile,599,306,7,3,0.9950166112956811,0.33812154696132596,0.6596916299559471,0.02264203121489189
by_radar,KCRI,max_mesh_75_mh19_buffer,severe_obs,2.0,2.0,12.76699297380938,percentile,593,303,10,9,0.9850498338870431,0.33816964285714285,0.6552486187845303,0.02194692448421644
by_radar,KCRI,max_mesh_75_mh19_buffer,severe_obs,2.0,3.0,13.489468470002427,percentile,588,299,14,14,0.9767441860465116,0.3370913190529876,0.6526082130965594,0.02747829275995205
by_radar,KCRI,max_mesh_75_mh19_buffer,severe_obs,2.0,4.0,14.157976295055622,percentile,585,293,20,17,0.9717607973421927,0.3337129840546697,0.6536312849162011,0.04523238905644119
by_radar,KCRI,max_mesh_75_mh19_buffer,severe_obs,2.0,5.0,15.017534092270497,percentile,582,287,26,20,0.9667774086378738,0.3302646720368239,0.6546681664791901,0.06267830984787563
by_radar,KCRI,max_mesh_75_mh19_buffer,severe_obs,2.0,6.0,15.627665763021225,percentile,579,281,32,23,0.9617940199335548,0.3267441860465116,0.6557191392978482,0.0798240100565682
by_radar,KCRI,max_mesh_75_mh19_buffer,severe_obs,2.0,7.0,16.240051458817053,percentile,574,277,36,28,0.9534883720930233,0.3254994124559342,0.6530147895335608,0.08467288309592609
by_radar,KCRI,max_mesh_75_mh19_buffer,severe_obs,2.0,8.0,16.926773807970665,percentile,570,271,42,32,0.946843853820598,0.3222354340071344,0.6529209621993127,0.09921340173694933
by_radar,KCRI,max_mesh_75_mh19_buffer,severe_obs,2.0,9.0,17.433683704102734,percentile,566,266,47,36,0.9401993355481728,0.31971153846153844,0.652073732718894,0.10970997029466915
by_radar,KCRI,max_mesh_75_mh19_buffer,severe_obs,2.0,10.0,18.39819711523598,percentile,563,260,53,39,0.9352159468438538,0.3159173754556501,0.6531322505800464,0.12587904135368375
by_radar,KCRI,max_mesh_75_mh19_buffer,severe_obs,2.0,11.0,19.18275919859863,percentile,560,254,59,42,0.9302325581395349,0.31203931203931207,0.6542056074766355,0.14178158588521597
by_radar,KCRI,max_mesh_75_mh19_buffer,severe_obs,2.0,12.0,19.683250410621465,percentile,559,246,67,43,0.9285714285714286,0.30559006211180123,0.6591981132075472,0.16892688215974982
by_radar,KCRI,max_mesh_75_mh19_buffer,severe_obs,2.0,13.0,19.87772826112072,percentile,555,241,72,47,0.9219269102990033,0.3027638190954774,0.6583629893238434,0.17851776573790626
by_radar,KCRI,max_mesh_75_mh19_buffer,severe_obs,2.0,14.0,20.546553074073376,percentile,553,234,79,49,0.9186046511627907,0.29733163913595934,0.6614832535885168,0.1992720795826672
by_radar,KCRI,max_mesh_75_mh19_buffer,severe_obs,2.0,15.0,21.215310527724164,percentile,550,227,86,52,0.9136212624584718,0.29214929214929214,0.6634499396863691,0.21758199321435467
by_radar,KCRI,max_mesh_75_mh19_buffer,severe_obs,2.0,16.0,21.859881389897414,percentile,547,221,92,55,0.9086378737541528,0.2877604166666667,0.6646415552855407,0.23211646872092387
by_radar,KCRI,max_mesh_75_mh19_buffer,severe_obs,2.0,17.0,22.622105659744832,percentile,546,213,100,56,0.9069767441860465,0.28063241106719367,0.6699386503067485,0.2574642737548985
by_radar,KCRI,max_mesh_75_mh19_buffer,severe_obs,2.0,18.0,22.899408699747717,percentile,543,207,106,59,0.9019933554817275,0.276,0.6711990111248455,0.2714619252873563
by_radar,KCRI,max_mesh_75_mh19_buffer,severe_obs,2.0,19.0,23.51978245275144,percentile,541,200,113,61,0.8986710963455149,0.2699055330634278,0.6745635910224439,0.29067871367852655
by_radar,KCRI,max_mesh_75_mh19_buffer,severe_obs,2.0,20.0,23.951642192581804,percentile,538,194,119,64,0.893687707641196,0.2650273224043716,0.6758793969849246,0.3042071197411003
by_radar,KCRI,max_mesh_75_mh19_buffer,severe_obs,2.0,21.0,24.632039534487674,percentile,536,187,126,66,0.8903654485049833,0.25864453665283543,0.679340937896071,0.32288238958942095
by_radar,KCRI,max_mesh_75_mh19_buffer,severe_obs,2.0,22.0,24.95274508295652,percentile,534,179,134,68,0.8870431893687708,0.25105189340813466,0.6837387964148528,0.3444817314580898
by_radar,KCRI,max_mesh_75_mh19_buffer,severe_obs,2.0,23.0,25.284638014125544,percentile,527,177,136,75,0.8754152823920266,0.25142045454545453,0.6765083440308087,0.33621975162217094
by_radar,KCRI,max_mesh_75_mh19_buffer,severe_obs,2.0,24.0,25.57335372423988,percentile,521,174,139,81,0.8654485049833887,0.2503597122302158,0.6713917525773195,0.33330952210872206
by_radar,KCRI,max_mesh_75_mh19_buffer,severe_obs,2.0,25.0,26.071414336138808,percentile,517,169,144,85,0.8588039867109635,0.24635568513119532,0.6705577172503242,0.3408229715011799
by_radar,KCRI,max_mesh_75_mh19_buffer,severe_obs,2.0,26.0,26.42502081127469,percentile,514,163,150,88,0.8538205980066446,0.24076809453471196,0.6718954248366014,0.35337873792503455
by_radar,KCRI,max_mesh_75_mh19_buffer,severe_obs,2.0,27.0,26.67090702241956,percentile,512,156,157,90,0.8504983388704319,0.23353293413173654,0.6754617414248021,0.3708668503932606
by_radar,KCRI,max_mesh_75_mh19_buffer,severe_obs,2.0,28.0,27.1842011458997,percentile,509,150,163,93,0.845514950166113,0.2276176024279211,0.6768617021276596,0.3830245380557691
by_radar,KCRI,max_mesh_75_mh19_buffer,severe_obs,2.0,29.0,27.57648838879819,percentile,503,146,167,99,0.8355481727574751,0.22496147919876733,0.6724598930481284,0.382895319997027
by_radar,KCRI,max_mesh_75_mh19_buffer,severe_obs,2.0,30.0,27.891395142757478,percentile,496,144,169,106,0.8239202657807309,0.225,0.6648793565683646,0.37477792658594583
by_radar,KCRI,max_mesh_75_mh19_buffer,severe_obs,2.0,31.0,28.221315748856977,percentile,491,140,173,111,0.8156146179401993,0.2218700475435816,0.6617250673854448,0.37670807200566664
by_radar,KCRI,max_mesh_75_mh19_buffer,severe_obs,2.0,32.0,28.67140321967937,percentile,486,136,177,116,0.8073089700996677,0.21864951768488747,0.6585365853658537,0.37861115902035186
by_radar,KCRI,max_mesh_75_mh19_buffer,severe_obs,2.0,33.0,28.80697499258559,percentile,481,132,181,121,0.7990033222591362,0.21533442088091354,0.6553133514986376,0.38048775266074886
by_radar,KCRI,max_mesh_75_mh19_buffer,severe_obs,2.0,34.0,29.099586422215154,percentile,474,130,183,128,0.7873754152823921,0.2152317880794702,0.6475409836065574,0.37261144804052365
by_radar,KCRI,max_mesh_75_mh19_buffer,severe_obs,2.0,35.0,29.443950818134162,percentile,470,125,188,132,0.7807308970099668,0.21008403361344538,0.6464924346629987,0.379333553282745
by_radar,KCRI,max_mesh_75_mh19_buffer,severe_obs,2.0,36.0,29.77088804551528,percentile,464,121,192,138,0.770764119601329,0.20683760683760682,0.6417704011065007,0.3792385367961966
by_radar,KCRI,max_mesh_75_mh19_buffer,severe_obs,2.0,37.0,30.29532961807261,percentile,459,117,196,143,0.7624584717607974,0.203125,0.6383866481223922,0.3810586784471051
by_radar,KCRI,max_mesh_75_mh19_buffer,severe_obs,2.0,38.0,30.546474649803486,percentile,456,111,202,146,0.7574750830564784,0.19576719576719576,0.6395511921458625,0.39231252277325973
by_radar,KCRI,max_mesh_75_mh19_buffer,severe_obs,2.0,39.0,30.83059868415216,percentile,450,108,205,152,0.7475083056478405,0.1935483870967742,0.6338028169014085,0.38932355840315425
by_radar,KCRI,max_mesh_75_mh19_buffer,severe_obs,2.0,40.0,31.093458043077685,percentile,445,104,209,157,0.739202657807309,0.1894353369763206,0.6303116147308782,0.39104059729351376
by_radar,KCRI,max_mesh_75_mh19_buffer,severe_obs,2.0,41.0,31.340417015068958,percentile,438,102,211,164,0.7275747508305648,0.18888888888888888,0.6221590909090909,0.3834637890417205
by_radar,KCRI,max_mesh_75_mh19_buffer,severe_obs,2.0,42.0,31.49645890530689,percentile,433,98,215,169,0.7192691029900332,0.18455743879472694,0.6185714285714285,0.38519670534588585
by_radar,KCRI,max_mesh_75_mh19_buffer,severe_obs,2.0,43.0,31.845826295469504,percentile,427,94,219,175,0.7093023255813954,0.18042226487523993,0.6135057471264368,0.38506374590579645
by_radar,KCRI,max_mesh_75_mh19_buffer,severe_obs,2.0,44.0,31.97444420389482,percentile,419,93,220,183,0.6960132890365448,0.181640625,0.6028776978417266,0.373135217518654
by_radar,KCRI,max_mesh_75_mh19_buffer,severe_obs,2.0,45.0,32.20268242832917,percentile,413,90,223,189,0.686046511627907,0.17892644135188868,0.596820809248555,0.37038644709874885
by_radar,KCRI,max_mesh_75_mh19_buffer,severe_obs,2.0,46.0,32.506666577543335,percentile,408,86,227,194,0.6777408637873754,0.17408906882591094,0.5930232558139535,0.3721573086574655
by_radar,KCRI,max_mesh_75_mh19_buffer,severe_obs,2.0,47.0,32.620862216923264,percentile,402,83,230,200,0.6677740863787376,0.1711340206185567,0.5868613138686132,0.3694495513374648
by_radar,KCRI,max_mesh_75_mh19_buffer,severe_obs,2.0,48.0,32.83545777869072,percentile,397,79,234,205,0.659468438538206,0.16596638655462184,0.5829662261380323,0.37120401871917846
by_radar,KCRI,max_mesh_75_mh19_buffer,severe_obs,2.0,49.0,32.96132351694718,percentile,392,75,238,210,0.6511627906976745,0.16059957173447537,0.5790251107828656,0.372936539807198
by_radar,KCRI,max_mesh_75_mh19_buffer,severe_obs,2.0,50.0,33.18774907028196,percentile,387,71,242,215,0.6428571428571429,0.15502183406113537,0.575037147102526,0.3746475238249998
by_radar,KCRI,max_mesh_75_mh19_buffer,severe_obs,2.0,51.0,33.528806966499666,percentile,381,67,246,221,0.632890365448505,0.14955357142857142,0.5695067264573991,0.37459357600899945
by_radar,KCRI,max_mesh_75_mh19_buffer,severe_obs,2.0,52.0,33.76823594494966,percentile,375,64,249,227,0.6229235880398671,0.14578587699316628,0.5630630630630631,0.37195577874275576
by_radar,KCRI,max_mesh_75_mh19_buffer,severe_obs,2.0,53.0,33.93016982959024,percentile,368,62,251,234,0.6112956810631229,0.14418604651162792,0.5542168674698795,0.36506001500375096
by_radar,KCRI,max_mesh_75_mh19_buffer,severe_obs,2.0,54.0,34.18954471638818,percentile,361,60,253,241,0.5996677740863787,0.14251781472684086,0.5453172205438066,0.3582478370588194
by_radar,KCRI,max_mesh_75_mh19_buffer,severe_obs,2.0,55.0,34.436191048938376,percentile,353,59,254,249,0.5863787375415282,0.14320388349514562,0.5340393343419062,0.34727928812632886
by_radar,KCRI,max_mesh_75_mh19_buffer,severe_obs,2.0,56.0,34.8616948866202,percentile,346,57,256,256,0.574750830564784,0.141439205955335,0.5250379362670713,0.34065516630099707
by_radar,KCRI,max_mesh_75_mh19_buffer,severe_obs,2.0,57.0,35.11069648480993,percentile,340,54,259,262,0.5647840531561462,0.13705583756345177,0.5182926829268293,0.33829789181717485
by_radar,KCRI,max_mesh_75_mh19_buffer,severe_obs,2.0,58.0,35.36545994804999,percentile,332,52,261,270,0.5514950166112956,0.13541666666666666,0.5076452599388379,0.33016409990587786
by_radar,KCRI,max_mesh_75_mh19_buffer,severe_obs,2.0,59.0,35.63360885431265,percentile,326,49,264,276,0.5415282392026578,0.13066666666666665,0.500768049155146,0.32789775231379464
by_radar,KCRI,max_mesh_75_mh19_buffer,severe_obs,2.0,60.0,35.88514450896405,percentile,318,48,265,284,0.5282392026578073,0.13114754098360656,0.48923076923076925,0.31743421052631576
by_radar,KCRI,max_mesh_75_mh19_buffer,severe_obs,2.0,61.0,36.13443631913733,percentile,313,44,269,289,0.5199335548172758,0.12324929971988796,0.4845201238390093,0.3193561141677668
by_radar,KCRI,max_mesh_75_mh19_buffer,severe_obs,2.0,62.0,36.35008262688915,percentile,306,42,271,296,0.5083056478405316,0.1206896551724138,0.4751552795031056,0.31312714043948137
by_radar,KCRI,max_mesh_75_mh19_buffer,severe_obs,2.0,63.0,36.536111247397045,percentile,298,41,272,304,0.4950166112956811,0.12094395280235988,0.463452566096423,0.3029287261597981
by_radar,KCRI,max_mesh_75_mh19_buffer,severe_obs,2.0,64.0,36.788583759685935,percentile,291,39,274,311,0.4833887043189369,0.11818181818181818,0.4539781591263651,0.2968647082070873
by_radar,KCRI,max_mesh_75_mh19_buffer,severe_obs,2.0,65.0,37.12782783688067,percentile,281,39,274,321,0.46677740863787376,0.121875,0.43837753510140404,0.2813352241736664
by_radar,KCRI,max_mesh_75_mh19_buffer,severe_obs,2.0,66.0,37.40596367983263,percentile,273,39,274,329,0.45348837209302323,0.125,0.42589703588143524,0.2690519296143376
by_radar,KCRI,max_mesh_75_mh19_buffer,severe_obs,2.0,67.0,37.63317120691156,percentile,265,37,276,337,0.44019933554817275,0.12251655629139073,0.41471048513302033,0.2617656703023609
by_radar,KCRI,max_mesh_75_mh19_buffer,severe_obs,2.0,68.0,37.84783096326971,percentile,256,37,276,346,0.42524916943521596,0.12627986348122866,0.40062597809076683,0.2482189324106034
by_radar,KCRI,max_mesh_75_mh19_buffer,severe_obs,2.0,69.0,38.068033573576315,percentile,252,32,281,350,0.4186046511627907,0.11267605633802817,0.39747634069400634,0.25434236294516954
by_radar,KCRI,max_mesh_75_mh19_buffer,severe_obs,2.0,70.0,38.38126032263241,percentile,245,30,283,357,0.4069767441860465,0.10909090909090909,0.3876582278481013,0.24875094143479967
by_radar,KCRI,max_mesh_75_mh19_buffer,severe_obs,2.0,71.0,38.699450909924614,percentile,237,29,284,365,0.39368770764119604,0.10902255639097744,0.375594294770206,0.23935977179316223
by_radar,KCRI,max_mesh_75_mh19_buffer,severe_obs,2.0,72.0,39.10984145457669,percentile,228,28,285,374,0.3787375415282392,0.109375,0.3619047619047619,0.22861888324532448
by_radar,KCRI,max_mesh_75_mh19_buffer,severe_obs,2.0,73.0,39.36720055813972,percentile,219,28,285,383,0.3637873754152824,0.11336032388663968,0.3476190476190476,0.21562758761656659
by_radar,KCRI,max_mesh_75_mh19_buffer,severe_obs,2.0,74.0,39.691598602278184,percentile,210,28,285,392,0.3488372093023256,0.11764705882352941,0.3333333333333333,0.2027764869888476
by_radar,KCRI,max_mesh_75_mh19_buffer,severe_obs,2.0,75.0,39.97533877710841,percentile,203,26,287,399,0.3372093023255814,0.11353711790393013,0.3232484076433121,0.19761518129615455
by_radar,KCRI,max_mesh_75_mh19_buffer,severe_obs,2.0,76.0,40.39037055027302,percentile,194,26,287,408,0.3222591362126246,0.11818181818181818,0.3089171974522293,0.18499743458183684
by_radar,KCRI,max_mesh_75_mh19_buffer,severe_obs,2.0,77.0,40.68737823346293,percentile,187,24,289,415,0.3106312292358804,0.11374407582938388,0.2987220447284345,0.1799853424816934
by_radar,KCRI,max_mesh_75_mh19_buffer,severe_obs,2.0,78.0,41.09541920024181,percentile,179,23,290,423,0.2973421926910299,0.11386138613861387,0.2864,0.17131009722775012
by_radar,KCRI,max_mesh_75_mh19_buffer,severe_obs,2.0,79.0,41.65515384725565,percentile,172,20,293,430,0.2857142857142857,0.10416666666666667,0.2765273311897106,0.16875613212689414
by_radar,KCRI,max_mesh_75_mh19_buffer,severe_obs,2.0,80.0,41.93389989811741,percentile,164,19,294,438,0.2724252491694352,0.10382513661202186,0.2640901771336554,0.16023520764424845
by_radar,KCRI,max_mesh_75_mh19_buffer,severe_obs,2.0,81.0,42.440415418299494,percentile,155,19,294,447,0.2574750830564784,0.10919540229885058,0.249597423510467,0.14814681626390488
by_radar,KCRI,max_mesh_75_mh19_buffer,severe_obs,2.0,82.0,42.767482194961396,percentile,147,18,295,455,0.2441860465116279,0.10909090909090909,0.23709677419354838,0.1398205288733864
by_radar,KCRI,max_mesh_75_mh19_buffer,severe_obs,2.0,83.0,43.06589650047999,percentile,141,15,298,461,0.23421926910299004,0.09615384615384616,0.22852512155591573,0.1388167182735998
by_radar,KCRI,max_mesh_75_mh19_buffer,severe_obs,2.0,84.0,43.528943378630096,percentile,132,15,298,470,0.21926910299003322,0.10204081632653061,0.21393841166936792,0.12702347018867033
by_radar,KCRI,max_mesh_75_mh19_buffer,severe_obs,2.0,85.0,44.3189372509818,percentile,125,13,300,477,0.20764119601328904,0.09420289855072464,0.2032520325203252,0.12251344559524649
by_radar,KCRI,max_mesh_75_mh19_buffer,severe_obs,2.0,86.0,44.72290190321454,percentile,118,10,303,484,0.19601328903654486,0.078125,0.19281045751633988,0.12032586145828063
by_radar,KCRI,max_mesh_75_mh19_buffer,severe_obs,2.0,87.0,45.39732918463344,percentile,111,8,305,491,0.18438538205980065,0.06722689075630252,0.1819672131147541,0.11589752129486736
by_radar,KCRI,max_mesh_75_mh19_buffer,severe_obs,2.0,88.0,46.08262302735353,percentile,103,7,306,499,0.17109634551495018,0.06363636363636363,0.16912972085385877,0.10798782367447596
by_radar,KCRI,max_mesh_75_mh19_buffer,severe_obs,2.0,89.0,46.51470412035469,percentile,94,7,306,508,0.15614617940199335,0.06930693069306931,0.15435139573070608,0.09664884470354132
by_radar,KCRI,max_mesh_75_mh19_buffer,severe_obs,2.0,90.0,46.823433876846664,percentile,86,6,307,516,0.14285714285714285,0.06521739130434782,0.14144736842105263,0.08891313553664147
by_radar,KCRI,max_mesh_75_mh19_buffer,severe_obs,2.0,91.0,47.75231042915526,percentile,78,5,308,524,0.12956810631229235,0.060240963855421686,0.128500823723229,0.08125380806046584
by_radar,KCRI,max_mesh_75_mh19_buffer,severe_obs,2.0,92.0,48.44674190136257,percentile,69,5,308,533,0.11461794019933555,0.06756756756756757,0.11367380560131796,0.07021328034692999
by_radar,KCRI,max_mesh_75_mh19_buffer,severe_obs,2.0,93.0,49.28392029442243,percentile,59,5,308,543,0.09800664451827243,0.078125,0.09719934102141681,0.05807256346579403
by_radar,KCRI,max_mesh_75_mh19_buffer,severe_obs,2.0,94.0,49.76776094171313,percentile,50,5,308,552,0.08305647840531562,0.09090909090909091,0.08237232289950576,0.047258078084253224
by_radar,KCRI,max_mesh_75_mh19_buffer,severe_obs,2.0,95.0,50.077777969498186,percentile,42,4,309,560,0.06976744186046512,0.08695652173913043,0.06930693069306931,0.039952672937254435
by_radar,KCRI,max_mesh_75_mh19_buffer,severe_obs,2.0,96.0,50.9774451655111,percentile,35,2,311,567,0.05813953488372093,0.05405405405405406,0.057947019867549666,0.03610565467649874
by_radar,KCRI,max_mesh_75_mh19_buffer,severe_obs,2.0,97.0,51.60683456204829,percentile,27,1,312,575,0.044850498338870434,0.03571428571428571,0.04477611940298507,0.028923716415655436
by_radar,KCRI,max_mesh_75_mh19_buffer,severe_obs,2.0,98.0,52.680696947323014,percentile,18,1,312,584,0.029900332225913623,0.05263157894736842,0.029850746268656716,0.01845457596100774
by_radar,KCRI,max_mesh_75_mh19_buffer,severe_obs,2.0,99.0,56.51694700808791,percentile,9,1,312,593,0.014950166112956811,0.1,0.014925373134328358,0.008084826805854655
by_radar,KCRI,max_mesh_75_mh19_buffer,severe_obs,2.0,100.0,58.88607877121947,percentile,1,0,313,601,0.0016611295681063123,0.0,0.0016611295681063123,0.0011370633613118732
by_radar,KCRI,max_mesh_75_mh19_buffer,sig_severe_obs,2.0,0.0,3.3345214227396527,percentile,134,781,0,0,1.0,0.853551912568306,0.146448087431694,0.0
by_radar,KCRI,max_mesh_75_mh19_buffer,sig_severe_obs,2.0,1.0,9.753848931650612,percentile,133,772,9,1,0.9925373134328358,0.8530386740331491,0.1467991169977925,0.0012003191436782015
by_radar,KCRI,max_mesh_75_mh19_buffer,sig_severe_obs,2.0,2.0,12.76699297380938,percentile,133,763,18,1,0.9925373134328358,0.8515625,0.14827201783723523,0.004644593220773378
by_radar,KCRI,max_mesh_75_mh19_buffer,sig_severe_obs,2.0,3.0,13.489468470002427,percentile,132,755,26,2,0.9850746268656716,0.8511837655016911,0.1484814398200225,0.005519031613828591
by_radar,KCRI,max_mesh_75_mh19_buffer,sig_severe_obs,2.0,4.0,14.157976295055622,percentile,132,746,35,2,0.9850746268656716,0.8496583143507973,0.15,0.009057792655311607
by_radar,KCRI,max_mesh_75_mh19_buffer,sig_severe_obs,2.0,5.0,15.017534092270497,percentile,131,738,43,3,0.9776119402985075,0.8492520138089759,0.15022935779816513,0.009984624437653043
by_radar,KCRI,max_mesh_75_mh19_buffer,sig_severe_obs,2.0,6.0,15.627665763021225,percentile,130,730,51,4,0.9701492537313433,0.8488372093023255,0.15046296296296297,0.010927352252477799
by_radar,KCRI,max_mesh_75_mh19_buffer,sig_severe_obs,2.0,7.0,16.240051458817053,percentile,128,723,58,6,0.9552238805970149,0.8495887191539365,0.14935822637106183,0.009168056778969915
by_radar,KCRI,max_mesh_75_mh19_buffer,sig_severe_obs,2.0,8.0,16.926773807970665,percentile,128,713,68,6,0.9552238805970149,0.8478002378121284,0.1511216056670602,0.01327659931877187
by_radar,KCRI,max_mesh_75_mh19_buffer,sig_severe_obs,2.0,9.0,17.433683704102734,percentile,126,706,75,8,0.9402985074626866,0.8485576923076923,0.15,0.011505279052947888
by_radar,KCRI,max_mesh_75_mh19_buffer,sig_severe_obs,2.0,10.0,18.39819711523598,percentile,126,697,84,8,0.9402985074626866,0.8469015795868773,0.15162454873646208,0.015289478866294911
by_radar,KCRI,max_mesh_75_mh19_buffer,sig_severe_obs,2.0,11.0,19.18275919859863,percentile,125,689,92,9,0.9328358208955224,0.8464373464373465,0.15188335358444716,0.016322997591133398
by_radar,KCRI,max_mesh_75_mh19_buffer,sig_severe_obs,2.0,12.0,19.683250410621465,percentile,125,680,101,9,0.9328358208955224,0.84472049689441,0.15356265356265356,0.02021928836186465
by_radar,KCRI,max_mesh_75_mh19_buffer,sig_severe_obs,2.0,13.0,19.87772826112072,percentile,124,672,109,10,0.9253731343283582,0.8442211055276382,0.15384615384615385,0.021316704881575603
by_radar,KCRI,max_mesh_75_mh19_buffer,sig_severe_obs,2.0,14.0,20.546553074073376,percentile,124,663,118,10,0.9253731343283582,0.8424396442185514,0.15558343789209536,0.02533084097948873
by_radar,KCRI,max_mesh_75_mh19_buffer,sig_severe_obs,2.0,15.0,21.215310527724164,percentile,124,653,128,10,0.9253731343283582,0.8404118404118404,0.15756035578144853,0.029878671867129142
by_radar,KCRI,max_mesh_75_mh19_buffer,sig_severe_obs,2.0,16.0,21.859881389897414,percentile,123,645,136,11,0.917910447761194,0.83984375,0.15789473684210525,0.031098972407046906
by_radar,KCRI,max_mesh_75_mh19_buffer,sig_severe_obs,2.0,17.0,22.622105659744832,percentile,123,636,145,11,0.917910447761194,0.8379446640316206,0.15974025974025974,0.035324426454700554
by_radar,KCRI,max_mesh_75_mh19_buffer,sig_severe_obs,2.0,18.0,22.899408699747717,percentile,123,627,154,11,0.917910447761194,0.836,0.1616294349540079,0.039630836047774155
by_radar,KCRI,max_mesh_75_mh19_buffer,sig_severe_obs,2.0,19.0,23.51978245275144,percentile,123,618,163,11,0.917910447761194,0.8340080971659919,0.16356382978723405,0.04402055023196249
by_radar,KCRI,max_mesh_75_mh19_buffer,sig_severe_obs,2.0,20.0,23.951642192581804,percentile,122,610,171,12,0.9104477611940298,0.8333333333333334,0.1639784946236559,0.04542664211172499
by_radar,KCRI,max_mesh_75_mh19_buffer,sig_severe_obs,2.0,21.0,24.632039534487674,percentile,122,601,180,12,0.9104477611940298,0.8312586445366529,0.16598639455782313,0.04996011118055661
by_radar,KCRI,max_mesh_75_mh19_buffer,sig_severe_obs,2.0,22.0,24.95274508295652,percentile,122,591,190,12,0.9104477611940298,0.8288920056100981,0.16827586206896553,0.05510334445926761
by_radar,KCRI,max_mesh_75_mh19_buffer,sig_severe_obs,2.0,23.0,25.284638014125544,percentile,121,583,198,13,0.9029850746268657,0.828125,0.16875871687587168,0.05666513290134199
by_radar,KCRI,max_mesh_75_mh19_buffer,sig_severe_obs,2.0,24.0,25.57335372423988,percentile,119,576,205,15,0.8880597014925373,0.8287769784172662,0.1676056338028169,0.05506094098117164
by_radar,KCRI,max_mesh_75_mh19_buffer,sig_severe_obs,2.0,25.0,26.071414336138808,percentile,119,567,214,15,0.8880597014925373,0.826530612244898,0.16975748930099857,0.05988503880293476
by_radar,KCRI,max_mesh_75_mh19_buffer,sig_severe_obs,2.0,26.0,26.42502081127469,percentile,118,559,222,16,0.8805970149253731,0.8257016248153619,0.17027417027417027,0.061545157314373676
by_radar,KCRI,max_mesh_75_mh19_buffer,sig_severe_obs,2.0,27.0,26.67090702241956,percentile,118,550,231,16,0.8805970149253731,0.8233532934131736,0.17251461988304093,0.06653857384383009
by_radar,KCRI,max_mesh_75_mh19_buffer,sig_severe_obs,2.0,28.0,27.1842011458997,percentile,118,541,240,16,0.8805970149253731,0.8209408194233687,0.1748148148148148,0.07163791957127999
by_radar,KCRI,max_mesh_75_mh19_buffer,sig_severe_obs,2.0,29.0,27.57648838879819,percentile,117,532,249,17,0.8731343283582089,0.8197226502311248,0.17567567567567569,0.07405905480605994
by_radar,KCRI,max_mesh_75_mh19_buffer,sig_severe_obs,2.0,30.0,27.891395142757478,percentile,117,523,258,17,0.8731343283582089,0.8171875,0.1780821917808219,0.07935679815163316
by_radar,KCRI,max_mesh_75_mh19_buffer,sig_severe_obs,2.0,31.0,28.221315748856977,percentile,117,514,267,17,0.8731343283582089,0.8145800316957211,0.18055555555555555,0.08477076179155985
by_radar,KCRI,max_mesh_75_mh19_buffer,sig_severe_obs,2.0,32.0,28.67140321967937,percentile,116,506,275,18,0.8656716417910447,0.8135048231511254,0.18125,0.08681939037490191
by_radar,KCRI,max_mesh_75_mh19_buffer,sig_severe_obs,2.0,33.0,28.80697499258559,percentile,114,499,282,20,0.8507462686567164,0.8140293637846656,0.18009478672985782,0.08538945843869951
by_radar,KCRI,max_mesh_75_mh19_buffer,sig_severe_obs,2.0,34.0,29.099586422215154,percentile,113,491,290,21,0.8432835820895522,0.8129139072847682,0.1808,0.08749157573656306
by_radar,KCRI,max_mesh_75_mh19_buffer,sig_severe_obs,2.0,35.0,29.443950818134162,percentile,112,483,298,22,0.835820895522388,0.8117647058823529,0.18152350081037277,0.08964192483869379
by_radar,KCRI,max_mesh_75_mh19_buffer,sig_severe_obs,2.0,36.0,29.77088804551528,percentile,112,473,308,22,0.835820895522388,0.8085470085470086,0.18451400329489293,0.09614751399407309
by_radar,KCRI,max_mesh_75_mh19_buffer,sig_severe_obs,2.0,37.0,30.29532961807261,percentile,111,465,316,23,0.8283582089552238,0.8072916666666666,0.18530884808013356,0.09845300253189092
by_radar,KCRI,max_mesh_75_mh19_buffer,sig_severe_obs,2.0,38.0,30.546474649803486,percentile,111,456,325,23,0.8283582089552238,0.8042328042328042,0.188135593220339,0.1045521688231292
by_radar,KCRI,max_mesh_75_mh19_buffer,sig_severe_obs,2.0,39.0,30.83059868415216,percentile,110,448,333,24,0.8208955223880597,0.8028673835125448,0.18900343642611683,0.10701436617621517
by_radar,KCRI,max_mesh_75_mh19_buffer,sig_severe_obs,2.0,40.0,31.093458043077685,percentile,108,441,340,26,0.8059701492537313,0.8032786885245902,0.18782608695652173,0.10570662581386442
by_radar,KCRI,max_mesh_75_mh19_buffer,sig_severe_obs,2.0,41.0,31.340417015068958,percentile,106,434,347,28,0.7910447761194029,0.8037037037037037,0.18661971830985916,0.1043666179368207
by_radar,KCRI,max_mesh_75_mh19_buffer,sig_severe_obs,2.0,42.0,31.49645890530689,percentile,106,425,356,28,0.7910447761194029,0.800376647834275,0.18962432915921287,0.11084439696503613
by_radar,KCRI,max_mesh_75_mh19_buffer,sig_severe_obs,2.0,43.0,31.845826295469504,percentile,105,416,365,29,0.7835820895522388,0.7984644913627639,0.19090909090909092,0.11425351916588536
by_radar,KCRI,max_mesh_75_mh19_buffer,sig_severe_obs,2.0,44.0,31.97444420389482,percentile,102,410,371,32,0.7611940298507462,0.80078125,0.1875,0.10893772280412625
by_radar,KCRI,max_mesh_75_mh19_buffer,sig_severe_obs,2.0,45.0,32.20268242832917,percentile,98,405,376,36,0.7313432835820896,0.805168986083499,0.18181818181818182,0.09939939872916252
by_radar,KCRI,max_mesh_75_mh19_buffer,sig_severe_obs,2.0,46.0,32.506666577543335,percentile,97,397,384,37,0.7238805970149254,0.8036437246963563,0.18267419962335216,0.10202429515996274
by_radar,KCRI,max_mesh_75_mh19_buffer,sig_severe_obs,2.0,47.0,32.620862216923264,percentile,96,389,392,38,0.7164179104477612,0.8020618556701031,0.1835564053537285,0.10471924015536027
by_radar,KCRI,max_mesh_75_mh19_buffer,sig_severe_obs,2.0,48.0,32.83545777869072,percentile,95,381,400,39,0.7089552238805971,0.8004201680672269,0.18446601941747573,0.10748707563251599
by_radar,KCRI,max_mesh_75_mh19_buffer,sig_severe_obs,2.0,49.0,32.96132351694718,percentile,94,373,408,40,0.7014925373134329,0.7987152034261242,0.1854043392504931,0.11033079934739463
by_radar,KCRI,max_mesh_75_mh19_buffer,sig_severe_obs,2.0,50.0,33.18774907028196,percentile,92,366,415,42,0.6865671641791045,0.7991266375545851,0.184,0.10888536673859492
by_radar,KCRI,max_mesh_75_mh19_buffer,sig_severe_obs,2.0,51.0,33.528806966499666,percentile,92,356,425,42,0.6865671641791045,0.7946428571428571,0.18775510204081633,0.11709086324691005
by_radar,KCRI,max_mesh_75_mh19_buffer,sig_severe_obs,2.0,52.0,33.76823594494966,percentile,92,347,434,42,0.6865671641791045,0.7904328018223234,0.19126819126819128,0.12469906035515181
by_radar,KCRI,max_mesh_75_mh19_buffer,sig_severe_obs,2.0,53.0,33.93016982959024,percentile,92,338,443,42,0.6865671641791045,0.786046511627907,0.19491525423728814,0.132528316950252
by_radar,KCRI,max_mesh_75_mh19_buffer,sig_severe_obs,2.0,54.0,34.18954471638818,percentile,88,333,448,46,0.6567164179104478,0.7909738717339667,0.18843683083511778,0.12205662321485986
by_radar,KCRI,max_mesh_75_mh19_buffer,sig_severe_obs,2.0,55.0,34.436191048938376,percentile,85,327,454,49,0.6343283582089553,0.7936893203883495,0.1843817787418655,0.11597383175648938
by_radar,KCRI,max_mesh_75_mh19_buffer,sig_severe_obs,2.0,56.0,34.8616948866202,percentile,83,320,461,51,0.6194029850746269,0.794044665012407,0.1828193832599119,0.11447994135922432
by_radar,KCRI,max_mesh_75_mh19_buffer,sig_severe_obs,2.0,57.0,35.11069648480993,percentile,82,312,469,52,0.6119402985074627,0.7918781725888325,0.18385650224215247,0.11778728994935475
by_radar,KCRI,max_mesh_75_mh19_buffer,sig_severe_obs,2.0,58.0,35.36545994804999,percentile,81,303,478,53,0.6044776119402985,0.7890625,0.1853546910755149,0.12213185000727649
by_radar,KCRI,max_mesh_75_mh19_buffer,sig_severe_obs,2.0,59.0,35.63360885431265,percentile,78,297,484,56,0.582089552238806,0.792,0.18097447795823665,0.11565156679945789
by_radar,KCRI,max_mesh_75_mh19_buffer,sig_severe_obs,2.0,60.0,35.88514450896405,percentile,77,289,492,57,0.5746268656716418,0.7896174863387978,0.18203309692671396,0.11914460285132383
by_radar,KCRI,max_mesh_75_mh19_buffer,sig_severe_obs,2.0,61.0,36.13443631913733,percentile,77,280,501,57,0.5746268656716418,0.7843137254901961,0.1859903381642512,0.1279281878112724
by_radar,KCRI,max_mesh_75_mh19_buffer,sig_severe_obs,2.0,62.0,36.35008262688915,percentile,77,271,510,57,0.5746268656716418,0.7787356321839081,0.19012345679012346,0.13700591777229518
by_radar,KCRI,max_mesh_75_mh19_buffer,sig_severe_obs,2.0,63.0,36.536111247397045,percentile,75,264,517,59,0.5597014925373134,0.7787610619469026,0.1884422110552764,0.1356892815469245
by_radar,KCRI,max_mesh_75_mh19_buffer,sig_severe_obs,2.0,64.0,36.788583759685935,percentile,75,255,526,59,0.5597014925373134,0.7727272727272727,0.1928020565552699,0.14521599428775436
by_radar,KCRI,max_mesh_75_mh19_buffer,sig_severe_obs,2.0,65.0,37.12782783688067,percentile,75,245,536,59,0.5597014925373134,0.765625,0.19788918205804748,0.15619596541786743
by_radar,KCRI,max_mesh_75_mh19_buffer,sig_severe_obs,2.0,66.0,37.40596367983263,percentile,74,238,543,60,0.5522388059701493,0.7628205128205128,0.1989247311827957,0.15965531907024907
by_radar,KCRI,max_mesh_75_mh19_buffer,sig_severe_obs,2.0,67.0,37.63317120691156,percentile,74,228,553,60,0.5522388059701493,0.7549668874172185,0.20441988950276244,0.1713311782241733
by_radar,KCRI,max_mesh_75_mh19_buffer,sig_severe_obs,2.0,68.0,37.84783096326971,percentile,73,220,561,61,0.5447761194029851,0.7508532423208191,0.2062146892655367,0.17639126019841053
by_radar,KCRI,max_mesh_75_mh19_buffer,sig_severe_obs,2.0,69.0,38.068033573576315,percentile,71,213,568,63,0.5298507462686567,0.75,0.20461095100864554,0.17567029423093244
by_radar,KCRI,max_mesh_75_mh19_buffer,sig_severe_obs,2.0,70.0,38.38126032263241,percentile,70,205,576,64,0.5223880597014925,0.7454545454545455,0.20648967551622419,0.18101053121932553
by_radar,KCRI,max_mesh_75_mh19_buffer,sig_severe_obs,2.0,71.0,38.699450909924614,percentile,68,198,583,66,0.5074626865671642,0.7443609022556391,0.20481927710843373,0.1803523439832786
by_radar,KCRI,max_mesh_75_mh19_buffer,sig_severe_obs,2.0,72.0,39.10984145457669,percentile,66,190,591,68,0.4925373134328358,0.7421875,0.2037037037037037,0.18100068692279403
by_radar,KCRI,max_mesh_75_mh19_buffer,sig_severe_obs,2.0,73.0,39.36720055813972,percentile,63,184,597,71,0.4701492537313433,0.7449392712550608,0.19811320754716982,0.17383391344066795
by_radar,KCRI,max_mesh_75_mh19_buffer,sig_severe_obs,2.0,74.0,39.691598602278184,percentile,61,177,604,73,0.4552238805970149,0.7436974789915967,0.19614147909967847,0.1729815326324314
by_radar,KCRI,max_mesh_75_mh19_buffer,sig_severe_obs,2.0,75.0,39.97533877710841,percentile,57,172,609,77,0.4253731343283582,0.7510917030567685,0.18627450980392157,0.15857563346419326
by_radar,KCRI,max_mesh_75_mh19_buffer,sig_severe_obs,2.0,76.0,40.39037055027302,percentile,55,165,616,79,0.41044776119402987,0.75,0.18394648829431437,0.15735044347990187
by_radar,KCRI,max_mesh_75_mh19_buffer,sig_severe_obs,2.0,77.0,40.68737823346293,percentile,52,159,622,82,0.3880597014925373,0.7535545023696683,0.17747440273037543,0.14900801537470043
by_radar,KCRI,max_mesh_75_mh19_buffer,sig_severe_obs,2.0,78.0,41.09541920024181,percentile,50,152,629,84,0.373134328358209,0.7524752475247525,0.17482517482517482,0.14750655339039256
by_radar,KCRI,max_mesh_75_mh19_buffer,sig_severe_obs,2.0,79.0,41.65515384725565,percentile,49,143,638,85,0.3656716417910448,0.7447916666666666,0.17689530685920576,0.1548165973893386
by_radar,KCRI,max_mesh_75_mh19_buffer,sig_severe_obs,2.0,80.0,41.93389989811741,percentile,47,136,645,87,0.35074626865671643,0.7431693989071039,0.17407407407407408,0.1533788914198937
by_radar,KCRI,max_mesh_75_mh19_buffer,sig_severe_obs,2.0,81.0,42.440415418299494,percentile,43,131,650,91,0.3208955223880597,0.7528735632183908,0.16226415094339622,0.1363079748966784
by_radar,KCRI,max_mesh_75_mh19_buffer,sig_severe_obs,2.0,82.0,42.767482194961396,percentile,42,123,658,92,0.31343283582089554,0.7454545454545455,0.16342412451361868,0.14230593159374796
by_radar,KCRI,max_mesh_75_mh19_buffer,sig_severe_obs,2.0,83.0,43.06589650047999,percentile,39,117,664,95,0.291044776119403,0.75,0.1553784860557769,0.13224360522854767
by_radar,KCRI,max_mesh_75_mh19_buffer,sig_severe_obs,2.0,84.0,43.528943378630096,percentile,36,111,670,98,0.26865671641791045,0.7551020408163265,0.1469387755102041,0.12164303528860596
by_radar,KCRI,max_mesh_75_mh19_buffer,sig_severe_obs,2.0,85.0,44.3189372509818,percentile,34,104,677,100,0.2537313432835821,0.7536231884057971,0.14285714285714285,0.11909616038056405
by_radar,KCRI,max_mesh_75_mh19_buffer,sig_severe_obs,2.0,86.0,44.72290190321454,percentile,32,96,685,102,0.23880597014925373,0.75,0.1391304347826087,0.1180765823216146
by_radar,KCRI,max_mesh_75_mh19_buffer,sig_severe_obs,2.0,87.0,45.39732918463344,percentile,30,89,692,104,0.22388059701492538,0.7478991596638656,0.13452914798206278,0.11526880858504131
by_radar,KCRI,max_mesh_75_mh19_buffer,sig_severe_obs,2.0,88.0,46.08262302735353,percentile,28,82,699,106,0.208955223880597,0.7454545454545455,0.12962962962962962,0.11229229022602952
by_radar,KCRI,max_mesh_75_mh19_buffer,sig_severe_obs,2.0,89.0,46.51470412035469,percentile,28,73,708,106,0.208955223880597,0.7227722772277227,0.13526570048309178,0.12860388280298155
by_radar,KCRI,max_mesh_75_mh19_buffer,sig_severe_obs,2.0,90.0,46.823433876846664,percentile,26,66,715,108,0.19402985074626866,0.717391304347826,0.13,0.12586337531707426
by_radar,KCRI,max_mesh_75_mh19_buffer,sig_severe_obs,2.0,91.0,47.75231042915526,percentile,23,60,721,111,0.17164179104477612,0.7228915662650602,0.11855670103092783,0.11256246065191622
by_radar,KCRI,max_mesh_75_mh19_buffer,sig_severe_obs,2.0,92.0,48.44674190136257,percentile,20,54,727,114,0.14925373134328357,0.7297297297297297,0.10638297872340426,0.09835296325841116
by_radar,KCRI,max_mesh_75_mh19_buffer,sig_severe_obs,2.0,93.0,49.28392029442243,percentile,18,46,735,116,0.13432835820895522,0.71875,0.1,0.09625772781036228
by_radar,KCRI,max_mesh_75_mh19_buffer,sig_severe_obs,2.0,94.0,49.76776094171313,percentile,15,40,741,119,0.11194029850746269,0.7272727272727273,0.08620689655172414,0.08034387938936123
by_radar,KCRI,max_mesh_75_mh19_buffer,sig_severe_obs,2.0,95.0,50.077777969498186,percentile,13,33,748,121,0.09701492537313433,0.717391304347826,0.07784431137724551,0.07522379439792087
by_radar,KCRI,max_mesh_75_mh19_buffer,sig_severe_obs,2.0,96.0,50.9774451655111,percentile,10,27,754,124,0.07462686567164178,0.7297297297297297,0.062111801242236024,0.057209534012514586
by_radar,KCRI,max_mesh_75_mh19_buffer,sig_severe_obs,2.0,97.0,51.60683456204829,percentile,7,21,760,127,0.05223880597014925,0.75,0.04516129032258064,0.03770447536347228
by_radar,KCRI,max_mesh_75_mh19_buffer,sig_severe_obs,2.0,98.0,52.680696947323014,percentile,5,14,767,129,0.03731343283582089,0.7368421052631579,0.033783783783783786,0.030080872923508
by_radar,KCRI,max_mesh_75_mh19_buffer,sig_severe_obs,2.0,99.0,56.51694700808791,percentile,3,7,774,131,0.022388059701492536,0.7,0.02127659574468085,0.021769445305237063
by_radar,KCRI,max_mesh_75_mh19_buffer,sig_severe_obs,2.0,100.0,58.88607877121947,percentile,0,1,780,134,0.0,1.0,0.0,-0.0021743186999521324
by_radar,KTLX,max_reflectivity_buffer,severe_obs,2.0,0.0,41.0,percentile,729,369,0,0,1.0,0.3360655737704918,0.6639344262295082,0.0
by_radar,KTLX,max_reflectivity_buffer,severe_obs,2.0,1.0,46.179435844421384,percentile,723,364,5,6,0.9917695473251029,0.33486660533578655,0.6614821591948765,0.006995468344405825
by_radar,KTLX,max_reflectivity_buffer,severe_obs,2.0,2.0,47.433166656494144,percentile,720,356,13,9,0.9876543209876543,0.3308550185873606,0.663594470046083,0.029805220271035774
by_radar,KTLX,max_reflectivity_buffer,severe_obs,2.0,3.0,48.30712779998779,percentile,715,350,19,14,0.9807956104252401,0.3286384976525822,0.6626506024096386,0.04165048124649316
by_radar,KTLX,max_reflectivity_buffer,severe_obs,2.0,4.0,48.7756803894043,percentile,712,342,27,17,0.9766803840877915,0.32447817836812143,0.6647992530345471,0.0637051605455556
by_radar,KTLX,max_reflectivity_buffer,severe_obs,2.0,5.0,49.393402862548825,percentile,710,333,36,19,0.9739368998628258,0.3192713326941515,0.6685499058380414,0.0905163285187852
by_radar,KTLX,max_reflectivity_buffer,severe_obs,2.0,6.0,49.7247395324707,percentile,706,326,43,23,0.9684499314128944,0.31589147286821706,0.6691943127962086,0.10659280708380545
by_radar,KTLX,max_reflectivity_buffer,severe_obs,2.0,7.0,50.05776226043701,percentile,703,318,51,26,0.9643347050754458,0.31145935357492655,0.6714422158548233,0.12744812674123665
by_radar,KTLX,max_reflectivity_buffer,severe_obs,2.0,8.0,50.424541015625,percentile,698,312,57,31,0.9574759945130316,0.3089108910891089,0.6705091258405379,0.1378713585232189
by_radar,KTLX,max_reflectivity_buffer,severe_obs,2.0,9.0,50.78404346466064,percentile,693,306,63,36,0.9506172839506173,0.3063063063063063,0.6695652173913044,0.14810731348768835
by_radar,KTLX,max_reflectivity_buffer,severe_obs,2.0,10.0,51.015620422363284,percentile,692,296,73,37,0.9492455418381345,0.29959514170040485,0.6751219512195122,0.1779108826743292
by_radar,KTLX,max_reflectivity_buffer,severe_obs,2.0,11.0,51.43308116912842,percentile,688,289,80,41,0.943758573388203,0.29580348004094165,0.6758349705304518,0.19250671908219344
by_radar,KTLX,max_reflectivity_buffer,severe_obs,2.0,12.0,51.737120361328124,percentile,684,282,87,45,0.9382716049382716,0.2919254658385093,0.6765578635014837,0.2068471907431707
by_radar,KTLX,max_reflectivity_buffer,severe_obs,2.0,13.0,52.13364532470703,percentile,681,274,95,48,0.934156378600823,0.2869109947643979,0.678963110667996,0.2257479601087942
by_radar,KTLX,max_reflectivity_buffer,severe_obs,2.0,14.0,52.41706184387207,percentile,677,267,102,52,0.9286694101508917,0.2828389830508475,0.679718875502008,0.2395560592442065
by_radar,KTLX,max_reflectivity_buffer,severe_obs,2.0,15.0,52.7023344039917,percentile,671,262,107,58,0.9204389574759945,0.2808145766345123,0.6770938446014128,0.24367468712464643
by_radar,KTLX,max_reflectivity_buffer,severe_obs,2.0,16.0,52.86259765625,percentile,668,254,115,61,0.9163237311385459,0.2754880694143167,0.6795523906408952,0.2617849321910177
by_radar,KTLX,max_reflectivity_buffer,severe_obs,2.0,17.0,53.09152503967285,percentile,664,247,122,65,0.9108367626886146,0.2711306256860593,0.680327868852459,0.2749438073831384
by_radar,KTLX,max_reflectivity_buffer,severe_obs,2.0,18.0,53.35548233032227,percentile,659,241,128,70,0.9039780521262003,0.2677777777777778,0.6793814432989691,0.28327477426423364
by_radar,KTLX,max_reflectivity_buffer,severe_obs,2.0,19.0,53.45416774749756,percentile,656,233,136,73,0.8998628257887518,0.26209223847019125,0.681912681912682,0.30061073850650083
by_radar,KTLX,max_reflectivity_buffer,severe_obs,2.0,20.0,53.56321487426758,percentile,652,226,143,77,0.8943758573388203,0.25740318906605925,0.6827225130890052,0.3131294362480954
by_radar,KTLX,max_reflectivity_buffer,severe_obs,2.0,21.0,53.84498561859131,percentile,647,220,149,82,0.887517146776406,0.2537485582468281,0.6817702845100105,0.32094806295845774
by_radar,KTLX,max_reflectivity_buffer,severe_obs,2.0,22.0,54.113825454711915,percentile,642,214,155,87,0.8806584362139918,0.25,0.6808059384941676,0.3286409009470182
by_radar,KTLX,max_reflectivity_buffer,severe_obs,2.0,23.0,54.29570755004883,percentile,637,208,161,92,0.8737997256515775,0.24615384615384617,0.67982924226254,0.3362109615872901
by_radar,KTLX,max_reflectivity_buffer,severe_obs,2.0,24.0,54.45886260986328,percentile,629,205,164,100,0.8628257887517147,0.24580335731414868,0.6734475374732334,0.33049048184533447
by_radar,KTLX,max_reflectivity_buffer,severe_obs,2.0,25.0,54.661189079284675,percentile,624,199,170,105,0.8559670781893004,0.24179829890643986,0.6724137931034483,0.33792709486236566
by_radar,KTLX,max_reflectivity_buffer,severe_obs,2.0,26.0,54.83527244567871,percentile,621,191,178,108,0.8518518518518519,0.23522167487684728,0.675,0.35389138828863936
by_radar,KTLX,max_reflectivity_buffer,severe_obs,2.0,27.0,54.96691661834717,percentile,614,187,182,115,0.8422496570644719,0.23345817727840198,0.6703056768558951,0.35245527083553024
by_radar,KTLX,max_reflectivity_buffer,severe_obs,2.0,28.0,55.00018386840821,percentile,606,184,185,123,0.831275720164609,0.23291139240506328,0.6637458926615553,0.34678572674317204
by_radar,KTLX,max_reflectivity_buffer,severe_obs,2.0,29.0,55.11885349273682,percentile,596,183,186,133,0.8175582990397805,0.23491655969191272,0.6535087719298246,0.33275641247533666
by_radar,KTLX,max_reflectivity_buffer,severe_obs,2.0,30.0,55.32386054992676,percentile,589,179,190,140,0.8079561042524005,0.23307291666666666,0.6486784140969163,0.3315125906077158
by_radar,KTLX,max_reflectivity_buffer,severe_obs,2.0,31.0,55.444298591613766,percentile,582,175,194,147,0.7983539094650206,0.2311756935270806,0.6438053097345132,0.33028742882471274
by_radar,KTLX,max_reflectivity_buffer,severe_obs,2.0,32.0,55.60346954345703,percentile,573,173,196,156,0.7860082304526749,0.23190348525469168,0.6352549889135255,0.32082303969677484
by_radar,KTLX,max_reflectivity_buffer,severe_obs,2.0,33.0,55.76548847198487,percentile,564,171,198,165,0.7736625514403292,0.23265306122448978,0.6266666666666667,0.31149853874836236
by_radar,KTLX,max_reflectivity_buffer,severe_obs,2.0,34.0,55.87070945739746,percentile,558,167,202,171,0.7654320987654321,0.2303448275862069,0.6227678571428571,0.31202242317060963
by_radar,KTLX,max_reflectivity_buffer,severe_obs,2.0,35.0,55.96355628967285,percentile,550,164,205,179,0.7544581618655692,0.22969187675070027,0.6159014557670772,0.3069329888369936
by_radar,KTLX,max_reflectivity_buffer,severe_obs,2.0,36.0,56.07130615234375,percentile,544,159,210,185,0.7462277091906722,0.22617354196301565,0.6126126126126126,0.30994113584793975
by_radar,KTLX,max_reflectivity_buffer,severe_obs,2.0,37.0,56.264031867980954,percentile,536,156,213,193,0.7352537722908093,0.2254335260115607,0.6056497175141243,0.3049397629697346
by_radar,KTLX,max_reflectivity_buffer,severe_obs,2.0,38.0,56.36185836791992,percentile,529,153,216,200,0.7256515775034293,0.22434017595307917,0.5997732426303855,0.3015342696811444
by_radar,KTLX,max_reflectivity_buffer,severe_obs,2.0,39.0,56.441952323913576,percentile,519,151,218,210,0.7119341563786008,0.2253731343283582,0.5897727272727272,0.29122276223888766
by_radar,KTLX,max_reflectivity_buffer,severe_obs,2.0,40.0,56.55591812133789,percentile,509,150,219,220,0.6982167352537723,0.2276176024279211,0.5790671217292378,0.278660232030426
by_radar,KTLX,max_reflectivity_buffer,severe_obs,2.0,41.0,56.747777023315436,percentile,501,147,222,228,0.6872427983539094,0.22685185185185186,0.571917808219178,0.27401694753879846
by_radar,KTLX,max_reflectivity_buffer,severe_obs,2.0,42.0,56.8527027130127,percentile,493,144,225,236,0.6762688614540466,0.2260596546310832,0.5647193585337915,0.2694380535157112
by_radar,KTLX,max_reflectivity_buffer,severe_obs,2.0,43.0,56.940858421325686,percentile,484,142,227,245,0.663923182441701,0.2268370607028754,0.5556831228473019,0.2611036339165545
by_radar,KTLX,max_reflectivity_buffer,severe_obs,2.0,44.0,57.0903742980957,percentile,477,138,231,252,0.654320987654321,0.22439024390243903,0.5501730103806228,0.26046815256924366
by_radar,KTLX,max_reflectivity_buffer,severe_obs,2.0,45.0,57.153749847412115,percentile,467,137,232,262,0.6406035665294925,0.22682119205298013,0.5392609699769053,0.24854117138534687
by_radar,KTLX,max_reflectivity_buffer,severe_obs,2.0,46.0,57.23402450561523,percentile,457,136,233,272,0.6268861454046639,0.22934232715008432,0.5283236994219653,0.2367751234321813
by_radar,KTLX,max_reflectivity_buffer,severe_obs,2.0,47.0,57.39063785552978,percentile,450,132,237,279,0.6172839506172839,0.2268041237113402,0.5226480836236934,0.23631545280087726
by_radar,KTLX,max_reflectivity_buffer,severe_obs,2.0,48.0,57.48782943725586,percentile,442,129,240,287,0.6063100137174211,0.22591943957968477,0.5151515151515151,0.23217041362824897
by_radar,KTLX,max_reflectivity_buffer,severe_obs,2.0,49.0,57.58300651550293,percentile,434,126,243,295,0.5953360768175583,0.225,0.5076023391812865,0.2280801947759175
by_radar,KTLX,max_reflectivity_buffer,severe_obs,2.0,50.0,57.62592697143555,percentile,427,122,247,302,0.5857338820301783,0.2222222222222222,0.5017626321974148,0.22768670309653916
by_radar,KTLX,max_reflectivity_buffer,severe_obs,2.0,51.0,57.75330345153809,percentile,416,122,247,313,0.5706447187928669,0.22676579925650558,0.4888366627497062,0.21282150167611025
by_radar,KTLX,max_reflectivity_buffer,severe_obs,2.0,52.0,57.88516571044922,percentile,407,120,249,322,0.5582990397805213,0.22770398481973433,0.4793875147232038,0.20534056411919008
by_radar,KTLX,max_reflectivity_buffer,severe_obs,2.0,53.0,57.99064041137695,percentile,396,120,249,333,0.5432098765432098,0.23255813953488372,0.4664310954063604,0.19081085829746114
by_radar,KTLX,max_reflectivity_buffer,severe_obs,2.0,54.0,58.126861572265625,percentile,392,113,256,337,0.5377229080932785,0.22376237623762377,0.4655581947743468,0.2013151386423812
by_radar,KTLX,max_reflectivity_buffer,severe_obs,2.0,55.0,58.1823501586914,percentile,384,110,259,345,0.5267489711934157,0.22267206477732793,0.4576877234803337,0.19757726444823498
by_radar,KTLX,max_reflectivity_buffer,severe_obs,2.0,56.0,58.28024078369141,percentile,376,107,262,353,0.5157750342935528,0.22153209109730848,0.44976076555023925,0.19388663851302823
by_radar,KTLX,max_reflectivity_buffer,severe_obs,2.0,57.0,58.354608116149905,percentile,369,103,266,360,0.5061728395061729,0.21822033898305085,0.44350961538461536,0.19372519912072855
by_radar,KTLX,max_reflectivity_buffer,severe_obs,2.0,58.0,58.558357086181644,percentile,364,97,272,365,0.4993141289437586,0.210412147505423,0.4406779661016949,0.2004879571051661
by_radar,KTLX,max_reflectivity_buffer,severe_obs,2.0,59.0,58.61677036285401,percentile,355,95,274,374,0.4869684499314129,0.2111111111111111,0.4308252427184466,0.1934083283994474
by_radar,KTLX,max_reflectivity_buffer,severe_obs,2.0,60.0,58.77703399658203,percentile,345,94,275,384,0.4732510288065844,0.214123006833713,0.41919805589307413,0.18299756227409006
by_radar,KTLX,max_reflectivity_buffer,severe_obs,2.0,61.0,58.8962470626831,percentile,337,91,278,392,0.46227709190672156,0.21261682242990654,0.41097560975609754,0.17950931521345623
by_radar,KTLX,max_reflectivity_buffer,severe_obs,2.0,62.0,58.997016983032225,percentile,329,88,281,400,0.4513031550068587,0.21103117505995203,0.40269277845777235,0.17606355005674112
by_radar,KTLX,max_reflectivity_buffer,severe_obs,2.0,63.0,59.04243743896484,percentile,321,85,284,408,0.4403292181069959,0.20935960591133004,0.39434889434889436,0.1726594954469174
by_radar,KTLX,max_reflectivity_buffer,severe_obs,2.0,64.0,59.15892028808594,percentile,313,82,287,416,0.42935528120713307,0.20759493670886076,0.38594327990135635,0.1692963985889688
by_radar,KTLX,max_reflectivity_buffer,severe_obs,2.0,65.0,59.242954635620116,percentile,306,78,291,423,0.41975308641975306,0.203125,0.379182156133829,0.16928973334420616
by_radar,KTLX,max_reflectivity_buffer,severe_obs,2.0,66.0,59.33828399658203,percentile,297,76,293,432,0.4074074074074074,0.2037533512064343,0.368944099378882,0.16269015644843146
by_radar,KTLX,max_reflectivity_buffer,severe_obs,2.0,67.0,59.389505310058595,percentile,287,76,293,442,0.3936899862825789,0.209366391184573,0.3565217391304348,0.15079685022440809
by_radar,KTLX,max_reflectivity_buffer,severe_obs,2.0,68.0,59.495903472900395,percentile,281,71,298,448,0.38545953360768176,0.20170454545454544,0.35125,0.15415854016938738
by_radar,KTLX,max_reflectivity_buffer,severe_obs,2.0,69.0,59.56852336883545,percentile,273,68,301,456,0.37448559670781895,0.19941348973607037,0.342534504391468,0.15100002656113043
by_radar,KTLX,max_reflectivity_buffer,severe_obs,2.0,70.0,59.68701248168945,percentile,266,64,305,463,0.36488340192043894,0.19393939393939394,0.3354350567465322,0.1510998441997412
by_radar,KTLX,max_reflectivity_buffer,severe_obs,2.0,71.0,59.79343109130859,percentile,255,64,305,474,0.3497942386831276,0.2006269592476489,0.32156368221941994,0.13838641077476438
by_radar,KTLX,max_reflectivity_buffer,severe_obs,2.0,72.0,59.911647186279296,percentile,245,63,306,484,0.33607681755829905,0.20454545454545456,0.30934343434343436,0.12900362839019552
by_radar,KTLX,max_reflectivity_buffer,severe_obs,2.0,73.0,60.02923168182374,percentile,240,57,312,489,0.3292181069958848,0.1919191919191919,0.3053435114503817,0.13556022736120843
by_radar,KTLX,max_reflectivity_buffer,severe_obs,2.0,74.0,60.1449308013916,percentile,230,56,313,499,0.31550068587105623,0.1958041958041958,0.2929936305732484,0.12630003354925287
by_radar,KTLX,max_reflectivity_buffer,severe_obs,2.0,75.0,60.21186065673828,percentile,222,54,315,507,0.3045267489711934,0.1956521739130435,0.2835249042145594,0.12138950935839174
by_radar,KTLX,max_reflectivity_buffer,severe_obs,2.0,76.0,60.34239730834961,percentile,215,49,320,514,0.29492455418381347,0.1856060606060606,0.2763496143958869,0.12365714868968333
by_radar,KTLX,max_reflectivity_buffer,severe_obs,2.0,77.0,60.42674060821533,percentile,208,45,324,521,0.28532235939643347,0.17786561264822134,0.268733850129199,0.1239057068182395
by_radar,KTLX,max_reflectivity_buffer,severe_obs,2.0,78.0,60.67591957092285,percentile,199,43,326,530,0.2729766803840878,0.17768595041322313,0.25777202072538863,0.11799439804183805
by_radar,KTLX,max_reflectivity_buffer,severe_obs,2.0,79.0,60.83205986022949,percentile,190,41,328,539,0.2606310013717421,0.1774891774891775,0.24675324675324675,0.11214836005922357
by_radar,KTLX,max_reflectivity_buffer,severe_obs,2.0,80.0,61.006786346435554,percentile,180,40,329,549,0.24691358024691357,0.18181818181818182,0.2340702210663199,0.1033217699468417
by_radar,KTLX,max_reflectivity_buffer,severe_obs,2.0,81.0,61.251584129333494,percentile,173,36,333,556,0.23731138545953362,0.1722488038277512,0.2261437908496732,0.10367594132393457
by_radar,KTLX,max_reflectivity_buffer,severe_obs,2.0,82.0,61.45200363159179,percentile,164,34,335,565,0.22496570644718794,0.1717171717171717,0.21494102228047182,0.09800291293292848
by_radar,KTLX,max_reflectivity_buffer,severe_obs,2.0,83.0,61.71148139953613,percentile,156,31,338,573,0.2139917695473251,0.1657754010695187,0.20526315789473684,0.09538657958702644
by_radar,KTLX,max_reflectivity_buffer,severe_obs,2.0,84.0,61.963654022216794,percentile,147,29,340,582,0.20164609053497942,0.16477272727272727,0.19393139841688653,0.08981904320007815
by_radar,KTLX,max_reflectivity_buffer,severe_obs,2.0,85.0,62.16621608734131,percentile,139,26,343,590,0.1906721536351166,0.15757575757575756,0.18410596026490067,0.08727440549928345
by_radar,KTLX,max_reflectivity_buffer,severe_obs,2.0,86.0,62.31635536193848,percentile,134,20,349,595,0.18381344307270234,0.12987012987012986,0.17890520694259013,0.09359974872550678
by_radar,KTLX,max_reflectivity_buffer,severe_obs,2.0,87.0,62.4964241027832,percentile,125,18,351,604,0.17146776406035666,0.1258741258741259,0.16733601070950468,0.08812997188108342
by_radar,KTLX,max_reflectivity_buffer,severe_obs,2.0,88.0,62.85560577392578,percentile,115,17,352,614,0.15775034293552812,0.12878787878787878,0.15415549597855227,0.0798010949341366
by_radar,KTLX,max_reflectivity_buffer,severe_obs,2.0,89.0,63.069573745727546,percentile,106,15,354,623,0.14540466392318244,0.12396694214876033,0.1424731182795699,0.07446074817474851
by_radar,KTLX,max_reflectivity_buffer,severe_obs,2.0,90.0,63.28476676940918,percentile,98,12,357,631,0.13443072702331962,0.10909090909090909,0.13225371120107962,0.07206226785587547
by_radar,KTLX,max_reflectivity_buffer,severe_obs,2.0,91.0,63.477620391845704,percentile,88,11,358,641,0.12071330589849108,0.1111111111111111,0.11891891891891893,0.06394596248440773
by_radar,KTLX,max_reflectivity_buffer,severe_obs,2.0,92.0,63.60198593139648,percentile,79,10,359,650,0.1083676268861454,0.11235955056179775,0.10690121786197564,0.05689990395652276
by_radar,KTLX,max_reflectivity_buffer,severe_obs,2.0,93.0,63.82072849273682,percentile,71,6,363,658,0.09739368998628258,0.07792207792207792,0.09659863945578231,0.056488620745882734
by_radar,KTLX,max_reflectivity_buffer,severe_obs,2.0,94.0,64.13667419433592,percentile,62,4,365,667,0.0850480109739369,0.06060606060606061,0.08458390177353342,0.051403277016848596
by_radar,KTLX,max_reflectivity_buffer,severe_obs,2.0,95.0,64.74842834472656,percentile,52,3,366,677,0.07133058984910837,0.05454545454545454,0.07103825136612021,0.043556457377389377
by_radar,KTLX,max_reflectivity_buffer,severe_obs,2.0,96.0,65.03166229248046,percentile,41,3,366,688,0.056241426611796985,0.06818181818181818,0.056010928961748634,0.03298997453485971
by_radar,KTLX,max_reflectivity_buffer,severe_obs,2.0,97.0,65.66821052551268,percentile,31,2,367,698,0.04252400548696845,0.06060606060606061,0.04240766073871409,0.02531443310735237
by_radar,KTLX,max_reflectivity_buffer,severe_obs,2.0,98.0,66.1613117980957,percentile,21,1,368,708,0.02880658436213992,0.045454545454545456,0.028767123287671233,0.017715596538644983
by_radar,KTLX,max_reflectivity_buffer,severe_obs,2.0,99.0,67.24623802185059,percentile,11,0,369,718,0.015089163237311385,0.0,0.015089163237311385,0.010192320730411987
by_radar,KTLX,max_reflectivity_buffer,severe_obs,2.0,100.0,68.30197143554688,percentile,1,0,369,728,0.0013717421124828531,0.0,0.0013717421124828531,0.0009224054534410223
by_radar,KTLX,max_reflectivity_buffer,sig_severe_obs,2.0,0.0,41.0,percentile,147,951,0,0,1.0,0.8661202185792349,0.13387978142076504,0.0
by_radar,KTLX,max_reflectivity_buffer,sig_severe_obs,2.0,1.0,46.179435844421384,percentile,147,940,11,0,1.0,0.8647654093836247,0.13523459061637536,0.0031235693299103496
by_radar,KTLX,max_reflectivity_buffer,sig_severe_obs,2.0,2.0,47.433166656494144,percentile,146,930,21,1,0.9931972789115646,0.8643122676579925,0.13556174558960074,0.004161674021685127
by_radar,KTLX,max_reflectivity_buffer,sig_severe_obs,2.0,3.0,48.30712779998779,percentile,146,919,32,1,0.9931972789115646,0.8629107981220657,0.13696060037523453,0.007375700868457824
by_radar,KTLX,max_reflectivity_buffer,sig_severe_obs,2.0,4.0,48.7756803894043,percentile,144,910,41,3,0.9795918367346939,0.8633776091081594,0.13623462630085148,0.006292487673742246
by_radar,KTLX,max_reflectivity_buffer,sig_severe_obs,2.0,5.0,49.393402862548825,percentile,143,900,51,4,0.9727891156462585,0.862895493767977,0.13658070678127984,0.007386162495574902
by_radar,KTLX,max_reflectivity_buffer,sig_severe_obs,2.0,6.0,49.7247395324707,percentile,143,889,62,4,0.9727891156462585,0.8614341085271318,0.13803088803088803,0.010714999182754299
by_radar,KTLX,max_reflectivity_buffer,sig_severe_obs,2.0,7.0,50.05776226043701,percentile,142,879,72,5,0.9659863945578231,0.8609206660137121,0.13840155945419103,0.0118681855663806
by_radar,KTLX,max_reflectivity_buffer,sig_severe_obs,2.0,8.0,50.424541015625,percentile,142,868,83,5,0.9659863945578231,0.8594059405940594,0.1399014778325123,0.0152982291775815
by_radar,KTLX,max_reflectivity_buffer,sig_severe_obs,2.0,9.0,50.78404346466064,percentile,142,857,94,5,0.9659863945578231,0.8578578578578578,0.14143426294820718,0.018791169829629216
by_radar,KTLX,max_reflectivity_buffer,sig_severe_obs,2.0,10.0,51.015620422363284,percentile,142,846,105,5,0.9659863945578231,0.8562753036437247,0.14300100704934543,0.022348753554770142
by_radar,KTLX,max_reflectivity_buffer,sig_severe_obs,2.0,11.0,51.43308116912842,percentile,142,835,116,5,0.9659863945578231,0.8546571136131014,0.1446028513238289,0.02597279161571167
by_radar,KTLX,max_reflectivity_buffer,sig_severe_obs,2.0,12.0,51.737120361328124,percentile,142,824,127,5,0.9659863945578231,0.8530020703933747,0.1462409886714727,0.029665163580543028
by_radar,KTLX,max_reflectivity_buffer,sig_severe_obs,2.0,13.0,52.13364532470703,percentile,141,814,137,6,0.9591836734693877,0.8523560209424084,0.14672216441207075,0.031064563410838696
by_radar,KTLX,max_reflectivity_buffer,sig_severe_obs,2.0,14.0,52.41706184387207,percentile,141,803,148,6,0.9591836734693877,0.850635593220339,0.14842105263157895,0.03487682288441104
by_radar,KTLX,max_reflectivity_buffer,sig_severe_obs,2.0,15.0,52.7023344039917,percentile,140,793,158,7,0.9523809523809523,0.84994640943194,0.14893617021276595,0.036353942457692384
by_radar,KTLX,max_reflectivity_buffer,sig_severe_obs,2.0,16.0,52.86259765625,percentile,140,782,169,7,0.9523809523809523,0.8481561822125814,0.15069967707212056,0.04029272378015141
by_radar,KTLX,max_reflectivity_buffer,sig_severe_obs,2.0,17.0,53.09152503967285,percentile,139,772,179,8,0.9455782312925171,0.8474204171240395,0.1512513601741023,0.04185265984225541
by_radar,KTLX,max_reflectivity_buffer,sig_severe_obs,2.0,18.0,53.35548233032227,percentile,138,762,189,9,0.9387755102040817,0.8466666666666667,0.15181518151815182,0.04344377326255415
by_radar,KTLX,max_reflectivity_buffer,sig_severe_obs,2.0,19.0,53.45416774749756,percentile,138,751,200,9,0.9387755102040817,0.8447694038245219,0.15367483296213807,0.0475733939613907
by_radar,KTLX,max_reflectivity_buffer,sig_severe_obs,2.0,20.0,53.56321487426758,percentile,138,740,211,9,0.9387755102040817,0.8428246013667426,0.1555806087936866,0.05178723374817541
by_radar,KTLX,max_reflectivity_buffer,sig_severe_obs,2.0,21.0,53.84498561859131,percentile,137,730,221,10,0.9319727891156463,0.8419838523644751,0.15621436716077536,0.05352986811481769
by_radar,KTLX,max_reflectivity_buffer,sig_severe_obs,2.0,22.0,54.113825454711915,percentile,136,720,231,11,0.9251700680272109,0.8411214953271028,0.1568627450980392,0.055308781469580875
by_radar,KTLX,max_reflectivity_buffer,sig_severe_obs,2.0,23.0,54.29570755004883,percentile,135,710,241,12,0.9183673469387755,0.8402366863905325,0.15752625437572929,0.0571251186389878
by_radar,KTLX,max_reflectivity_buffer,sig_severe_obs,2.0,24.0,54.45886260986328,percentile,134,700,251,13,0.9115646258503401,0.8393285371702638,0.15820543093270367,0.05898007313009801
by_radar,KTLX,max_reflectivity_buffer,sig_severe_obs,2.0,25.0,54.661189079284675,percentile,134,689,262,13,0.9115646258503401,0.8371810449574727,0.16028708133971292,0.06354285880903611
by_radar,KTLX,max_reflectivity_buffer,sig_severe_obs,2.0,26.0,54.83527244567871,percentile,133,679,272,14,0.9047619047619048,0.8362068965517241,0.16101694915254236,0.06550781451488111
by_radar,KTLX,max_reflectivity_buffer,sig_severe_obs,2.0,27.0,54.96691661834717,percentile,132,669,282,15,0.8979591836734694,0.8352059925093633,0.16176470588235295,0.06751592356687898
by_radar,KTLX,max_reflectivity_buffer,sig_severe_obs,2.0,28.0,55.00018386840821,percentile,131,659,292,16,0.891156462585034,0.8341772151898734,0.16253101736972705,0.06956862331558214
by_radar,KTLX,max_reflectivity_buffer,sig_severe_obs,2.0,29.0,55.11885349273682,percentile,128,651,300,19,0.8707482993197279,0.8356867779204108,0.16040100250626566,0.06609184458476468
by_radar,KTLX,max_reflectivity_buffer,sig_severe_obs,2.0,30.0,55.32386054992676,percentile,128,640,311,19,0.8707482993197279,0.8333333333333334,0.16264294790343076,0.07099443044995493
by_radar,KTLX,max_reflectivity_buffer,sig_severe_obs,2.0,31.0,55.444298591613766,percentile,127,630,321,20,0.8639455782312925,0.8322324966974901,0.16344916344916344,0.07315780861624292
by_radar,KTLX,max_reflectivity_buffer,sig_severe_obs,2.0,32.0,55.60346954345703,percentile,125,621,330,22,0.8503401360544217,0.8324396782841823,0.16276041666666666,0.07248650139912505
by_radar,KTLX,max_reflectivity_buffer,sig_severe_obs,2.0,33.0,55.76548847198487,percentile,123,612,339,24,0.8367346938775511,0.8326530612244898,0.16205533596837945,0.07179941144101251
by_radar,KTLX,max_reflectivity_buffer,sig_severe_obs,2.0,34.0,55.87070945739746,percentile,122,603,348,25,0.8299319727891157,0.8317241379310345,0.16266666666666665,0.07357457819767677
by_radar,KTLX,max_reflectivity_buffer,sig_severe_obs,2.0,35.0,55.96355628967285,percentile,120,594,357,27,0.8163265306122449,0.8319327731092437,0.16194331983805668,0.0728847989427054
by_radar,KTLX,max_reflectivity_buffer,sig_severe_obs,2.0,36.0,56.07130615234375,percentile,119,584,367,28,0.8095238095238095,0.8307254623044097,0.16279069767441862,0.07520044920439625
by_radar,KTLX,max_reflectivity_buffer,sig_severe_obs,2.0,37.0,56.264031867980954,percentile,118,574,377,29,0.8027210884353742,0.8294797687861272,0.1636615811373093,0.0775731636977656
by_radar,KTLX,max_reflectivity_buffer,sig_severe_obs,2.0,38.0,56.36185836791992,percentile,118,564,387,29,0.8027210884353742,0.8269794721407625,0.1659634317862166,0.08259432407070819
by_radar,KTLX,max_reflectivity_buffer,sig_severe_obs,2.0,39.0,56.441952323913576,percentile,117,553,398,30,0.7959183673469388,0.8253731343283582,0.16714285714285715,0.0856351933905263
by_radar,KTLX,max_reflectivity_buffer,sig_severe_obs,2.0,40.0,56.55591812133789,percentile,115,544,407,32,0.782312925170068,0.8254931714719271,0.16642547033285093,0.08505559558012968
by_radar,KTLX,max_reflectivity_buffer,sig_severe_obs,2.0,41.0,56.747777023315436,percentile,113,535,416,34,0.7687074829931972,0.8256172839506173,0.1656891495601173,0.08446097438738097
by_radar,KTLX,max_reflectivity_buffer,sig_severe_obs,2.0,42.0,56.8527027130127,percentile,110,527,424,37,0.7482993197278912,0.8273155416012559,0.1632047477744807,0.0805904203671866
by_radar,KTLX,max_reflectivity_buffer,sig_severe_obs,2.0,43.0,56.940858421325686,percentile,108,518,433,39,0.7346938775510204,0.8274760383386581,0.162406015037594,0.07992056686374509
by_radar,KTLX,max_reflectivity_buffer,sig_severe_obs,2.0,44.0,57.0903742980957,percentile,105,510,441,42,0.7142857142857143,0.8292682926829268,0.1598173515981735,0.07588440321651069
by_radar,KTLX,max_reflectivity_buffer,sig_severe_obs,2.0,45.0,57.153749847412115,percentile,103,501,450,44,0.7006802721088435,0.8294701986754967,0.15895061728395063,0.07513191205244953
by_radar,KTLX,max_reflectivity_buffer,sig_severe_obs,2.0,46.0,57.23402450561523,percentile,102,491,460,45,0.6938775510204082,0.8279932546374368,0.15987460815047022,0.07779961076690202
by_radar,KTLX,max_reflectivity_buffer,sig_severe_obs,2.0,47.0,57.39063785552978,percentile,102,480,471,45,0.6938775510204082,0.8247422680412371,0.16267942583732056,0.0840316906443955
by_radar,KTLX,max_reflectivity_buffer,sig_severe_obs,2.0,48.0,57.48782943725586,percentile,100,471,480,47,0.6802721088435374,0.8248686514886164,0.16181229773462782,0.08336314847942755
by_radar,KTLX,max_reflectivity_buffer,sig_severe_obs,2.0,49.0,57.58300651550293,percentile,96,464,487,51,0.6530612244897959,0.8285714285714286,0.15711947626841244,0.07549464886552025
by_radar,KTLX,max_reflectivity_buffer,sig_severe_obs,2.0,50.0,57.62592697143555,percentile,96,453,498,51,0.6530612244897959,0.825136612021858,0.16,0.08196721311475409
by_radar,KTLX,max_reflectivity_buffer,sig_severe_obs,2.0,51.0,57.75330345153809,percentile,92,446,505,55,0.6258503401360545,0.828996282527881,0.1551433389544688,0.07384360510339115
by_radar,KTLX,max_reflectivity_buffer,sig_severe_obs,2.0,52.0,57.88516571044922,percentile,92,435,516,55,0.6258503401360545,0.825426944971537,0.15807560137457044,0.08048687947989623
by_radar,KTLX,max_reflectivity_buffer,sig_severe_obs,2.0,53.0,57.99064041137695,percentile,90,426,525,57,0.6122448979591837,0.8255813953488372,0.15706806282722513,0.07971263470248321
by_radar,KTLX,max_reflectivity_buffer,sig_severe_obs,2.0,54.0,58.126861572265625,percentile,88,417,534,59,0.5986394557823129,0.8257425742574257,0.15602836879432624,0.07891425489843609
by_radar,KTLX,max_reflectivity_buffer,sig_severe_obs,2.0,55.0,58.1823501586914,percentile,86,408,543,61,0.5850340136054422,0.8259109311740891,0.15495495495495495,0.07809059368185871
by_radar,KTLX,max_reflectivity_buffer,sig_severe_obs,2.0,56.0,58.28024078369141,percentile,85,398,553,62,0.5782312925170068,0.8240165631469979,0.1559633027522936,0.081235061065453
by_radar,KTLX,max_reflectivity_buffer,sig_severe_obs,2.0,57.0,58.354608116149905,percentile,84,388,563,63,0.5714285714285714,0.8220338983050848,0.15700934579439252,0.08448235698676636
by_radar,KTLX,max_reflectivity_buffer,sig_severe_obs,2.0,58.0,58.558357086181644,percentile,83,378,573,64,0.564625850340136,0.8199566160520607,0.1580952380952381,0.0878376092472512
by_radar,KTLX,max_reflectivity_buffer,sig_severe_obs,2.0,59.0,58.61677036285401,percentile,80,370,581,67,0.54421768707483,0.8222222222222222,0.15473887814313347,0.0829118932122338
by_radar,KTLX,max_reflectivity_buffer,sig_severe_obs,2.0,60.0,58.77703399658203,percentile,79,360,591,68,0.5374149659863946,0.8200455580865603,0.15581854043392504,0.08635552393061696
by_radar,KTLX,max_reflectivity_buffer,sig_severe_obs,2.0,61.0,58.8962470626831,percentile,78,350,601,69,0.5306122448979592,0.8177570093457944,0.15694164989939638,0.08991964677815627
by_radar,KTLX,max_reflectivity_buffer,sig_severe_obs,2.0,62.0,58.997016983032225,percentile,78,339,612,69,0.5306122448979592,0.8129496402877698,0.16049382716049382,0.09803210959301271
by_radar,KTLX,max_reflectivity_buffer,sig_severe_obs,2.0,63.0,59.04243743896484,percentile,77,329,622,70,0.5238095238095238,0.8103448275862069,0.16176470588235295,0.10193715023676281
by_radar,KTLX,max_reflectivity_buffer,sig_severe_obs,2.0,64.0,59.15892028808594,percentile,75,320,631,72,0.5102040816326531,0.810126582278481,0.16059957173447537,0.10140171111472987
by_radar,KTLX,max_reflectivity_buffer,sig_severe_obs,2.0,65.0,59.242954635620116,percentile,74,310,641,73,0.5034013605442177,0.8072916666666666,0.16192560175054704,0.10551705654887247
by_radar,KTLX,max_reflectivity_buffer,sig_severe_obs,2.0,66.0,59.33828399658203,percentile,72,301,650,75,0.4897959183673469,0.806970509383378,0.16071428571428573,0.10502972048437235
by_radar,KTLX,max_reflectivity_buffer,sig_severe_obs,2.0,67.0,59.389505310058595,percentile,68,295,656,79,0.46258503401360546,0.8126721763085399,0.15384615384615385,0.09399944402525715
by_radar,KTLX,max_reflectivity_buffer,sig_severe_obs,2.0,68.0,59.495903472900395,percentile,68,284,667,79,0.46258503401360546,0.8068181818181818,0.15777262180974477,0.10314706557399182
by_radar,KTLX,max_reflectivity_buffer,sig_severe_obs,2.0,69.0,59.56852336883545,percentile,68,273,678,79,0.46258503401360546,0.8005865102639296,0.1619047619047619,0.11266616158137613
by_radar,KTLX,max_reflectivity_buffer,sig_severe_obs,2.0,70.0,59.68701248168945,percentile,66,264,687,81,0.4489795918367347,0.8,0.16058394160583941,0.11228751001813811
by_radar,KTLX,max_reflectivity_buffer,sig_severe_obs,2.0,71.0,59.79343109130859,percentile,62,257,694,85,0.4217687074829932,0.8056426332288401,0.15346534653465346,0.10138268697862075
by_radar,KTLX,max_reflectivity_buffer,sig_severe_obs,2.0,72.0,59.911647186279296,percentile,62,246,705,85,0.4217687074829932,0.7987012987012987,0.15776081424936386,0.11148108488697872
by_radar,KTLX,max_reflectivity_buffer,sig_severe_obs,2.0,73.0,60.02923168182374,percentile,61,236,715,86,0.41496598639455784,0.7946127946127947,0.15926892950391644,0.11653847883776368
by_radar,KTLX,max_reflectivity_buffer,sig_severe_obs,2.0,74.0,60.1449308013916,percentile,58,228,723,89,0.3945578231292517,0.7972027972027972,0.15466666666666667,0.1106017631276351
by_radar,KTLX,max_reflectivity_buffer,sig_severe_obs,2.0,75.0,60.21186065673828,percentile,58,218,733,89,0.3945578231292517,0.7898550724637681,0.1589041095890411,0.1205916881897159
by_radar,KTLX,max_reflectivity_buffer,sig_severe_obs,2.0,76.0,60.34239730834961,percentile,56,208,743,91,0.38095238095238093,0.7878787878787878,0.15774647887323945,0.121393130690303
by_radar,KTLX,max_reflectivity_buffer,sig_severe_obs,2.0,77.0,60.42674060821533,percentile,53,200,751,94,0.36054421768707484,0.7905138339920948,0.15273775216138327,0.1151423449500847
by_radar,KTLX,max_reflectivity_buffer,sig_severe_obs,2.0,78.0,60.67591957092285,percentile,50,192,759,97,0.3401360544217687,0.7933884297520661,0.14749262536873156,0.10858096377825346
by_radar,KTLX,max_reflectivity_buffer,sig_severe_obs,2.0,79.0,60.83205986022949,percentile,49,182,769,98,0.3333333333333333,0.7878787878787878,0.14893617021276595,0.11433756805807622
by_radar,KTLX,max_reflectivity_buffer,sig_severe_obs,2.0,80.0,61.006786346435554,percentile,47,173,778,100,0.3197278911564626,0.7863636363636364,0.146875,0.11390362001383444
by_radar,KTLX,max_reflectivity_buffer,sig_severe_obs,2.0,81.0,61.251584129333494,percentile,47,162,789,100,0.3197278911564626,0.7751196172248804,0.15210355987055016,0.12677800644726536
by_radar,KTLX,max_reflectivity_buffer,sig_severe_obs,2.0,82.0,61.45200363159179,percentile,43,155,796,104,0.2925170068027211,0.7828282828282829,0.1423841059602649,0.1129638987142777
by_radar,KTLX,max_reflectivity_buffer,sig_severe_obs,2.0,83.0,61.71148139953613,percentile,41,146,805,106,0.2789115646258503,0.7807486631016043,0.13993174061433447,0.1124540503088974
by_radar,KTLX,max_reflectivity_buffer,sig_severe_obs,2.0,84.0,61.963654022216794,percentile,40,136,815,107,0.272108843537415,0.7727272727272727,0.1413427561837456,0.11916410815093592
by_radar,KTLX,max_reflectivity_buffer,sig_severe_obs,2.0,85.0,62.16621608734131,percentile,39,126,825,108,0.2653061224489796,0.7636363636363637,0.14285714285714285,0.12627777437718063
by_radar,KTLX,max_reflectivity_buffer,sig_severe_obs,2.0,86.0,62.31635536193848,percentile,38,116,835,109,0.2585034013605442,0.7532467532467533,0.1444866920152091,0.13383259355870164
by_radar,KTLX,max_reflectivity_buffer,sig_severe_obs,2.0,87.0,62.4964241027832,percentile,38,105,846,109,0.2585034013605442,0.7342657342657343,0.15079365079365079,0.14981655558691356
by_radar,KTLX,max_reflectivity_buffer,sig_severe_obs,2.0,88.0,62.85560577392578,percentile,38,94,857,109,0.2585034013605442,0.7121212121212122,0.15767634854771784,0.1668572966426697
by_radar,KTLX,max_reflectivity_buffer,sig_severe_obs,2.0,89.0,63.069573745727546,percentile,36,85,866,111,0.24489795918367346,0.7024793388429752,0.15517241379310345,0.1680853531253624
by_radar,KTLX,max_reflectivity_buffer,sig_severe_obs,2.0,90.0,63.28476676940918,percentile,34,76,875,113,0.23129251700680273,0.6909090909090909,0.15246636771300448,0.16940035061597944
by_radar,KTLX,max_reflectivity_buffer,sig_severe_obs,2.0,91.0,63.477620391845704,percentile,31,68,883,116,0.2108843537414966,0.6868686868686869,0.14418604651162792,0.1616999029053701
by_radar,KTLX,max_reflectivity_buffer,sig_severe_obs,2.0,92.0,63.60198593139648,percentile,25,64,887,122,0.17006802721088435,0.7191011235955056,0.11848341232227488,0.12334200427537538
by_radar,KTLX,max_reflectivity_buffer,sig_severe_obs,2.0,93.0,63.82072849273682,percentile,23,54,897,124,0.1564625850340136,0.7012987012987013,0.11442786069651742,0.12480184851822994
by_radar,KTLX,max_reflectivity_buffer,sig_severe_obs,2.0,94.0,64.13667419433592,percentile,21,45,906,126,0.14285714285714285,0.6818181818181818,0.109375,0.12454888795635753
by_radar,KTLX,max_reflectivity_buffer,sig_severe_obs,2.0,95.0,64.74842834472656,percentile,17,38,913,130,0.11564625850340136,0.6909090909090909,0.0918918918918919,0.10291500102127163
by_radar,KTLX,max_reflectivity_buffer,sig_severe_obs,2.0,96.0,65.03166229248046,percentile,15,29,922,132,0.10204081632653061,0.6590909090909091,0.08522727272727272,0.10165563923529591
by_radar,KTLX,max_reflectivity_buffer,sig_severe_obs,2.0,97.0,65.66821052551268,percentile,13,20,931,134,0.08843537414965986,0.6060606060606061,0.07784431137724551,0.10027775117325927
by_radar,KTLX,max_reflectivity_buffer,sig_severe_obs,2.0,98.0,66.1613117980957,percentile,8,14,937,139,0.05442176870748299,0.6363636363636364,0.049689440993788817,0.06197862574960635
by_radar,KTLX,max_reflectivity_buffer,sig_severe_obs,2.0,99.0,67.24623802185059,percentile,5,6,945,142,0.034013605442176874,0.5454545454545454,0.032679738562091505,0.04549779735682819
by_radar,KTLX,max_reflectivity_buffer,sig_severe_obs,2.0,100.0,68.30197143554688,percentile,1,0,951,146,0.006802721088435374,0.0,0.006802721088435374,0.011725540965415202
by_radar,KTLX,max_hdr_size_buffer,severe_obs,2.0,0.0,10.947486877441406,percentile,729,369,0,0,1.0,0.3360655737704918,0.6639344262295082,0.0
by_radar,KTLX,max_hdr_size_buffer,severe_obs,2.0,1.0,11.946419858932495,percentile,722,365,4,7,0.99039780521262,0.3357865685372585,0.659963436928702,0.0016278762814026133
by_radar,KTLX,max_hdr_size_buffer,severe_obs,2.0,2.0,12.487864055633544,percentile,719,357,12,10,0.9862825788751715,0.33178438661710036,0.6620626151012892,0.024489084491698985
by_radar,KTLX,max_hdr_size_buffer,severe_obs,2.0,3.0,12.638219995498655,percentile,718,347,22,11,0.9849108367626886,0.32582159624413143,0.6672862453531598,0.05744745133583668
by_radar,KTLX,max_hdr_size_buffer,severe_obs,2.0,4.0,12.94075366973877,percentile,717,337,32,12,0.9835390946502057,0.31973434535104367,0.6726078799249531,0.08978579674205824
by_radar,KTLX,max_hdr_size_buffer,severe_obs,2.0,5.0,13.149100017547607,percentile,712,331,38,17,0.9766803840877915,0.3173537871524449,0.6716981132075471,0.10085137024016265
by_radar,KTLX,max_hdr_size_buffer,severe_obs,2.0,6.0,13.372595138549805,percentile,711,321,48,18,0.9753086419753086,0.311046511627907,0.6771428571428572,0.13219186705275085
by_radar,KTLX,max_hdr_size_buffer,severe_obs,2.0,7.0,13.620113344192506,percentile,711,310,59,18,0.9753086419753086,0.3036238981390793,0.6843118383060636,0.1680319347997838
by_radar,KTLX,max_hdr_size_buffer,severe_obs,2.0,8.0,14.100465850830076,percentile,708,302,67,21,0.9711934156378601,0.299009900990099,0.6867119301648884,0.1881412501545181
by_radar,KTLX,max_hdr_size_buffer,severe_obs,2.0,9.0,14.459855136871337,percentile,705,294,75,24,0.9670781893004116,0.29429429429429427,0.6891495601173021,0.20788925640083303
by_radar,KTLX,max_hdr_size_buffer,severe_obs,2.0,10.0,14.705209732055664,percentile,701,288,81,28,0.9615912208504801,0.29120323559150657,0.6892822025565388,0.21924743813034145
by_radar,KTLX,max_hdr_size_buffer,severe_obs,2.0,11.0,15.062962589263915,percentile,701,276,93,28,0.9615912208504801,0.28249744114636643,0.6975124378109453,0.2561274018211721
by_radar,KTLX,max_hdr_size_buffer,severe_obs,2.0,12.0,15.4055655670166,percentile,698,268,101,31,0.9574759945130316,0.2774327122153209,0.7001003009027081,0.2747624160006362
by_radar,KTLX,max_hdr_size_buffer,severe_obs,2.0,13.0,15.819979267120363,percentile,692,263,106,37,0.9492455418381345,0.2753926701570681,0.6975806451612904,0.2786471678032244
by_radar,KTLX,max_hdr_size_buffer,severe_obs,2.0,14.0,16.20226083755493,percentile,688,256,113,41,0.943758573388203,0.2711864406779661,0.698477157360406,0.2920004689515026
by_radar,KTLX,max_hdr_size_buffer,severe_obs,2.0,15.0,16.61234493255615,percentile,684,249,120,45,0.9382716049382716,0.26688102893890675,0.6993865030674846,0.3051261187957689
by_radar,KTLX,max_hdr_size_buffer,severe_obs,2.0,16.0,16.870069427490236,percentile,677,245,124,52,0.9286694101508917,0.26572668112798264,0.6950718685831622,0.303968650351531
by_radar,KTLX,max_hdr_size_buffer,severe_obs,2.0,17.0,17.42133062362671,percentile,673,238,131,56,0.9231824417009602,0.26125137211855104,0.6959669079627715,0.3167739723418035
by_radar,KTLX,max_hdr_size_buffer,severe_obs,2.0,18.0,17.741007080078123,percentile,669,231,138,60,0.9176954732510288,0.25666666666666665,0.696875,0.3293664286523858
by_radar,KTLX,max_hdr_size_buffer,severe_obs,2.0,19.0,17.93209535598755,percentile,665,224,145,64,0.9122085048010974,0.25196850393700787,0.6977964323189927,0.3417512833002361
by_radar,KTLX,max_hdr_size_buffer,severe_obs,2.0,20.0,18.18589630126953,percentile,659,219,150,70,0.9039780521262003,0.24943052391799544,0.6951476793248945,0.3448660299528039
by_radar,KTLX,max_hdr_size_buffer,severe_obs,2.0,21.0,18.359058475494386,percentile,654,213,156,75,0.897119341563786,0.24567474048442905,0.6942675159235668,0.3524272918279332
by_radar,KTLX,max_hdr_size_buffer,severe_obs,2.0,22.0,18.596383628845214,percentile,646,210,159,83,0.8861454046639232,0.24532710280373832,0.6879659211927582,0.34648433215108415
by_radar,KTLX,max_hdr_size_buffer,severe_obs,2.0,23.0,18.987754135131834,percentile,639,206,163,90,0.8765432098765432,0.24378698224852072,0.6834224598930482,0.3450614820994595
by_radar,KTLX,max_hdr_size_buffer,severe_obs,2.0,24.0,19.189665756225587,percentile,632,202,167,97,0.8669410150891632,0.2422062350119904,0.6788399570354458,0.343661160891
by_radar,KTLX,max_hdr_size_buffer,severe_obs,2.0,25.0,19.31037950515747,percentile,625,198,171,104,0.8573388203017832,0.24058323207776428,0.674217907227616,0.34228283765932377
by_radar,KTLX,max_hdr_size_buffer,severe_obs,2.0,26.0,19.684956130981444,percentile,618,194,175,111,0.8477366255144033,0.23891625615763548,0.6695557963163596,0.3409259980870736
by_radar,KTLX,max_hdr_size_buffer,severe_obs,2.0,27.0,19.87667261123657,percentile,612,189,180,117,0.8395061728395061,0.23595505617977527,0.6666666666666666,0.3438785194558684
by_radar,KTLX,max_hdr_size_buffer,severe_obs,2.0,28.0,20.131139755249023,percentile,607,184,185,122,0.8326474622770919,0.23261694058154236,0.664841182913472,0.34845893399420574
by_radar,KTLX,max_hdr_size_buffer,severe_obs,2.0,29.0,20.342124004364013,percentile,599,180,189,130,0.821673525377229,0.23106546854942234,0.658965896589659,0.34542559451694416
by_radar,KTLX,max_hdr_size_buffer,severe_obs,2.0,30.0,20.51756172180176,percentile,593,175,194,136,0.813443072702332,0.22786458333333334,0.6559734513274337,0.34827716513792983
by_radar,KTLX,max_hdr_size_buffer,severe_obs,2.0,31.0,20.836600704193117,percentile,582,175,194,147,0.7983539094650206,0.2311756935270806,0.6438053097345132,0.33028742882471274
by_radar,KTLX,max_hdr_size_buffer,severe_obs,2.0,32.0,20.973132934570312,percentile,573,173,196,156,0.7860082304526749,0.23190348525469168,0.6352549889135255,0.32082303969677484
by_radar,KTLX,max_hdr_size_buffer,severe_obs,2.0,33.0,21.148656177520753,percentile,564,171,198,165,0.7736625514403292,0.23265306122448978,0.6266666666666667,0.31149853874836236
by_radar,KTLX,max_hdr_size_buffer,severe_obs,2.0,34.0,21.397963180541993,percentile,555,170,199,174,0.7613168724279835,0.23448275862068965,0.6173526140155728,0.29980980346357905
by_radar,KTLX,max_hdr_size_buffer,severe_obs,2.0,35.0,21.508681011199947,percentile,548,166,203,181,0.7517146776406035,0.23249299719887956,0.6122905027932961,0.2988505747126437
by_radar,KTLX,max_hdr_size_buffer,severe_obs,2.0,36.0,21.785314178466795,percentile,540,163,206,189,0.7407407407407407,0.23186344238975817,0.6053811659192825,0.2938932552862639
by_radar,KTLX,max_hdr_size_buffer,severe_obs,2.0,37.0,21.945447101593018,percentile,534,158,211,195,0.7325102880658436,0.22832369942196531,0.6020293122886133,0.29697345652812696
by_radar,KTLX,max_hdr_size_buffer,severe_obs,2.0,38.0,22.12501510620117,percentile,527,154,215,202,0.7229080932784636,0.2261380323054332,0.5968289920724802,0.2960549774709067
by_radar,KTLX,max_hdr_size_buffer,severe_obs,2.0,39.0,22.31499629974365,percentile,520,150,219,209,0.7133058984910837,0.22388059701492538,0.5915813424345847,0.2951495059383952
by_radar,KTLX,max_hdr_size_buffer,severe_obs,2.0,40.0,22.49668006896973,percentile,511,148,221,218,0.700960219478738,0.22458270106221548,0.5826681870011402,0.28645849979225924
by_radar,KTLX,max_hdr_size_buffer,severe_obs,2.0,41.0,22.664126586914062,percentile,503,145,224,226,0.6899862825788752,0.22376543209876543,0.5755148741418764,0.28176076676505124
by_radar,KTLX,max_hdr_size_buffer,severe_obs,2.0,42.0,22.81410446166992,percentile,496,141,228,233,0.6803840877914952,0.22135007849293564,0.5701149425287356,0.2809732421444105
by_radar,KTLX,max_hdr_size_buffer,severe_obs,2.0,43.0,22.99134986877441,percentile,486,140,229,243,0.6666666666666666,0.22364217252396165,0.5592635212888377,0.2687408056590191
by_radar,KTLX,max_hdr_size_buffer,severe_obs,2.0,44.0,23.106081924438477,percentile,478,137,232,251,0.6556927297668038,0.22276422764227644,0.5519630484988453,0.2642606235817091
by_radar,KTLX,max_hdr_size_buffer,severe_obs,2.0,45.0,23.180283832550053,percentile,469,135,234,260,0.6433470507544582,0.22350993377483444,0.5428240740740741,0.25607459322609527
by_radar,KTLX,max_hdr_size_buffer,severe_obs,2.0,46.0,23.376857681274412,percentile,462,131,238,267,0.6337448559670782,0.2209106239460371,0.5372093023255814,0.25548161550492193
by_radar,KTLX,max_hdr_size_buffer,severe_obs,2.0,47.0,23.48167953491211,percentile,453,129,240,276,0.6213991769547325,0.22164948453608246,0.527972027972028,0.24746413232203235
by_radar,KTLX,max_hdr_size_buffer,severe_obs,2.0,48.0,23.701815643310542,percentile,445,126,243,284,0.6104252400548696,0.22066549912434325,0.52046783625731,0.24324487881630308
by_radar,KTLX,max_hdr_size_buffer,severe_obs,2.0,49.0,23.849633865356445,percentile,436,124,245,293,0.598079561042524,0.22142857142857142,0.511137162954279,0.23541434969491118
by_radar,KTLX,max_hdr_size_buffer,severe_obs,2.0,50.0,24.10197162628174,percentile,427,122,247,302,0.5857338820301783,0.2222222222222222,0.5017626321974148,0.22768670309653916
by_radar,KTLX,max_hdr_size_buffer,severe_obs,2.0,51.0,24.300566539764404,percentile,418,120,249,311,0.5733882030178327,0.22304832713754646,0.4923439340400471,0.2200599246492035
by_radar,KTLX,max_hdr_size_buffer,severe_obs,2.0,52.0,24.454695739746093,percentile,408,119,250,321,0.5596707818930041,0.22580645161290322,0.4811320754716981,0.2089363081729494
by_radar,KTLX,max_hdr_size_buffer,severe_obs,2.0,53.0,24.579239768981935,percentile,401,115,254,328,0.5500685871056241,0.22286821705426357,0.47511848341232227,0.20867375325778206
by_radar,KTLX,max_hdr_size_buffer,severe_obs,2.0,54.0,24.747434196472167,percentile,393,112,257,336,0.5390946502057613,0.22178217821782178,0.46730083234244946,0.20486484913730396
by_radar,KTLX,max_hdr_size_buffer,severe_obs,2.0,55.0,24.869152355194093,percentile,384,110,259,345,0.5267489711934157,0.22267206477732793,0.4576877234803337,0.19757726444823498
by_radar,KTLX,max_hdr_size_buffer,severe_obs,2.0,56.0,25.03631401062012,percentile,377,107,262,352,0.5171467764060357,0.22107438016528927,0.45095693779904306,0.19517663629308116
by_radar,KTLX,max_hdr_size_buffer,severe_obs,2.0,57.0,25.210725688934325,percentile,366,106,263,363,0.5020576131687243,0.2245762711864407,0.43832335329341315,0.18327671358017641
by_radar,KTLX,max_hdr_size_buffer,severe_obs,2.0,58.0,25.42737205505371,percentile,358,103,266,371,0.49108367626886146,0.22342733188720174,0.43028846153846156,0.17972141053646912
by_radar,KTLX,max_hdr_size_buffer,severe_obs,2.0,59.0,25.619966201782226,percentile,347,103,266,382,0.47599451303155005,0.2288888888888889,0.4170673076923077,0.16589134173503622
by_radar,KTLX,max_hdr_size_buffer,severe_obs,2.0,60.0,25.760181427001953,percentile,337,102,267,392,0.46227709190672156,0.23234624145785876,0.4055354993983153,0.15565020034184202
by_radar,KTLX,max_hdr_size_buffer,severe_obs,2.0,61.0,25.881002597808838,percentile,328,100,269,401,0.4499314128943759,0.2336448598130841,0.3956574185765983,0.1489320226127155
by_radar,KTLX,max_hdr_size_buffer,severe_obs,2.0,62.0,25.945453147888184,percentile,318,99,270,411,0.43621399176954734,0.23741007194244604,0.38405797101449274,0.13891887403470896
by_radar,KTLX,max_hdr_size_buffer,severe_obs,2.0,63.0,26.078137664794923,percentile,311,95,274,418,0.42661179698216734,0.23399014778325122,0.3774271844660194,0.1390959861344191
by_radar,KTLX,max_hdr_size_buffer,severe_obs,2.0,64.0,26.251416397094726,percentile,304,91,278,425,0.4170096021947874,0.23037974683544304,0.37073170731707317,0.13927096721266646
by_radar,KTLX,max_hdr_size_buffer,severe_obs,2.0,65.0,26.41320266723633,percentile,296,88,281,433,0.4060356652949246,0.22916666666666666,0.3623011015911873,0.13612764685096088
by_radar,KTLX,max_hdr_size_buffer,severe_obs,2.0,66.0,26.578036003112793,percentile,289,84,285,440,0.39643347050754457,0.225201072386059,0.35547355473554737,0.1363181928720041
by_radar,KTLX,max_hdr_size_buffer,severe_obs,2.0,67.0,26.691056613922118,percentile,280,83,286,449,0.3840877914951989,0.22865013774104684,0.3448275862068966,0.12784541374398667
by_radar,KTLX,max_hdr_size_buffer,severe_obs,2.0,68.0,26.945991439819338,percentile,273,79,290,456,0.37448559670781895,0.22443181818181818,0.3378712871287129,0.12808250287210451
by_radar,KTLX,max_hdr_size_buffer,severe_obs,2.0,69.0,27.18710172653198,percentile,265,76,293,464,0.3635116598079561,0.22287390029325513,0.32919254658385094,0.12507636325001992
by_radar,KTLX,max_hdr_size_buffer,severe_obs,2.0,70.0,27.39748420715332,percentile,254,76,293,475,0.3484224965706447,0.23030303030303031,0.315527950310559,0.11244025456177877
by_radar,KTLX,max_hdr_size_buffer,severe_obs,2.0,71.0,27.632733154296872,percentile,246,73,296,483,0.3374485596707819,0.22884012539184953,0.30673316708229426,0.10955919031741447
by_radar,KTLX,max_hdr_size_buffer,severe_obs,2.0,72.0,27.783346405029295,percentile,239,69,300,490,0.3278463648834019,0.22402597402597402,0.29949874686716793,0.1098958469289201
by_radar,KTLX,max_hdr_size_buffer,severe_obs,2.0,73.0,28.13019685745239,percentile,233,64,305,496,0.3196159122085048,0.21548821548821548,0.2938209331651955,0.11339510498585481
by_radar,KTLX,max_hdr_size_buffer,severe_obs,2.0,74.0,28.297268409729,percentile,226,60,309,503,0.3100137174211248,0.2097902097902098,0.2864385297845374,0.11370616015897185
by_radar,KTLX,max_hdr_size_buffer,severe_obs,2.0,75.0,28.475369453430176,percentile,218,57,312,511,0.299039780521262,0.20727272727272728,0.27735368956743,0.11088300957171085
by_radar,KTLX,max_hdr_size_buffer,severe_obs,2.0,76.0,28.648802490234374,percentile,212,52,317,517,0.2908093278463649,0.19696969696969696,0.2714468629961588,0.11431779325831228
by_radar,KTLX,max_hdr_size_buffer,severe_obs,2.0,77.0,28.94452772140503,percentile,203,50,319,526,0.2784636488340192,0.1976284584980237,0.2605905006418485,0.10842700905884442
by_radar,KTLX,max_hdr_size_buffer,severe_obs,2.0,78.0,29.154120216369634,percentile,196,46,323,533,0.26886145404663925,0.19008264462809918,0.25290322580645164,0.10875873728834944
by_radar,KTLX,max_hdr_size_buffer,severe_obs,2.0,79.0,29.424000854492192,percentile,189,42,327,540,0.25925925925925924,0.18181818181818182,0.245136186770428,0.10908680268011745
by_radar,KTLX,max_hdr_size_buffer,severe_obs,2.0,80.0,29.647563934326172,percentile,185,35,334,544,0.25377229080932784,0.1590909090909091,0.24214659685863874,0.11854550899698021
by_radar,KTLX,max_hdr_size_buffer,severe_obs,2.0,81.0,29.860848598480224,percentile,176,33,336,553,0.24142661179698216,0.15789473684210525,0.23097112860892388,0.11276030678348929
by_radar,KTLX,max_hdr_size_buffer,severe_obs,2.0,82.0,30.07174312591553,percentile,170,28,341,559,0.23319615912208505,0.1414141414141414,0.22457067371202113,0.11607297143844578
by_radar,KTLX,max_hdr_size_buffer,severe_obs,2.0,83.0,30.409481105804442,percentile,163,24,345,566,0.22359396433470508,0.12834224598930483,0.21646746347941567,0.1163544403250755
by_radar,KTLX,max_hdr_size_buffer,severe_obs,2.0,84.0,30.86329299926758,percentile,155,21,348,574,0.21262002743484226,0.11931818181818182,0.20666666666666667,0.11365356907372585
by_radar,KTLX,max_hdr_size_buffer,severe_obs,2.0,85.0,31.06044750213623,percentile,148,17,352,581,0.2030178326474623,0.10303030303030303,0.19839142091152814,0.11394495858534334
by_radar,KTLX,max_hdr_size_buffer,severe_obs,2.0,86.0,31.28330783843994,percentile,139,15,354,590,0.1906721536351166,0.09740259740259741,0.1868279569892473,0.10833796419338472
by_radar,KTLX,max_hdr_size_buffer,severe_obs,2.0,87.0,31.6119217300415,percentile,128,15,354,601,0.1755829903978052,0.1048951048951049,0.17204301075268819,0.0969261457857675
by_radar,KTLX,max_hdr_size_buffer,severe_obs,2.0,88.0,32.08265289306641,percentile,121,11,358,608,0.16598079561042525,0.08333333333333333,0.1635135135135135,0.09730091563269502
by_radar,KTLX,max_hdr_size_buffer,severe_obs,2.0,89.0,32.44026473999023,percentile,111,10,359,618,0.1522633744855967,0.08264462809917356,0.15020297699594046,0.08896763299959572
by_radar,KTLX,max_hdr_size_buffer,severe_obs,2.0,90.0,32.771329498291024,percentile,100,10,359,629,0.13717421124828533,0.09090909090909091,0.13531799729364005,0.07783481984433036
by_radar,KTLX,max_hdr_size_buffer,severe_obs,2.0,91.0,33.49980068206788,percentile,92,7,362,637,0.1262002743484225,0.0707070707070707,0.125,0.07543128809809597
by_radar,KTLX,max_hdr_size_buffer,severe_obs,2.0,92.0,33.85516036987305,percentile,81,7,362,648,0.1111111111111111,0.07954545454545454,0.11005434782608696,0.06448289587674728
by_radar,KTLX,max_hdr_size_buffer,severe_obs,2.0,93.0,34.2169454574585,percentile,72,5,364,657,0.09876543209876543,0.06493506493506493,0.09809264305177112,0.05933052249062405
by_radar,KTLX,max_hdr_size_buffer,severe_obs,2.0,94.0,34.67852722167969,percentile,63,3,366,666,0.08641975308641975,0.045454545454545456,0.0860655737704918,0.0542306890078565
by_radar,KTLX,max_hdr_size_buffer,severe_obs,2.0,95.0,35.57571010589598,percentile,53,2,367,676,0.07270233196159122,0.03636363636363636,0.07250341997264022,0.046369526620397054
by_radar,KTLX,max_hdr_size_buffer,severe_obs,2.0,96.0,36.00470489501952,percentile,43,1,368,686,0.05898491083676269,0.022727272727272728,0.0589041095890411,0.03858771708458556
by_radar,KTLX,max_hdr_size_buffer,severe_obs,2.0,97.0,36.788251304626456,percentile,32,1,368,697,0.0438957475994513,0.030303030303030304,0.043835616438356165,0.028099249012759935
by_radar,KTLX,max_hdr_size_buffer,severe_obs,2.0,98.0,37.25090446472168,percentile,21,1,368,708,0.02880658436213992,0.045454545454545456,0.028767123287671233,0.017715596538644983
by_radar,KTLX,max_hdr_size_buffer,severe_obs,2.0,99.0,38.69476062774658,percentile,10,1,368,719,0.013717421124828532,0.09090909090909091,0.0136986301369863,0.007435196275622048
by_radar,KTLX,max_hdr_size_buffer,severe_obs,2.0,100.0,41.45590972900391,percentile,1,0,369,728,0.0013717421124828531,0.0,0.0013717421124828531,0.0009224054534410223
by_radar,KTLX,max_hdr_size_buffer,sig_severe_obs,2.0,0.0,10.947486877441406,percentile,147,951,0,0,1.0,0.8661202185792349,0.13387978142076504,0.0
by_radar,KTLX,max_hdr_size_buffer,sig_severe_obs,2.0,1.0,11.946419858932495,percentile,146,941,10,1,0.9931972789115646,0.8656853725850966,0.13419117647058823,0.001002555647633563
by_radar,KTLX,max_hdr_size_buffer,sig_severe_obs,2.0,2.0,12.487864055633544,percentile,145,931,20,2,0.9863945578231292,0.8652416356877324,0.1345083487940631,0.002022386533009907
by_radar,KTLX,max_hdr_size_buffer,sig_severe_obs,2.0,3.0,12.638219995498655,percentile,145,920,31,2,0.9863945578231292,0.863849765258216,0.1358950328022493,0.005217821957302297
by_radar,KTLX,max_hdr_size_buffer,sig_severe_obs,2.0,4.0,12.94075366973877,percentile,145,909,42,2,0.9863945578231292,0.8624288425047438,0.13731060606060605,0.00846928397675705
by_radar,KTLX,max_hdr_size_buffer,sig_severe_obs,2.0,5.0,13.149100017547607,percentile,145,898,53,2,0.9863945578231292,0.8609779482262704,0.13875598086124402,0.011778259121700677
by_radar,KTLX,max_hdr_size_buffer,sig_severe_obs,2.0,6.0,13.372595138549805,percentile,145,887,64,2,0.9863945578231292,0.8594961240310077,0.1402321083172147,0.015146286980367941
by_radar,KTLX,max_hdr_size_buffer,sig_severe_obs,2.0,7.0,13.620113344192506,percentile,145,876,75,2,0.9863945578231292,0.8579823702252694,0.14173998044965788,0.018574962587423267
by_radar,KTLX,max_hdr_size_buffer,sig_severe_obs,2.0,8.0,14.100465850830076,percentile,145,865,86,2,0.9863945578231292,0.8564356435643564,0.1432806324110672,0.022065938942684032
by_radar,KTLX,max_hdr_size_buffer,sig_severe_obs,2.0,9.0,14.459855136871337,percentile,145,854,97,2,0.9863945578231292,0.8548548548548549,0.14485514485514486,0.025620929668402098
by_radar,KTLX,max_hdr_size_buffer,sig_severe_obs,2.0,10.0,14.705209732055664,percentile,145,844,107,2,0.9863945578231292,0.8533872598584429,0.14631685166498487,0.028909783160945134
by_radar,KTLX,max_hdr_size_buffer,sig_severe_obs,2.0,11.0,15.062962589263915,percentile,145,832,119,2,0.9863945578231292,0.8515864892528148,0.1481103166496425,0.03293012881845658
by_radar,KTLX,max_hdr_size_buffer,sig_severe_obs,2.0,12.0,15.4055655670166,percentile,145,821,130,2,0.9863945578231292,0.849896480331263,0.14979338842975207,0.03668809363906745
by_radar,KTLX,max_hdr_size_buffer,sig_severe_obs,2.0,13.0,15.819979267120363,percentile,145,810,141,2,0.9863945578231292,0.8481675392670157,0.15151515151515152,0.04051759206048905
by_radar,KTLX,max_hdr_size_buffer,sig_severe_obs,2.0,14.0,16.20226083755493,percentile,143,801,150,4,0.9727891156462585,0.8485169491525424,0.15084388185654007,0.03964875453887625
by_radar,KTLX,max_hdr_size_buffer,sig_severe_obs,2.0,15.0,16.61234493255615,percentile,142,791,160,5,0.9659863945578231,0.8478027867095391,0.1513859275053305,0.04117217274540392
by_radar,KTLX,max_hdr_size_buffer,sig_severe_obs,2.0,16.0,16.870069427490236,percentile,142,780,171,5,0.9659863945578231,0.8459869848156182,0.15318230852211434,0.04515815990800869
by_radar,KTLX,max_hdr_size_buffer,sig_severe_obs,2.0,17.0,17.42133062362671,percentile,140,771,180,7,0.9523809523809523,0.8463227222832053,0.15250544662309368,0.044309447893941936
by_radar,KTLX,max_hdr_size_buffer,sig_severe_obs,2.0,18.0,17.741007080078123,percentile,138,762,189,9,0.9387755102040817,0.8466666666666667,0.15181518151815182,0.04344377326255415
by_radar,KTLX,max_hdr_size_buffer,sig_severe_obs,2.0,19.0,17.93209535598755,percentile,138,751,200,9,0.9387755102040817,0.8447694038245219,0.15367483296213807,0.0475733939613907
by_radar,KTLX,max_hdr_size_buffer,sig_severe_obs,2.0,20.0,18.18589630126953,percentile,138,740,211,9,0.9387755102040817,0.8428246013667426,0.1555806087936866,0.05178723374817541
by_radar,KTLX,max_hdr_size_buffer,sig_severe_obs,2.0,21.0,18.359058475494386,percentile,138,729,222,9,0.9387755102040817,0.8408304498269896,0.15753424657534246,0.05608789549829116
by_radar,KTLX,max_hdr_size_buffer,sig_severe_obs,2.0,22.0,18.596383628845214,percentile,137,719,232,10,0.9319727891156463,0.8399532710280374,0.1581986143187067,0.057893435966244126
by_radar,KTLX,max_hdr_size_buffer,sig_severe_obs,2.0,23.0,18.987754135131834,percentile,136,709,242,11,0.9251700680272109,0.8390532544378698,0.1588785046728972,0.05973696041561111
by_radar,KTLX,max_hdr_size_buffer,sig_severe_obs,2.0,24.0,19.189665756225587,percentile,136,698,253,11,0.9251700680272109,0.8369304556354916,0.16094674556213018,0.06425928730608624
by_radar,KTLX,max_hdr_size_buffer,sig_severe_obs,2.0,25.0,19.31037950515747,percentile,133,690,261,14,0.9047619047619048,0.8383961117861483,0.15890083632019117,0.06087488974581399
by_radar,KTLX,max_hdr_size_buffer,sig_severe_obs,2.0,26.0,19.684956130981444,percentile,131,681,270,16,0.891156462585034,0.8386699507389163,0.15821256038647344,0.06011392022636671
by_radar,KTLX,max_hdr_size_buffer,sig_severe_obs,2.0,27.0,19.87667261123657,percentile,130,671,280,17,0.8843537414965986,0.8377028714107366,0.15892420537897312,0.06206280031288412
by_radar,KTLX,max_hdr_size_buffer,sig_severe_obs,2.0,28.0,20.131139755249023,percentile,130,661,290,17,0.8843537414965986,0.8356510745891277,0.1608910891089109,0.06637571014710862
by_radar,KTLX,max_hdr_size_buffer,sig_severe_obs,2.0,29.0,20.342124004364013,percentile,130,649,302,17,0.8843537414965986,0.8331193838254172,0.16331658291457288,0.07166741566187056
by_radar,KTLX,max_hdr_size_buffer,sig_severe_obs,2.0,30.0,20.51756172180176,percentile,129,639,312,18,0.8775510204081632,0.83203125,0.16412213740458015,0.07381387072173048
by_radar,KTLX,max_hdr_size_buffer,sig_severe_obs,2.0,31.0,20.836600704193117,percentile,126,631,320,21,0.8571428571428571,0.8335535006605019,0.16195372750642673,0.07030598648890828
by_radar,KTLX,max_hdr_size_buffer,sig_severe_obs,2.0,32.0,20.973132934570312,percentile,124,622,329,23,0.8435374149659864,0.8337801608579088,0.16124837451235371,0.06960154494935561
by_radar,KTLX,max_hdr_size_buffer,sig_severe_obs,2.0,33.0,21.148656177520753,percentile,124,611,340,23,0.8435374149659864,0.8312925170068027,0.16358839050131926,0.07471828121635524
by_radar,KTLX,max_hdr_size_buffer,sig_severe_obs,2.0,34.0,21.397963180541993,percentile,123,602,349,24,0.8367346938775511,0.8303448275862069,0.16421895861148197,0.07652497763016823
by_radar,KTLX,max_hdr_size_buffer,sig_severe_obs,2.0,35.0,21.508681011199947,percentile,123,591,360,24,0.8367346938775511,0.8277310924369747,0.16666666666666666,0.0818424337355295
by_radar,KTLX,max_hdr_size_buffer,sig_severe_obs,2.0,36.0,21.785314178466795,percentile,120,583,368,27,0.8163265306122449,0.829302987197724,0.1643835616438356,0.07822266995863025
by_radar,KTLX,max_hdr_size_buffer,sig_severe_obs,2.0,37.0,21.945447101593018,percentile,118,574,377,29,0.8027210884353742,0.8294797687861272,0.1636615811373093,0.0775731636977656
by_radar,KTLX,max_hdr_size_buffer,sig_severe_obs,2.0,38.0,22.12501510620117,percentile,117,564,387,30,0.7959183673469388,0.8281938325991189,0.16455696202531644,0.08000507807540942
by_radar,KTLX,max_hdr_size_buffer,sig_severe_obs,2.0,39.0,22.31499629974365,percentile,116,554,397,31,0.7891156462585034,0.826865671641791,0.16547788873038516,0.08249843590644577
by_radar,KTLX,max_hdr_size_buffer,sig_severe_obs,2.0,40.0,22.49668006896973,percentile,113,546,405,34,0.7687074829931972,0.8285280728376327,0.16305916305916307,0.07870181499388058
by_radar,KTLX,max_hdr_size_buffer,sig_severe_obs,2.0,41.0,22.664126586914062,percentile,110,538,413,37,0.7482993197278912,0.8302469135802469,0.16058394160583941,0.07480678431062225
by_radar,KTLX,max_hdr_size_buffer,sig_severe_obs,2.0,42.0,22.81410446166992,percentile,108,529,422,39,0.7346938775510204,0.8304552590266876,0.15976331360946747,0.07406978505064182
by_radar,KTLX,max_hdr_size_buffer,sig_severe_obs,2.0,43.0,22.99134986877441,percentile,105,521,430,42,0.7142857142857143,0.8322683706070287,0.15718562874251496,0.07000947781739406
by_radar,KTLX,max_hdr_size_buffer,sig_severe_obs,2.0,44.0,23.106081924438477,percentile,105,510,441,42,0.7142857142857143,0.8292682926829268,0.1598173515981735,0.07588440321651069
by_radar,KTLX,max_hdr_size_buffer,sig_severe_obs,2.0,45.0,23.180283832550053,percentile,104,500,451,43,0.7074829931972789,0.8278145695364238,0.160741885625966,0.07852592338436715
by_radar,KTLX,max_hdr_size_buffer,sig_severe_obs,2.0,46.0,23.376857681274412,percentile,103,490,461,44,0.7006802721088435,0.8263069139966274,0.16169544740973313,0.08124065699538373
by_radar,KTLX,max_hdr_size_buffer,sig_severe_obs,2.0,47.0,23.48167953491211,percentile,103,479,472,44,0.7006802721088435,0.8230240549828178,0.1645367412140575,0.08752109372765494
by_radar,KTLX,max_hdr_size_buffer,sig_severe_obs,2.0,48.0,23.701815643310542,percentile,103,468,483,44,0.7006802721088435,0.819614711033275,0.16747967479674797,0.0939805637480056
by_radar,KTLX,max_hdr_size_buffer,sig_severe_obs,2.0,49.0,23.849633865356445,percentile,100,460,491,47,0.6802721088435374,0.8214285714285714,0.16474464579901152,0.08985589703848304
by_radar,KTLX,max_hdr_size_buffer,sig_severe_obs,2.0,50.0,24.10197162628174,percentile,99,450,501,48,0.673469387755102,0.819672131147541,0.1658291457286432,0.09289617486338798
by_radar,KTLX,max_hdr_size_buffer,sig_severe_obs,2.0,51.0,24.300566539764404,percentile,96,442,509,51,0.6530612244897959,0.8215613382899628,0.16298811544991512,0.08863252957279807
by_radar,KTLX,max_hdr_size_buffer,sig_severe_obs,2.0,52.0,24.454695739746093,percentile,94,433,518,53,0.6394557823129252,0.8216318785578748,0.16206896551724137,0.08799310903516237
by_radar,KTLX,max_hdr_size_buffer,sig_severe_obs,2.0,53.0,24.579239768981935,percentile,92,424,527,55,0.6258503401360545,0.8217054263565892,0.16112084063047286,0.08733406215836327
by_radar,KTLX,max_hdr_size_buffer,sig_severe_obs,2.0,54.0,24.747434196472167,percentile,91,414,537,56,0.6190476190476191,0.8198019801980198,0.1622103386809269,0.09052457941652303
by_radar,KTLX,max_hdr_size_buffer,sig_severe_obs,2.0,55.0,24.869152355194093,percentile,91,403,548,56,0.6190476190476191,0.8157894736842105,0.16545454545454547,0.09774751066092355
by_radar,KTLX,max_hdr_size_buffer,sig_severe_obs,2.0,56.0,25.03631401062012,percentile,89,395,556,58,0.6054421768707483,0.8161157024793388,0.16420664206642066,0.09653759386204867
by_radar,KTLX,max_hdr_size_buffer,sig_severe_obs,2.0,57.0,25.210725688934325,percentile,86,386,565,61,0.5850340136054422,0.8177966101694916,0.16135084427767354,0.0926022473904314
by_radar,KTLX,max_hdr_size_buffer,sig_severe_obs,2.0,58.0,25.42737205505371,percentile,85,376,575,62,0.5782312925170068,0.8156182212581344,0.16252390057361377,0.09609247251198196
by_radar,KTLX,max_hdr_size_buffer,sig_severe_obs,2.0,59.0,25.619966201782226,percentile,85,365,586,62,0.5782312925170068,0.8111111111111111,0.166015625,0.10389789107923074
by_radar,KTLX,max_hdr_size_buffer,sig_severe_obs,2.0,60.0,25.760181427001953,percentile,84,355,596,63,0.5714285714285714,0.8086560364464692,0.16733067729083664,0.10770235748363993
by_radar,KTLX,max_hdr_size_buffer,sig_severe_obs,2.0,61.0,25.881002597808838,percentile,83,345,606,64,0.564625850340136,0.8060747663551402,0.16869918699186992,0.11163994160445326
by_radar,KTLX,max_hdr_size_buffer,sig_severe_obs,2.0,62.0,25.945453147888184,percentile,80,337,614,67,0.54421768707483,0.8081534772182254,0.1652892561983471,0.10687493204798318
by_radar,KTLX,max_hdr_size_buffer,sig_severe_obs,2.0,63.0,26.078137664794923,percentile,79,327,624,68,0.5374149659863946,0.8054187192118226,0.16666666666666666,0.11094028657524138
by_radar,KTLX,max_hdr_size_buffer,sig_severe_obs,2.0,64.0,26.251416397094726,percentile,76,319,632,71,0.5170068027210885,0.8075949367088607,0.1630901287553648,0.1059863962621037
by_radar,KTLX,max_hdr_size_buffer,sig_severe_obs,2.0,65.0,26.41320266723633,percentile,75,309,642,72,0.5102040816326531,0.8046875,0.16447368421052633,0.11018798575749454
by_radar,KTLX,max_hdr_size_buffer,sig_severe_obs,2.0,66.0,26.578036003112793,percentile,73,300,651,74,0.4965986394557823,0.8042895442359249,0.16331096196868009,0.10979020069456187
by_radar,KTLX,max_hdr_size_buffer,sig_severe_obs,2.0,67.0,26.691056613922118,percentile,71,292,659,76,0.48299319727891155,0.8044077134986226,0.16173120728929385,0.10853421230292681
by_radar,KTLX,max_hdr_size_buffer,sig_severe_obs,2.0,68.0,26.945991439819338,percentile,69,283,668,78,0.46938775510204084,0.8039772727272727,0.16046511627906976,0.10808840405567781
by_radar,KTLX,max_hdr_size_buffer,sig_severe_obs,2.0,69.0,27.18710172653198,percentile,69,272,679,78,0.46938775510204084,0.7976539589442815,0.16467780429594273,0.11770783111784558
by_radar,KTLX,max_hdr_size_buffer,sig_severe_obs,2.0,70.0,27.39748420715332,percentile,67,263,688,80,0.4557823129251701,0.796969696969697,0.16341463414634147,0.1174336693803518
by_radar,KTLX,max_hdr_size_buffer,sig_severe_obs,2.0,71.0,27.632733154296872,percentile,64,255,696,83,0.43537414965986393,0.799373040752351,0.15920398009950248,0.11189283099056671
by_radar,KTLX,max_hdr_size_buffer,sig_severe_obs,2.0,72.0,27.783346405029295,percentile,62,246,705,85,0.4217687074829932,0.7987012987012987,0.15776081424936386,0.11148108488697872
by_radar,KTLX,max_hdr_size_buffer,sig_severe_obs,2.0,73.0,28.13019685745239,percentile,61,236,715,86,0.41496598639455784,0.7946127946127947,0.15926892950391644,0.11653847883776368
by_radar,KTLX,max_hdr_size_buffer,sig_severe_obs,2.0,74.0,28.297268409729,percentile,57,229,722,90,0.3877551020408163,0.8006993006993007,0.15159574468085107,0.1049904177845918
by_radar,KTLX,max_hdr_size_buffer,sig_severe_obs,2.0,75.0,28.475369453430176,percentile,55,220,731,92,0.3741496598639456,0.8,0.14986376021798364,0.10439051936440212
by_radar,KTLX,max_hdr_size_buffer,sig_severe_obs,2.0,76.0,28.648802490234374,percentile,54,210,741,93,0.3673469387755102,0.7954545454545454,0.15126050420168066,0.10963919263933715
by_radar,KTLX,max_hdr_size_buffer,sig_severe_obs,2.0,77.0,28.94452772140503,percentile,51,202,749,96,0.3469387755102041,0.7984189723320159,0.14613180515759314,0.10310346528954163
by_radar,KTLX,max_hdr_size_buffer,sig_severe_obs,2.0,78.0,29.154120216369634,percentile,49,193,758,98,0.3333333333333333,0.7975206611570248,0.14411764705882352,0.10241197390820678
by_radar,KTLX,max_hdr_size_buffer,sig_severe_obs,2.0,79.0,29.424000854492192,percentile,46,185,766,101,0.3129251700680272,0.8008658008658008,0.13855421686746988,0.09535908737360643
by_radar,KTLX,max_hdr_size_buffer,sig_severe_obs,2.0,80.0,29.647563934326172,percentile,45,175,776,102,0.30612244897959184,0.7954545454545454,0.13975155279503104,0.10092052287118
by_radar,KTLX,max_hdr_size_buffer,sig_severe_obs,2.0,81.0,29.860848598480224,percentile,44,165,786,103,0.29931972789115646,0.7894736842105263,0.14102564102564102,0.10678055621323329
by_radar,KTLX,max_hdr_size_buffer,sig_severe_obs,2.0,82.0,30.07174312591553,percentile,44,154,797,103,0.29931972789115646,0.7777777777777778,0.1461794019933555,0.11981359833810566
by_radar,KTLX,max_hdr_size_buffer,sig_severe_obs,2.0,83.0,30.409481105804442,percentile,42,145,806,105,0.2857142857142857,0.7754010695187166,0.14383561643835616,0.1194980657826363
by_radar,KTLX,max_hdr_size_buffer,sig_severe_obs,2.0,84.0,30.86329299926758,percentile,41,135,816,106,0.2789115646258503,0.7670454545454546,0.1453900709219858,0.12641378627315045
by_radar,KTLX,max_hdr_size_buffer,sig_severe_obs,2.0,85.0,31.06044750213623,percentile,39,126,825,108,0.2653061224489796,0.7636363636363637,0.14285714285714285,0.12627777437718063
by_radar,KTLX,max_hdr_size_buffer,sig_severe_obs,2.0,86.0,31.28330783843994,percentile,37,117,834,110,0.25170068027210885,0.7597402597402597,0.14015151515151514,0.1261333277236679
by_radar,KTLX,max_hdr_size_buffer,sig_severe_obs,2.0,87.0,31.6119217300415,percentile,35,108,843,112,0.23809523809523808,0.7552447552447552,0.13725490196078433,0.1259796365846775
by_radar,KTLX,max_hdr_size_buffer,sig_severe_obs,2.0,88.0,32.08265289306641,percentile,33,99,852,114,0.22448979591836735,0.75,0.13414634146341464,0.12581578416201306
by_radar,KTLX,max_hdr_size_buffer,sig_severe_obs,2.0,89.0,32.44026473999023,percentile,32,89,862,115,0.21768707482993196,0.7355371900826446,0.13559322033898305,0.13412965325292822
by_radar,KTLX,max_hdr_size_buffer,sig_severe_obs,2.0,90.0,32.771329498291024,percentile,27,83,868,120,0.1836734693877551,0.7545454545454545,0.11739130434782609,0.10787445066160756
by_radar,KTLX,max_hdr_size_buffer,sig_severe_obs,2.0,91.0,33.49980068206788,percentile,25,74,877,122,0.17006802721088435,0.7474747474747475,0.11312217194570136,0.10702815744267682
by_radar,KTLX,max_hdr_size_buffer,sig_severe_obs,2.0,92.0,33.85516036987305,percentile,23,65,886,124,0.1564625850340136,0.7386363636363636,0.10849056603773585,0.10611738557361797
by_radar,KTLX,max_hdr_size_buffer,sig_severe_obs,2.0,93.0,34.2169454574585,percentile,19,58,893,128,0.1292517006802721,0.7532467532467533,0.09268292682926829,0.08546710013702678
by_radar,KTLX,max_hdr_size_buffer,sig_severe_obs,2.0,94.0,34.67852722167969,percentile,15,51,900,132,0.10204081632653061,0.7727272727272727,0.07575757575757576,0.06311372219890894
by_radar,KTLX,max_hdr_size_buffer,sig_severe_obs,2.0,95.0,35.57571010589598,percentile,12,43,908,135,0.08163265306122448,0.7818181818181819,0.06315789473684211,0.049517084415394944
by_radar,KTLX,max_hdr_size_buffer,sig_severe_obs,2.0,96.0,36.00470489501952,percentile,10,34,917,137,0.06802721088435375,0.7727272727272727,0.055248618784530384,0.045857852852395034
by_radar,KTLX,max_hdr_size_buffer,sig_severe_obs,2.0,97.0,36.788251304626456,percentile,8,25,926,139,0.05442176870748299,0.7575757575757576,0.046511627906976744,0.04185422852217221
by_radar,KTLX,max_hdr_size_buffer,sig_severe_obs,2.0,98.0,37.25090446472168,percentile,5,17,934,142,0.034013605442176874,0.7727272727272727,0.03048780487804878,0.025193473818218366
by_radar,KTLX,max_hdr_size_buffer,sig_severe_obs,2.0,99.0,38.69476062774658,percentile,2,9,942,145,0.013605442176870748,0.8181818181818182,0.01282051282051282,0.006801762114537445
by_radar,KTLX,max_hdr_size_buffer,sig_severe_obs,2.0,100.0,41.45590972900391,percentile,0,1,950,147,0.0,1.0,0.0,-0.0018124653227297948
by_radar,KTLX,max_hsda_buffer,severe_obs,2.0,,2.0,hsda_class,336,118,251,390,0.4628099173553719,0.2599118942731278,0.3981042654028436,0.1210822699607516
by_radar,KTLX,max_hsda_buffer,sig_severe_obs,2.0,,3.0,hsda_class,43,208,740,104,0.2925170068027211,0.8286852589641435,0.12112676056338029,0.05628480509148767
by_radar,KTLX,max_mesh_75_mh19_buffer,severe_obs,2.0,0.0,6.418067136866343,percentile,727,369,0,0,1.0,0.33667883211678834,0.6633211678832117,0.0
by_radar,KTLX,max_mesh_75_mh19_buffer,severe_obs,2.0,1.0,12.846377359290807,percentile,721,364,5,6,0.9917469050894085,0.33548387096774196,0.6608615948670944,0.006959511413892575
by_radar,KTLX,max_mesh_75_mh19_buffer,severe_obs,2.0,2.0,14.36952481374135,percentile,718,356,13,9,0.9876203576341128,0.33147113594040967,0.6629732225300092,0.02973562939607082
by_radar,KTLX,max_mesh_75_mh19_buffer,severe_obs,2.0,3.0,15.153541375169004,percentile,716,347,22,11,0.984869325997249,0.3264346190028222,0.6666666666666666,0.05734699859215161
by_radar,KTLX,max_mesh_75_mh19_buffer,severe_obs,2.0,4.0,15.972032126169124,percentile,713,339,30,14,0.9807427785419532,0.32224334600760457,0.6688555347091932,0.07922394425193252
by_radar,KTLX,max_mesh_75_mh19_buffer,severe_obs,2.0,5.0,16.793412542373716,percentile,709,332,37,18,0.9752407152682255,0.31892411143131605,0.6694995278564684,0.09552620286055165
by_radar,KTLX,max_mesh_75_mh19_buffer,severe_obs,2.0,6.0,17.638628851498595,percentile,708,322,47,19,0.9738651994497937,0.312621359223301,0.674928503336511,0.1268911253772906
by_radar,KTLX,max_mesh_75_mh19_buffer,severe_obs,2.0,7.0,18.341163104065657,percentile,703,316,53,24,0.9669876203576341,0.310107948969578,0.6740172579098753,0.13738743952406307
by_radar,KTLX,max_mesh_75_mh19_buffer,severe_obs,2.0,8.0,18.959935708967006,percentile,701,307,62,26,0.9642365887207703,0.30456349206349204,0.6779497098646035,0.162779174542585
by_radar,KTLX,max_mesh_75_mh19_buffer,severe_obs,2.0,9.0,19.590665681961543,percentile,694,303,66,33,0.9546079779917469,0.3039117352056169,0.6737864077669903,0.16279957987205193
by_radar,KTLX,max_mesh_75_mh19_buffer,severe_obs,2.0,10.0,20.338550401794244,percentile,692,294,75,35,0.951856946354883,0.29817444219066935,0.6777668952007836,0.18751520941676955
by_radar,KTLX,max_mesh_75_mh19_buffer,severe_obs,2.0,11.0,20.760400074538033,percentile,691,284,85,36,0.9504814305364512,0.29128205128205126,0.6834817012858556,0.21669175551991995
by_radar,KTLX,max_mesh_75_mh19_buffer,severe_obs,2.0,12.0,21.422206898207957,percentile,689,275,94,38,0.9477303988995873,0.28526970954356845,0.687624750499002,0.24050655331207935
by_radar,KTLX,max_mesh_75_mh19_buffer,severe_obs,2.0,13.0,22.088874030034084,percentile,684,269,100,43,0.9408528198074277,0.28226652675760755,0.6867469879518072,0.24947653516761847
by_radar,KTLX,max_mesh_75_mh19_buffer,severe_obs,2.0,14.0,22.58003611071496,percentile,681,261,108,46,0.936726272352132,0.2770700636942675,0.6892712550607287,0.26783242956244724
by_radar,KTLX,max_mesh_75_mh19_buffer,severe_obs,2.0,15.0,23.362038022518554,percentile,676,255,114,51,0.9298486932599724,0.2738990332975295,0.6883910386965377,0.2764178177063781
by_radar,KTLX,max_mesh_75_mh19_buffer,severe_obs,2.0,16.0,23.920814327584008,percentile,672,248,121,55,0.9243466299862448,0.26956521739130435,0.6892307692307692,0.28954799842543943
by_radar,KTLX,max_mesh_75_mh19_buffer,severe_obs,2.0,17.0,24.666292062079403,percentile,665,244,125,62,0.9147180192572214,0.2684268426842684,0.6848609680741503,0.28850796614124785
by_radar,KTLX,max_mesh_75_mh19_buffer,severe_obs,2.0,18.0,25.00227941218007,percentile,662,236,133,65,0.9105914718019257,0.26280623608017817,0.6874350986500519,0.3059321534668047
by_radar,KTLX,max_mesh_75_mh19_buffer,severe_obs,2.0,19.0,25.23574219686612,percentile,656,231,138,71,0.9023383768913342,0.26042841037204056,0.6847599164926931,0.30934843483305025
by_radar,KTLX,max_mesh_75_mh19_buffer,severe_obs,2.0,20.0,25.58612947358841,percentile,650,227,142,77,0.8940852819807428,0.2588369441277081,0.6813417190775681,0.309929456988646
by_radar,KTLX,max_mesh_75_mh19_buffer,severe_obs,2.0,21.0,25.965987208168137,percentile,645,221,148,82,0.8872077028885832,0.25519630484988454,0.680379746835443,0.3177638444913757
by_radar,KTLX,max_mesh_75_mh19_buffer,severe_obs,2.0,22.0,26.227077325356472,percentile,641,214,155,86,0.8817056396148556,0.25029239766081873,0.6811902231668437,0.329939555983061
by_radar,KTLX,max_mesh_75_mh19_buffer,severe_obs,2.0,23.0,26.72776707941007,percentile,632,212,157,95,0.8693259972489684,0.25118483412322273,0.6730564430244942,0.3197638686721656
by_radar,KTLX,max_mesh_75_mh19_buffer,severe_obs,2.0,24.0,27.1574389968945,percentile,626,207,162,101,0.8610729023383769,0.24849939975990396,0.6702355460385439,0.32293843691458507
by_radar,KTLX,max_mesh_75_mh19_buffer,severe_obs,2.0,25.0,27.532073474463775,percentile,620,202,167,107,0.8528198074277854,0.24574209245742093,0.667384284176534,0.3260632497273719
by_radar,KTLX,max_mesh_75_mh19_buffer,severe_obs,2.0,26.0,27.783634989882767,percentile,614,197,172,113,0.844566712517194,0.24290998766954378,0.6645021645021645,0.3291394677502794
by_radar,KTLX,max_mesh_75_mh19_buffer,severe_obs,2.0,27.0,28.27273258368878,percentile,608,192,177,119,0.8363136176066025,0.24,0.661588683351469,0.3321682158027555
by_radar,KTLX,max_mesh_75_mh19_buffer,severe_obs,2.0,28.0,28.62132646107095,percentile,597,192,177,130,0.8211829436038515,0.24334600760456274,0.6496191512513602,0.31384130810957944
by_radar,KTLX,max_mesh_75_mh19_buffer,severe_obs,2.0,29.0,28.77276687986765,percentile,590,188,181,137,0.811554332874828,0.2416452442159383,0.644808743169399,0.3127107982742519
by_radar,KTLX,max_mesh_75_mh19_buffer,severe_obs,2.0,30.0,28.99399975306755,percentile,581,186,183,146,0.7991746905089409,0.242503259452412,0.6363636363636364,0.3032021845784997
by_radar,KTLX,max_mesh_75_mh19_buffer,severe_obs,2.0,31.0,29.156493748836823,percentile,575,181,188,152,0.7909215955983494,0.23941798941798942,0.6332599118942731,0.30633438754409437
by_radar,KTLX,max_mesh_75_mh19_buffer,severe_obs,2.0,32.0,29.327410044267452,percentile,565,180,189,162,0.7771664374140302,0.24161073825503357,0.6229327453142227,0.292879214913919
by_radar,KTLX,max_mesh_75_mh19_buffer,severe_obs,2.0,33.0,29.82457309723886,percentile,557,177,192,170,0.7661623108665749,0.24114441416893734,0.6161504424778761,0.2878319164076252
by_radar,KTLX,max_mesh_75_mh19_buffer,severe_obs,2.0,34.0,30.16787032411744,percentile,549,174,195,178,0.7551581843191196,0.24066390041493776,0.609322974472808,0.2828585131181245
by_radar,KTLX,max_mesh_75_mh19_buffer,severe_obs,2.0,35.0,30.3570695886053,percentile,542,170,199,185,0.7455295735900963,0.23876404494382023,0.6042363433667781,0.28200245065473817
by_radar,KTLX,max_mesh_75_mh19_buffer,severe_obs,2.0,36.0,30.66535190668417,percentile,537,164,205,190,0.7386519944979367,0.23395149786019973,0.6026936026936027,0.289190486484902
by_radar,KTLX,max_mesh_75_mh19_buffer,severe_obs,2.0,37.0,31.042280034039567,percentile,530,160,209,197,0.7290233837689133,0.2318840579710145,0.5975197294250282,0.28830133218861637
by_radar,KTLX,max_mesh_75_mh19_buffer,severe_obs,2.0,38.0,31.33806222162575,percentile,521,158,211,206,0.7166437414030261,0.23269513991163476,0.5887005649717514,0.2795073233280959
by_radar,KTLX,max_mesh_75_mh19_buffer,severe_obs,2.0,39.0,31.626259502687358,percentile,517,151,218,210,0.7111416781292985,0.22604790419161677,0.5888382687927107,0.2904914928413623
by_radar,KTLX,max_mesh_75_mh19_buffer,severe_obs,2.0,40.0,31.76903650084035,percentile,509,149,220,218,0.7001375515818432,0.22644376899696048,0.5810502283105022,0.2833001917224372
by_radar,KTLX,max_mesh_75_mh19_buffer,severe_obs,2.0,41.0,31.900578349933078,percentile,500,147,222,227,0.687757909215956,0.22720247295208656,0.5720823798627003,0.2747192860150823
by_radar,KTLX,max_mesh_75_mh19_buffer,severe_obs,2.0,42.0,32.09928600044515,percentile,489,147,222,238,0.672627235213205,0.23113207547169812,0.5594965675057209,0.2585537968455678
by_radar,KTLX,max_mesh_75_mh19_buffer,severe_obs,2.0,43.0,32.3077764264498,percentile,481,144,225,246,0.6616231086657497,0.2304,0.5522388059701493,0.25408608793072757
by_radar,KTLX,max_mesh_75_mh19_buffer,severe_obs,2.0,44.0,32.586855985002416,percentile,474,140,229,253,0.6519944979367263,0.2280130293159609,0.5467128027681661,0.25347845679226316
by_radar,KTLX,max_mesh_75_mh19_buffer,severe_obs,2.0,45.0,32.85991647160437,percentile,466,137,232,261,0.640990371389271,0.22719734660033167,0.5393518518518519,0.24910572576508216
by_radar,KTLX,max_mesh_75_mh19_buffer,severe_obs,2.0,46.0,33.09752283266452,percentile,457,135,234,270,0.6286107290233838,0.22804054054054054,0.5301624129930395,0.24104394927982273
by_radar,KTLX,max_mesh_75_mh19_buffer,severe_obs,2.0,47.0,33.43801430851593,percentile,449,132,237,278,0.6176066024759285,0.22719449225473323,0.5227008149010477,0.2368128751312004
by_radar,KTLX,max_mesh_75_mh19_buffer,severe_obs,2.0,48.0,33.70782386838541,percentile,442,128,241,285,0.6079779917469051,0.22456140350877193,0.5169590643274854,0.23633615192026075
by_radar,KTLX,max_mesh_75_mh19_buffer,severe_obs,2.0,49.0,33.88918403041325,percentile,436,123,246,291,0.5997248968363136,0.22003577817531306,0.5129411764705882,0.23953944391372115
by_radar,KTLX,max_mesh_75_mh19_buffer,severe_obs,2.0,50.0,34.165063543410795,percentile,427,121,248,300,0.5873452544704264,0.2208029197080292,0.5035377358490566,0.23175182481751824
by_radar,KTLX,max_mesh_75_mh19_buffer,severe_obs,2.0,51.0,34.301378040787704,percentile,418,119,250,309,0.5749656121045392,0.22160148975791433,0.4940898345153664,0.22406566249714663
by_radar,KTLX,max_mesh_75_mh19_buffer,severe_obs,2.0,52.0,34.57547783905575,percentile,413,113,256,314,0.5680880330123796,0.21482889733840305,0.49166666666666664,0.23088856896812407
by_radar,KTLX,max_mesh_75_mh19_buffer,severe_obs,2.0,53.0,34.84402226116495,percentile,409,106,263,318,0.562585969738652,0.2058252427184466,0.4909963985594238,0.24120296135671154
by_radar,KTLX,max_mesh_75_mh19_buffer,severe_obs,2.0,54.0,35.06220735935335,percentile,399,105,264,328,0.5488308115543329,0.20833333333333334,0.4795673076923077,0.23004737491076643
by_radar,KTLX,max_mesh_75_mh19_buffer,severe_obs,2.0,55.0,35.295500181537,percentile,392,101,268,335,0.5392022008253095,0.20486815415821502,0.47342995169082125,0.22963478844039478
by_radar,KTLX,max_mesh_75_mh19_buffer,severe_obs,2.0,56.0,35.51713787405454,percentile,384,98,271,343,0.5281980742778541,0.2033195020746888,0.46545454545454545,0.2257159151346606
by_radar,KTLX,max_mesh_75_mh19_buffer,severe_obs,2.0,57.0,35.81825111439712,percentile,376,95,274,351,0.517193947730399,0.20169851380042464,0.45742092457420924,0.22184617637788256
by_radar,KTLX,max_mesh_75_mh19_buffer,severe_obs,2.0,58.0,36.009386432489435,percentile,367,93,276,360,0.5048143053645117,0.20217391304347826,0.4475609756097561,0.21455691396461388
by_radar,KTLX,max_mesh_75_mh19_buffer,severe_obs,2.0,59.0,36.38088191711357,percentile,358,91,278,369,0.4924346629986245,0.2026726057906459,0.43765281173594134,0.20735791211382754
by_radar,KTLX,max_mesh_75_mh19_buffer,severe_obs,2.0,60.0,36.58346763458106,percentile,350,89,280,377,0.4814305364511692,0.20273348519362186,0.42892156862745096,0.20151337491987556
by_radar,KTLX,max_mesh_75_mh19_buffer,severe_obs,2.0,61.0,36.933008957795295,percentile,344,84,285,383,0.4731774415405777,0.19626168224299065,0.4241676942046856,0.20469631802699947
by_radar,KTLX,max_mesh_75_mh19_buffer,severe_obs,2.0,62.0,37.08706714477051,percentile,337,80,289,390,0.46354883081155435,0.19184652278177458,0.41759603469640644,0.20445524829113554
by_radar,KTLX,max_mesh_75_mh19_buffer,severe_obs,2.0,63.0,37.22586845652469,percentile,328,79,290,399,0.4511691884456671,0.1941031941031941,0.40694789081885857,0.19536282457309787
by_radar,KTLX,max_mesh_75_mh19_buffer,severe_obs,2.0,64.0,37.560072915449865,percentile,320,75,294,407,0.4401650618982118,0.189873417721519,0.39900249376558605,0.19394795706931225
by_radar,KTLX,max_mesh_75_mh19_buffer,severe_obs,2.0,65.0,37.767253536355625,percentile,309,75,294,418,0.4250343878954608,0.1953125,0.385286783042394,0.18047685494145482
by_radar,KTLX,max_mesh_75_mh19_buffer,severe_obs,2.0,66.0,37.886147501490974,percentile,300,73,296,427,0.4126547455295736,0.19571045576407506,0.375,0.1737755142041257
by_radar,KTLX,max_mesh_75_mh19_buffer,severe_obs,2.0,67.0,38.08001207026785,percentile,292,70,299,435,0.4016506189821183,0.19337016574585636,0.36637390213299875,0.17043867169467442
by_radar,KTLX,max_mesh_75_mh19_buffer,severe_obs,2.0,68.0,38.19473550739598,percentile,282,69,300,445,0.3878954607977992,0.19658119658119658,0.3542713567839196,0.16060876069458557
by_radar,KTLX,max_mesh_75_mh19_buffer,severe_obs,2.0,69.0,38.3513187907779,percentile,273,67,302,454,0.37551581843191195,0.19705882352941176,0.3438287153652393,0.15414059537353053
by_radar,KTLX,max_mesh_75_mh19_buffer,severe_obs,2.0,70.0,38.5464308467583,percentile,263,66,303,464,0.36176066024759285,0.2006079027355623,0.3316519546027743,0.14451922652096436
by_radar,KTLX,max_mesh_75_mh19_buffer,severe_obs,2.0,71.0,38.63224777641954,percentile,255,63,306,472,0.35075653370013754,0.19811320754716982,0.3227848101265823,0.14142804430205522
by_radar,KTLX,max_mesh_75_mh19_buffer,severe_obs,2.0,72.0,38.82761999313757,percentile,245,62,307,482,0.33700137551581844,0.20195439739413681,0.3105196451204056,0.13198987896099207
by_radar,KTLX,max_mesh_75_mh19_buffer,severe_obs,2.0,73.0,39.139641620963964,percentile,237,59,310,490,0.32599724896836313,0.19932432432432431,0.3015267175572519,0.12900536171296886
by_radar,KTLX,max_mesh_75_mh19_buffer,severe_obs,2.0,74.0,39.54746408401521,percentile,230,55,314,497,0.31636863823933975,0.19298245614035087,0.29411764705882354,0.12920971498153325
by_radar,KTLX,max_mesh_75_mh19_buffer,severe_obs,2.0,75.0,39.67428966425945,percentile,223,51,318,504,0.30674002751031637,0.18613138686131386,0.2866323907455013,0.12941176470588237
by_radar,KTLX,max_mesh_75_mh19_buffer,severe_obs,2.0,76.0,39.859786494956566,percentile,214,49,320,513,0.29436038514442914,0.18631178707224336,0.2757731958762887,0.12337220588695744
by_radar,KTLX,max_mesh_75_mh19_buffer,severe_obs,2.0,77.0,40.09490003039352,percentile,205,47,322,522,0.28198074277854196,0.1865079365079365,0.2648578811369509,0.11739996829781935
by_radar,KTLX,max_mesh_75_mh19_buffer,severe_obs,2.0,78.0,40.39870325904078,percentile,197,44,325,530,0.27097661623108665,0.1825726141078838,0.25551232166018156,0.11457902307343698
by_radar,KTLX,max_mesh_75_mh19_buffer,severe_obs,2.0,79.0,40.72105009431788,percentile,191,39,330,536,0.2627235213204952,0.16956521739130434,0.24934725848563968,0.11792534697922323
by_radar,KTLX,max_mesh_75_mh19_buffer,severe_obs,2.0,80.0,41.03998784444975,percentile,184,37,332,543,0.2530949105914718,0.167420814479638,0.24083769633507854,0.11424964538216516
by_radar,KTLX,max_mesh_75_mh19_buffer,severe_obs,2.0,81.0,41.493278165473605,percentile,177,32,337,550,0.24346629986244842,0.15311004784688995,0.233201581027668,0.11648406443481031
by_radar,KTLX,max_mesh_75_mh19_buffer,severe_obs,2.0,82.0,41.86976783526441,percentile,167,31,338,560,0.2297111416781293,0.15656565656565657,0.22031662269129287,0.10768857761589623
by_radar,KTLX,max_mesh_75_mh19_buffer,severe_obs,2.0,83.0,42.24400747564214,percentile,160,27,342,567,0.2200825309491059,0.1443850267379679,0.21220159151193635,0.10799812563198263
by_radar,KTLX,max_mesh_75_mh19_buffer,severe_obs,2.0,84.0,42.63034377730443,percentile,153,24,345,574,0.21045392022008252,0.13559322033898305,0.20372836218375498,0.10637473991922838
by_radar,KTLX,max_mesh_75_mh19_buffer,severe_obs,2.0,85.0,42.96251007566864,percentile,144,21,348,583,0.19807427785419532,0.12727272727272726,0.1925133689839572,0.10266468940874747
by_radar,KTLX,max_mesh_75_mh19_buffer,severe_obs,2.0,86.0,43.416265857210355,percentile,136,18,351,591,0.18707015130674004,0.11688311688311688,0.1825503355704698,0.10004044980179597
by_radar,KTLX,max_mesh_75_mh19_buffer,severe_obs,2.0,87.0,43.94753622134797,percentile,126,17,352,601,0.1733149931224209,0.11888111888111888,0.1693548387096774,0.09156408681353759
by_radar,KTLX,max_mesh_75_mh19_buffer,severe_obs,2.0,88.0,44.48487663269655,percentile,118,14,355,609,0.1623108665749656,0.10606060606060606,0.1592442645074224,0.08902574392690944
by_radar,KTLX,max_mesh_75_mh19_buffer,severe_obs,2.0,89.0,45.1448322787314,percentile,111,10,359,616,0.15268225584594222,0.08264462809917356,0.15061058344640435,0.08942312541640454
by_radar,KTLX,max_mesh_75_mh19_buffer,severe_obs,2.0,90.0,45.62830043794447,percentile,101,9,360,626,0.13892709766162312,0.08181818181818182,0.13722826086956522,0.08113417796390868
by_radar,KTLX,max_mesh_75_mh19_buffer,severe_obs,2.0,91.0,46.14058654063966,percentile,93,6,363,634,0.1279229711141678,0.06060606060606061,0.12687585266030013,0.0786891705523084
by_radar,KTLX,max_mesh_75_mh19_buffer,severe_obs,2.0,92.0,46.72166071296787,percentile,82,6,363,645,0.11279229711141678,0.06818181818181818,0.11186903137789904,0.06767648257910747
by_radar,KTLX,max_mesh_75_mh19_buffer,severe_obs,2.0,93.0,47.28282085171712,percentile,71,6,363,656,0.09766162310866575,0.07792207792207792,0.09686221009549795,0.05677655201462249
by_radar,KTLX,max_mesh_75_mh19_buffer,severe_obs,2.0,94.0,47.99677696673772,percentile,60,6,363,667,0.08253094910591471,0.09090909090909091,0.08185538881309687,0.0459876559177613
by_radar,KTLX,max_mesh_75_mh19_buffer,severe_obs,2.0,95.0,48.49057436304954,percentile,53,2,367,674,0.07290233837689133,0.03636363636363636,0.07270233196159122,0.04659105239724
by_radar,KTLX,max_mesh_75_mh19_buffer,severe_obs,2.0,96.0,49.2305691706227,percentile,43,1,368,684,0.059147180192572216,0.022727272727272728,0.059065934065934064,0.038768821059100685
by_radar,KTLX,max_mesh_75_mh19_buffer,severe_obs,2.0,97.0,50.421318908695355,percentile,32,1,368,695,0.04401650618982118,0.030303030303030304,0.04395604395604396,0.028232638366935126
by_radar,KTLX,max_mesh_75_mh19_buffer,severe_obs,2.0,98.0,51.99186689783663,percentile,22,0,369,705,0.030261348005502064,0.0,0.030261348005502064,0.020580137809348524
by_radar,KTLX,max_mesh_75_mh19_buffer,severe_obs,2.0,99.0,53.34137125373472,percentile,11,0,369,716,0.015130674002751032,0.0,0.015130674002751032,0.010238959505785428
by_radar,KTLX,max_mesh_75_mh19_buffer,severe_obs,2.0,100.0,55.34899642388362,percentile,1,0,369,726,0.001375515818431912,0.0,0.001375515818431912,0.0009266304552542961
by_radar,KTLX,max_mesh_75_mh19_buffer,sig_severe_obs,2.0,0.0,6.418067136866343,percentile,147,949,0,0,1.0,0.8658759124087592,0.13412408759124086,0.0
by_radar,KTLX,max_mesh_75_mh19_buffer,sig_severe_obs,2.0,1.0,12.846377359290807,percentile,146,939,10,1,0.9931972789115646,0.8654377880184332,0.13443830570902393,0.0010103928896266975
by_radar,KTLX,max_mesh_75_mh19_buffer,sig_severe_obs,2.0,2.0,14.36952481374135,percentile,144,930,19,3,0.9795918367346939,0.8659217877094972,0.13370473537604458,-0.00010562760401384896
by_radar,KTLX,max_mesh_75_mh19_buffer,sig_severe_obs,2.0,3.0,15.153541375169004,percentile,144,919,30,3,0.9795918367346939,0.8645343367826905,0.1350844277673546,0.0030839412097810066
by_radar,KTLX,max_mesh_75_mh19_buffer,sig_severe_obs,2.0,4.0,15.972032126169124,percentile,143,909,40,4,0.9727891156462585,0.8640684410646388,0.13541666666666666,0.004148023120650945
by_radar,KTLX,max_mesh_75_mh19_buffer,sig_severe_obs,2.0,5.0,16.793412542373716,percentile,143,898,51,4,0.9727891156462585,0.8626320845341018,0.1368421052631579,0.007431771677339422
by_radar,KTLX,max_mesh_75_mh19_buffer,sig_severe_obs,2.0,6.0,17.638628851498595,percentile,143,887,62,4,0.9727891156462585,0.8611650485436894,0.13829787234042554,0.010774211586228134
by_radar,KTLX,max_mesh_75_mh19_buffer,sig_severe_obs,2.0,7.0,18.341163104065657,percentile,143,876,73,4,0.9727891156462585,0.8596663395485771,0.13978494623655913,0.014176930546328001
by_radar,KTLX,max_mesh_75_mh19_buffer,sig_severe_obs,2.0,8.0,18.959935708967006,percentile,143,865,84,4,0.9727891156462585,0.8581349206349206,0.14130434782608695,0.017641574044277214
by_radar,KTLX,max_mesh_75_mh19_buffer,sig_severe_obs,2.0,9.0,19.590665681961543,percentile,143,854,95,4,0.9727891156462585,0.8565697091273822,0.14285714285714285,0.02116984800761107
by_radar,KTLX,max_mesh_75_mh19_buffer,sig_severe_obs,2.0,10.0,20.338550401794244,percentile,143,843,106,4,0.9727891156462585,0.8549695740365112,0.14444444444444443,0.02476352160557379
by_radar,KTLX,max_mesh_75_mh19_buffer,sig_severe_obs,2.0,11.0,20.760400074538033,percentile,143,832,117,4,0.9727891156462585,0.8533333333333334,0.14606741573033707,0.028424430207133783
by_radar,KTLX,max_mesh_75_mh19_buffer,sig_severe_obs,2.0,12.0,21.422206898207957,percentile,143,821,128,4,0.9727891156462585,0.8516597510373444,0.14772727272727273,0.032154478506593594
by_radar,KTLX,max_mesh_75_mh19_buffer,sig_severe_obs,2.0,13.0,22.088874030034084,percentile,143,810,139,4,0.9727891156462585,0.8499475341028332,0.14942528735632185,0.03595564382797828
by_radar,KTLX,max_mesh_75_mh19_buffer,sig_severe_obs,2.0,14.0,22.58003611071496,percentile,143,799,150,4,0.9727891156462585,0.8481953290870489,0.1511627906976744,0.03982997962024709
by_radar,KTLX,max_mesh_75_mh19_buffer,sig_severe_obs,2.0,15.0,23.362038022518554,percentile,142,789,160,5,0.9659863945578231,0.8474758324382384,0.1517094017094017,0.04136492122488637
by_radar,KTLX,max_mesh_75_mh19_buffer,sig_severe_obs,2.0,16.0,23.920814327584008,percentile,141,779,170,6,0.9591836734693877,0.8467391304347827,0.15226781857451405,0.04292998958787566
by_radar,KTLX,max_mesh_75_mh19_buffer,sig_severe_obs,2.0,17.0,24.666292062079403,percentile,141,768,181,6,0.9591836734693877,0.8448844884488449,0.1540983606557377,0.04698864210845607
by_radar,KTLX,max_mesh_75_mh19_buffer,sig_severe_obs,2.0,18.0,25.00227941218007,percentile,141,757,192,6,0.9591836734693877,0.8429844097995546,0.15597345132743362,0.051128549837287304
by_radar,KTLX,max_mesh_75_mh19_buffer,sig_severe_obs,2.0,19.0,25.23574219686612,percentile,140,747,202,7,0.9523809523809523,0.8421645997745209,0.15659955257270694,0.052839816340892576
by_radar,KTLX,max_mesh_75_mh19_buffer,sig_severe_obs,2.0,20.0,25.58612947358841,percentile,138,739,210,9,0.9387755102040817,0.8426453819840365,0.15575620767494355,0.05165963727896759
by_radar,KTLX,max_mesh_75_mh19_buffer,sig_severe_obs,2.0,21.0,25.965987208168137,percentile,137,729,220,10,0.9319727891156463,0.8418013856812933,0.15639269406392695,0.05341006306361057
by_radar,KTLX,max_mesh_75_mh19_buffer,sig_severe_obs,2.0,22.0,26.227077325356472,percentile,137,718,231,10,0.9319727891156463,0.839766081871345,0.15838150289017341,0.057785461407474065
by_radar,KTLX,max_mesh_75_mh19_buffer,sig_severe_obs,2.0,23.0,26.72776707941007,percentile,135,709,240,12,0.9183673469387755,0.840047393364929,0.15771028037383178,0.05702147971360382
by_radar,KTLX,max_mesh_75_mh19_buffer,sig_severe_obs,2.0,24.0,27.1574389968945,percentile,134,699,250,13,0.9115646258503401,0.8391356542617047,0.15839243498817968,0.05888482328281744
by_radar,KTLX,max_mesh_75_mh19_buffer,sig_severe_obs,2.0,25.0,27.532073474463775,percentile,133,689,260,14,0.9047619047619048,0.8381995133819952,0.1590909090909091,0.06078824315297261
by_radar,KTLX,max_mesh_75_mh19_buffer,sig_severe_obs,2.0,26.0,27.783634989882767,percentile,133,678,271,14,0.9047619047619048,0.8360049321824907,0.16121212121212122,0.0654341038083432
by_radar,KTLX,max_mesh_75_mh19_buffer,sig_severe_obs,2.0,27.0,28.27273258368878,percentile,132,668,281,15,0.8979591836734694,0.835,0.1619631901840491,0.06745133995754393
by_radar,KTLX,max_mesh_75_mh19_buffer,sig_severe_obs,2.0,28.0,28.62132646107095,percentile,131,658,291,16,0.891156462585034,0.8339670468948035,0.16273291925465838,0.06951340865863029
by_radar,KTLX,max_mesh_75_mh19_buffer,sig_severe_obs,2.0,29.0,28.77276687986765,percentile,130,648,301,17,0.8843537414965986,0.8329048843187661,0.16352201257861634,0.07162182129446111
by_radar,KTLX,max_mesh_75_mh19_buffer,sig_severe_obs,2.0,30.0,28.99399975306755,percentile,129,638,311,18,0.8775510204081632,0.8318122555410691,0.1643312101910828,0.07377815795508125
by_radar,KTLX,max_mesh_75_mh19_buffer,sig_severe_obs,2.0,31.0,29.156493748836823,percentile,128,628,321,19,0.8707482993197279,0.8306878306878307,0.16516129032258065,0.07598407138687349
by_radar,KTLX,max_mesh_75_mh19_buffer,sig_severe_obs,2.0,32.0,29.327410044267452,percentile,128,617,332,19,0.8707482993197279,0.8281879194630872,0.16753926701570682,0.08113081695012668
by_radar,KTLX,max_mesh_75_mh19_buffer,sig_severe_obs,2.0,33.0,29.82457309723886,percentile,126,608,341,21,0.8571428571428571,0.8283378746594006,0.16688741721854305,0.08055162847768679
by_radar,KTLX,max_mesh_75_mh19_buffer,sig_severe_obs,2.0,34.0,30.16787032411744,percentile,125,598,351,22,0.8503401360544217,0.8271092669432918,0.16778523489932887,0.08291698044963412
by_radar,KTLX,max_mesh_75_mh19_buffer,sig_severe_obs,2.0,35.0,30.3570695886053,percentile,124,588,361,23,0.8435374149659864,0.8258426966292135,0.16870748299319727,0.08533933586109685
by_radar,KTLX,max_mesh_75_mh19_buffer,sig_severe_obs,2.0,36.0,30.66535190668417,percentile,124,577,372,23,0.8435374149659864,0.8231098430813124,0.1712707182320442,0.09085127620922587
by_radar,KTLX,max_mesh_75_mh19_buffer,sig_severe_obs,2.0,37.0,31.042280034039567,percentile,123,567,382,24,0.8367346938775511,0.8217391304347826,0.1722689075630252,0.09343141700676845
by_radar,KTLX,max_mesh_75_mh19_buffer,sig_severe_obs,2.0,38.0,31.33806222162575,percentile,121,558,391,26,0.8231292517006803,0.8217967599410898,0.17163120567375886,0.09296980174869274
by_radar,KTLX,max_mesh_75_mh19_buffer,sig_severe_obs,2.0,39.0,31.626259502687358,percentile,121,547,402,26,0.8231292517006803,0.8188622754491018,0.17435158501440923,0.09878768397125341
by_radar,KTLX,max_mesh_75_mh19_buffer,sig_severe_obs,2.0,40.0,31.76903650084035,percentile,119,539,410,28,0.8095238095238095,0.8191489361702128,0.17346938775510204,0.09784155115645705
by_radar,KTLX,max_mesh_75_mh19_buffer,sig_severe_obs,2.0,41.0,31.900578349933078,percentile,116,531,418,31,0.7891156462585034,0.8207109737248841,0.1710914454277286,0.094196227680344
by_radar,KTLX,max_mesh_75_mh19_buffer,sig_severe_obs,2.0,42.0,32.09928600044515,percentile,114,522,427,33,0.7755102040816326,0.8207547169811321,0.17040358744394618,0.0937209468640492
by_radar,KTLX,max_mesh_75_mh19_buffer,sig_severe_obs,2.0,43.0,32.3077764264498,percentile,112,513,436,35,0.7619047619047619,0.8208,0.1696969696969697,0.09323300551662082
by_radar,KTLX,max_mesh_75_mh19_buffer,sig_severe_obs,2.0,44.0,32.586855985002416,percentile,111,503,446,36,0.7551020408163265,0.8192182410423453,0.17076923076923076,0.09608593200110169
by_radar,KTLX,max_mesh_75_mh19_buffer,sig_severe_obs,2.0,45.0,32.85991647160437,percentile,109,494,455,38,0.7414965986394558,0.8192371475953566,0.17004680187207488,0.09561699843962787
by_radar,KTLX,max_mesh_75_mh19_buffer,sig_severe_obs,2.0,46.0,33.09752283266452,percentile,109,483,466,38,0.7414965986394558,0.8158783783783784,0.173015873015873,0.1020292626467221
by_radar,KTLX,max_mesh_75_mh19_buffer,sig_severe_obs,2.0,47.0,33.43801430851593,percentile,108,473,476,39,0.7346938775510204,0.8141135972461274,0.17419354838709677,0.10512634872439297
by_radar,KTLX,max_mesh_75_mh19_buffer,sig_severe_obs,2.0,48.0,33.70782386838541,percentile,106,464,485,41,0.7210884353741497,0.8140350877192982,0.1734860883797054,0.10476634123302472
by_radar,KTLX,max_mesh_75_mh19_buffer,sig_severe_obs,2.0,49.0,33.88918403041325,percentile,105,454,495,42,0.7142857142857143,0.8121645796064401,0.17470881863560733,0.10799271450371659
by_radar,KTLX,max_mesh_75_mh19_buffer,sig_severe_obs,2.0,50.0,34.165063543410795,percentile,105,443,506,42,0.7142857142857143,0.8083941605839416,0.17796610169491525,0.11496350364963503
by_radar,KTLX,max_mesh_75_mh19_buffer,sig_severe_obs,2.0,51.0,34.301378040787704,percentile,104,433,516,43,0.7074829931972789,0.8063314711359404,0.1793103448275862,0.11843808403713504
by_radar,KTLX,max_mesh_75_mh19_buffer,sig_severe_obs,2.0,52.0,34.57547783905575,percentile,103,423,526,44,0.7006802721088435,0.8041825095057035,0.18070175438596492,0.12201782614363837
by_radar,KTLX,max_mesh_75_mh19_buffer,sig_severe_obs,2.0,53.0,34.84402226116495,percentile,101,414,535,46,0.6870748299319728,0.8038834951456311,0.1800356506238859,0.12188970672760398
by_radar,KTLX,max_mesh_75_mh19_buffer,sig_severe_obs,2.0,54.0,35.06220735935335,percentile,99,405,544,48,0.673469387755102,0.8035714285714286,0.1793478260869565,0.12175758862237317
by_radar,KTLX,max_mesh_75_mh19_buffer,sig_severe_obs,2.0,55.0,35.295500181537,percentile,98,395,554,49,0.6666666666666666,0.8012170385395537,0.18081180811808117,0.12556019967726748
by_radar,KTLX,max_mesh_75_mh19_buffer,sig_severe_obs,2.0,56.0,35.51713787405454,percentile,97,385,564,50,0.6598639455782312,0.7987551867219918,0.18233082706766918,0.12948531613581754
by_radar,KTLX,max_mesh_75_mh19_buffer,sig_severe_obs,2.0,57.0,35.81825111439712,percentile,96,375,574,51,0.6530612244897959,0.7961783439490446,0.1839080459770115,0.13353895489316214
by_radar,KTLX,max_mesh_75_mh19_buffer,sig_severe_obs,2.0,58.0,36.009386432489435,percentile,95,365,584,52,0.6462585034013606,0.7934782608695652,0.185546875,0.13772753343194374
by_radar,KTLX,max_mesh_75_mh19_buffer,sig_severe_obs,2.0,59.0,36.38088191711357,percentile,93,356,593,54,0.6326530612244898,0.7928730512249443,0.1848906560636183,0.13785230521287006
by_radar,KTLX,max_mesh_75_mh19_buffer,sig_severe_obs,2.0,60.0,36.58346763458106,percentile,91,348,601,56,0.6190476190476191,0.7927107061503417,0.18383838383838383,0.13719285254973793
by_radar,KTLX,max_mesh_75_mh19_buffer,sig_severe_obs,2.0,61.0,36.933008957795295,percentile,89,339,610,58,0.6054421768707483,0.7920560747663551,0.1831275720164609,0.13731243853694128
by_radar,KTLX,max_mesh_75_mh19_buffer,sig_severe_obs,2.0,62.0,37.08706714477051,percentile,88,329,620,59,0.5986394557823129,0.7889688249400479,0.18487394957983194,0.141859686083633
by_radar,KTLX,max_mesh_75_mh19_buffer,sig_severe_obs,2.0,63.0,37.22586845652469,percentile,85,322,627,62,0.5782312925170068,0.7911547911547911,0.1812366737739872,0.13673527155474785
by_radar,KTLX,max_mesh_75_mh19_buffer,sig_severe_obs,2.0,64.0,37.560072915449865,percentile,84,311,638,63,0.5714285714285714,0.7873417721518987,0.18340611353711792,0.14228440140447204
by_radar,KTLX,max_mesh_75_mh19_buffer,sig_severe_obs,2.0,65.0,37.767253536355625,percentile,79,305,644,68,0.5374149659863946,0.7942708333333334,0.1747787610619469,0.12848980984053893
by_radar,KTLX,max_mesh_75_mh19_buffer,sig_severe_obs,2.0,66.0,37.886147501490974,percentile,77,296,653,70,0.5238095238095238,0.7935656836461126,0.17381489841986456,0.1284540409943988
by_radar,KTLX,max_mesh_75_mh19_buffer,sig_severe_obs,2.0,67.0,38.08001207026785,percentile,76,286,663,71,0.5170068027210885,0.7900552486187845,0.17551963048498845,0.13327249045268874
by_radar,KTLX,max_mesh_75_mh19_buffer,sig_severe_obs,2.0,68.0,38.19473550739598,percentile,75,276,673,72,0.5102040816326531,0.7863247863247863,0.1773049645390071,0.13828301861215417
by_radar,KTLX,max_mesh_75_mh19_buffer,sig_severe_obs,2.0,69.0,38.3513187907779,percentile,74,266,683,73,0.5034013605442177,0.7823529411764706,0.1791767554479419,0.1434973443493656
by_radar,KTLX,max_mesh_75_mh19_buffer,sig_severe_obs,2.0,70.0,38.5464308467583,percentile,73,256,693,74,0.4965986394557823,0.7781155015197568,0.18114143920595532,0.14892815963479775
by_radar,KTLX,max_mesh_75_mh19_buffer,sig_severe_obs,2.0,71.0,38.63224777641954,percentile,73,245,704,74,0.4965986394557823,0.7704402515723271,0.18622448979591838,0.15985658948258794
by_radar,KTLX,max_mesh_75_mh19_buffer,sig_severe_obs,2.0,72.0,38.82761999313757,percentile,72,235,714,75,0.4897959183673469,0.7654723127035831,0.18848167539267016,0.16587696341505329
by_radar,KTLX,max_mesh_75_mh19_buffer,sig_severe_obs,2.0,73.0,39.139641620963964,percentile,70,226,723,77,0.47619047619047616,0.7635135135135135,0.1876675603217158,0.1666633208198663
by_radar,KTLX,max_mesh_75_mh19_buffer,sig_severe_obs,2.0,74.0,39.54746408401521,percentile,69,216,733,78,0.46938775510204084,0.7578947368421053,0.19008264462809918,0.1731103823117311
by_radar,KTLX,max_mesh_75_mh19_buffer,sig_severe_obs,2.0,75.0,39.67428966425945,percentile,67,207,742,80,0.4557823129251701,0.7554744525547445,0.18926553672316385,0.17410071942446043
by_radar,KTLX,max_mesh_75_mh19_buffer,sig_severe_obs,2.0,76.0,39.859786494956566,percentile,66,197,752,81,0.4489795918367347,0.7490494296577946,0.19186046511627908,0.18102989479569292
by_radar,KTLX,max_mesh_75_mh19_buffer,sig_severe_obs,2.0,77.0,40.09490003039352,percentile,63,189,760,84,0.42857142857142855,0.75,0.1875,0.17622571692876965
by_radar,KTLX,max_mesh_75_mh19_buffer,sig_severe_obs,2.0,78.0,40.39870325904078,percentile,60,181,768,87,0.40816326530612246,0.7510373443983402,0.18292682926829268,0.171182356360435
by_radar,KTLX,max_mesh_75_mh19_buffer,sig_severe_obs,2.0,79.0,40.72105009431788,percentile,56,174,775,91,0.38095238095238093,0.7565217391304347,0.17445482866043613,0.15953838852684823
by_radar,KTLX,max_mesh_75_mh19_buffer,sig_severe_obs,2.0,80.0,41.03998784444975,percentile,55,166,783,92,0.3741496598639456,0.751131221719457,0.1757188498402556,0.16428356100415542
by_radar,KTLX,max_mesh_75_mh19_buffer,sig_severe_obs,2.0,81.0,41.493278165473605,percentile,53,156,793,94,0.36054421768707484,0.7464114832535885,0.17491749174917492,0.16648921607398168
by_radar,KTLX,max_mesh_75_mh19_buffer,sig_severe_obs,2.0,82.0,41.86976783526441,percentile,52,146,803,95,0.35374149659863946,0.7373737373737373,0.17747440273037543,0.17433762206634407
by_radar,KTLX,max_mesh_75_mh19_buffer,sig_severe_obs,2.0,83.0,42.24400747564214,percentile,50,137,812,97,0.3401360544217687,0.732620320855615,0.176056338028169,0.1755848864944099
by_radar,KTLX,max_mesh_75_mh19_buffer,sig_severe_obs,2.0,84.0,42.63034377730443,percentile,48,129,820,99,0.32653061224489793,0.7288135593220338,0.17391304347826086,0.17546673001920374
by_radar,KTLX,max_mesh_75_mh19_buffer,sig_severe_obs,2.0,85.0,42.96251007566864,percentile,44,121,828,103,0.29931972789115646,0.7333333333333333,0.16417910447761194,0.16336448088549016
by_radar,KTLX,max_mesh_75_mh19_buffer,sig_severe_obs,2.0,86.0,43.416265857210355,percentile,41,113,836,106,0.2789115646258503,0.7337662337662337,0.1576923076923077,0.1566861077928466
by_radar,KTLX,max_mesh_75_mh19_buffer,sig_severe_obs,2.0,87.0,43.94753622134797,percentile,36,107,842,111,0.24489795918367346,0.7482517482517482,0.14173228346456693,0.13368479829440388
by_radar,KTLX,max_mesh_75_mh19_buffer,sig_severe_obs,2.0,88.0,44.48487663269655,percentile,34,98,851,113,0.23129251700680273,0.7424242424242424,0.13877551020408163,0.13379479803428024
by_radar,KTLX,max_mesh_75_mh19_buffer,sig_severe_obs,2.0,89.0,45.1448322787314,percentile,32,89,860,115,0.21768707482993196,0.7355371900826446,0.13559322033898305,0.13391231590446012
by_radar,KTLX,max_mesh_75_mh19_buffer,sig_severe_obs,2.0,90.0,45.62830043794447,percentile,31,79,870,116,0.2108843537414966,0.7181818181818181,0.13716814159292035,0.14282964080021818
by_radar,KTLX,max_mesh_75_mh19_buffer,sig_severe_obs,2.0,91.0,46.14058654063966,percentile,29,70,879,118,0.19727891156462585,0.7070707070707071,0.1336405529953917,0.14328718140617855
by_radar,KTLX,max_mesh_75_mh19_buffer,sig_severe_obs,2.0,92.0,46.72166071296787,percentile,26,62,887,121,0.17687074829931973,0.7045454545454546,0.12440191387559808,0.1343185663478471
by_radar,KTLX,max_mesh_75_mh19_buffer,sig_severe_obs,2.0,93.0,47.28282085171712,percentile,22,55,894,125,0.14965986394557823,0.7142857142857143,0.10891089108910891,0.1148044116195382
by_radar,KTLX,max_mesh_75_mh19_buffer,sig_severe_obs,2.0,94.0,47.99677696673772,percentile,16,50,899,131,0.10884353741496598,0.7575757575757576,0.08121827411167512,0.0731999028237185
by_radar,KTLX,max_mesh_75_mh19_buffer,sig_severe_obs,2.0,95.0,48.49057436304954,percentile,14,41,908,133,0.09523809523809523,0.7454545454545455,0.07446808510638298,0.07074290280769119
by_radar,KTLX,max_mesh_75_mh19_buffer,sig_severe_obs,2.0,96.0,49.2305691706227,percentile,11,33,916,136,0.07482993197278912,0.75,0.06111111111111111,0.05690427698574338
by_radar,KTLX,max_mesh_75_mh19_buffer,sig_severe_obs,2.0,97.0,50.421318908695355,percentile,9,24,925,138,0.061224489795918366,0.7272727272727273,0.05263157894736842,0.05344976489780252
by_radar,KTLX,max_mesh_75_mh19_buffer,sig_severe_obs,2.0,98.0,51.99186689783663,percentile,6,16,933,141,0.04081632653061224,0.7272727272727273,0.03680981595092025,0.0373917518852514
by_radar,KTLX,max_mesh_75_mh19_buffer,sig_severe_obs,2.0,99.0,53.34137125373472,percentile,4,7,942,143,0.027210884353741496,0.6363636363636364,0.025974025974025976,0.03256558428566385
by_radar,KTLX,max_mesh_75_mh19_buffer,sig_severe_obs,2.0,100.0,55.34899642388362,percentile,0,1,948,147,0.0,1.0,0.0,-0.0018157787467420977
