scope,scope_value,field,obs_col,spatial_buffer_km,percentile,threshold,threshold_source,tp,fp,tn,fn,POD,FAR,CSI,HSS
all_radars_all_dates,all,max_reflectivity_buffer,severe_obs,2.0,0.0,40.3101921081543,percentile,1333,687,0,0,1.0,0.3400990099009901,0.6599009900990099,0.0
all_radars_all_dates,all,max_reflectivity_buffer,severe_obs,2.0,1.0,42.59284463882447,percentile,1323,676,11,10,0.9924981245311327,0.3381690845422711,0.6585365853658537,0.011122481456584073
all_radars_all_dates,all,max_reflectivity_buffer,severe_obs,2.0,2.0,45.865759201049805,percentile,1316,663,24,17,0.9872468117029257,0.3350176856998484,0.6593186372745491,0.02872666744919129
all_radars_all_dates,all,max_reflectivity_buffer,severe_obs,2.0,3.0,47.066867980957035,percentile,1308,651,36,25,0.981245311327832,0.332312404287902,0.6592741935483871,0.043181286287457626
all_radars_all_dates,all,max_reflectivity_buffer,severe_obs,2.0,4.0,48.16898132324219,percentile,1300,639,48,33,0.9752438109527382,0.32955131511088187,0.6592292089249493,0.05737653690872502
all_radars_all_dates,all,max_reflectivity_buffer,severe_obs,2.0,5.0,48.703280448913574,percentile,1291,628,59,42,0.9684921230307577,0.3272537780093799,0.6583375828658847,0.06853885722229945
all_radars_all_dates,all,max_reflectivity_buffer,severe_obs,2.0,6.0,49.232463226318366,percentile,1285,613,74,48,0.9639909977494373,0.32297154899894626,0.6603288797533402,0.08955154675729193
all_radars_all_dates,all,max_reflectivity_buffer,severe_obs,2.0,7.0,49.71093727111816,percentile,1277,601,86,56,0.9579894973743436,0.3200212992545261,0.6602895553257497,0.10296376004412384
all_radars_all_dates,all,max_reflectivity_buffer,severe_obs,2.0,8.0,50.09738098144531,percentile,1271,587,100,62,0.9534883720930233,0.3159311087190527,0.6619791666666667,0.1215578748746978
all_radars_all_dates,all,max_reflectivity_buffer,severe_obs,2.0,9.0,50.51382926940918,percentile,1262,576,111,71,0.9467366841710427,0.3133841131664853,0.6610790990047145,0.13178131842435323
all_radars_all_dates,all,max_reflectivity_buffer,severe_obs,2.0,10.0,50.91372337341309,percentile,1257,561,126,76,0.9429857464366092,0.3085808580858086,0.6636747624076029,0.15247472059606174
all_radars_all_dates,all,max_reflectivity_buffer,severe_obs,2.0,11.0,51.23639232635498,percentile,1254,543,144,79,0.940735183795949,0.3021702838063439,0.6684434968017058,0.17976130011920632
all_radars_all_dates,all,max_reflectivity_buffer,severe_obs,2.0,12.0,51.67286849975586,percentile,1246,531,156,87,0.9347336834208552,0.2988182329769274,0.6684549356223176,0.19185249346482658
all_radars_all_dates,all,max_reflectivity_buffer,severe_obs,2.0,13.0,51.954161148071286,percentile,1237,520,167,96,0.9279819954988747,0.29595902105862265,0.6675661090124123,0.20114943266664012
all_radars_all_dates,all,max_reflectivity_buffer,severe_obs,2.0,14.0,52.1947883605957,percentile,1233,504,183,100,0.9249812453113279,0.29015544041450775,0.6712030484485574,0.22315508246113802
all_radars_all_dates,all,max_reflectivity_buffer,severe_obs,2.0,15.0,52.4164405822754,percentile,1226,491,196,107,0.9197299324831207,0.28596389050669774,0.6721491228070176,0.23714759535655058
all_radars_all_dates,all,max_reflectivity_buffer,severe_obs,2.0,16.0,52.697071685791016,percentile,1216,480,207,117,0.9122280570142536,0.2830188679245283,0.670711527854385,0.24489243878064726
all_radars_all_dates,all,max_reflectivity_buffer,severe_obs,2.0,17.0,52.881383743286136,percentile,1209,467,220,124,0.9069767441860465,0.2786396181384248,0.6716666666666666,0.258480313845527
all_radars_all_dates,all,max_reflectivity_buffer,severe_obs,2.0,18.0,53.1155265045166,percentile,1203,453,234,130,0.9024756189047262,0.27355072463768115,0.673572228443449,0.2743412344936545
all_radars_all_dates,all,max_reflectivity_buffer,severe_obs,2.0,19.0,53.36741470336914,percentile,1197,439,248,136,0.8979744936234059,0.26833740831295844,0.6755079006772009,0.2899516078943443
all_radars_all_dates,all,max_reflectivity_buffer,severe_obs,2.0,20.0,53.496978759765625,percentile,1191,425,262,142,0.8934733683420856,0.2629950495049505,0.6774744027303754,0.3053173241852487
all_radars_all_dates,all,max_reflectivity_buffer,severe_obs,2.0,21.0,53.652156829833984,percentile,1184,413,274,149,0.8882220555138785,0.25860989355040703,0.6781214203894617,0.31653138655194046
all_radars_all_dates,all,max_reflectivity_buffer,severe_obs,2.0,22.0,53.831282958984374,percentile,1173,402,285,160,0.8799699924981246,0.25523809523809526,0.6760806916426513,0.3223297377642206
all_radars_all_dates,all,max_reflectivity_buffer,severe_obs,2.0,23.0,53.950260238647466,percentile,1166,389,298,167,0.8747186796699175,0.25016077170418005,0.6771196283391405,0.334695787646686
all_radars_all_dates,all,max_reflectivity_buffer,severe_obs,2.0,24.0,54.123600769042966,percentile,1156,379,308,177,0.8672168042010503,0.2469055374592834,0.6752336448598131,0.33974897857205844
all_radars_all_dates,all,max_reflectivity_buffer,severe_obs,2.0,25.0,54.32890605926514,percentile,1146,369,318,187,0.859714928732183,0.24356435643564356,0.6733254994124559,0.3447259870359458
all_radars_all_dates,all,max_reflectivity_buffer,severe_obs,2.0,26.0,54.47641700744629,percentile,1134,361,326,199,0.8507126781695424,0.24147157190635452,0.6694214876033058,0.3449495914621082
all_radars_all_dates,all,max_reflectivity_buffer,severe_obs,2.0,27.0,54.66109249114991,percentile,1126,348,339,207,0.8447111777944486,0.23609226594301222,0.6698393813206425,0.35585846467822224
all_radars_all_dates,all,max_reflectivity_buffer,severe_obs,2.0,28.0,54.82060424804688,percentile,1117,337,350,216,0.8379594898724682,0.23177441540577717,0.6688622754491018,0.36290903947584546
all_radars_all_dates,all,max_reflectivity_buffer,severe_obs,2.0,29.0,54.950981636047366,percentile,1106,328,359,227,0.8297074268567142,0.22873082287308227,0.6658639373871162,0.36528192330164366
all_radars_all_dates,all,max_reflectivity_buffer,severe_obs,2.0,30.0,55.02517509460449,percentile,1093,321,366,240,0.8199549887471868,0.22701555869872703,0.6608222490931076,0.3630790190735695
all_radars_all_dates,all,max_reflectivity_buffer,severe_obs,2.0,31.0,55.145032806396486,percentile,1078,316,371,255,0.808702175543886,0.2266857962697274,0.6537295330503335,0.3563992911252271
all_radars_all_dates,all,max_reflectivity_buffer,severe_obs,2.0,32.0,55.28950988769531,percentile,1064,309,378,269,0.7981995498874719,0.22505462490895847,0.6479902557856273,0.35340382853870683
all_radars_all_dates,all,max_reflectivity_buffer,severe_obs,2.0,33.0,55.42049011230469,percentile,1052,301,386,281,0.7891972993248312,0.22246858832224686,0.6438188494492044,0.35355450445447156
all_radars_all_dates,all,max_reflectivity_buffer,severe_obs,2.0,34.0,55.53544616699219,percentile,1037,297,390,296,0.7779444861215303,0.22263868065967016,0.6361963190184049,0.3457520252379163
all_radars_all_dates,all,max_reflectivity_buffer,severe_obs,2.0,35.0,55.6977725982666,percentile,1022,291,396,311,0.7666916729182296,0.22162985529322163,0.6293103448275862,0.34070748001314205
all_radars_all_dates,all,max_reflectivity_buffer,severe_obs,2.0,36.0,55.84923767089844,percentile,1010,283,404,323,0.7576894223555889,0.2188708430007734,0.625,0.3409433277591793
all_radars_all_dates,all,max_reflectivity_buffer,severe_obs,2.0,37.0,55.9585376739502,percentile,996,276,411,337,0.7471867966991748,0.2169811320754717,0.6190180236171535,0.3381643958036247
all_radars_all_dates,all,max_reflectivity_buffer,severe_obs,2.0,38.0,56.08236999511719,percentile,985,267,420,348,0.7389347336834209,0.213258785942492,0.615625,0.34055889266126926
all_radars_all_dates,all,max_reflectivity_buffer,severe_obs,2.0,39.0,56.277379455566404,percentile,971,261,426,362,0.7284321080270068,0.21185064935064934,0.609159347553325,0.33653101980822314
all_radars_all_dates,all,max_reflectivity_buffer,severe_obs,2.0,40.0,56.40940856933593,percentile,957,255,432,376,0.7179294823705926,0.2103960396039604,0.6026448362720404,0.3325576475565898
all_radars_all_dates,all,max_reflectivity_buffer,severe_obs,2.0,41.0,56.520413627624514,percentile,941,251,436,392,0.705926481620405,0.2105704697986577,0.5940656565656566,0.3244350961288403
all_radars_all_dates,all,max_reflectivity_buffer,severe_obs,2.0,42.0,56.656580963134765,percentile,924,248,439,409,0.6931732933233309,0.21160409556313994,0.5844402277039848,0.3143337184094634
all_radars_all_dates,all,max_reflectivity_buffer,severe_obs,2.0,43.0,56.7903345489502,percentile,912,239,448,421,0.6841710427606902,0.20764552562988706,0.5801526717557252,0.315996909364973
all_radars_all_dates,all,max_reflectivity_buffer,severe_obs,2.0,44.0,56.92493515014648,percentile,895,236,451,438,0.6714178544636159,0.20866489832007074,0.5704270235818993,0.30608745821937844
all_radars_all_dates,all,max_reflectivity_buffer,severe_obs,2.0,45.0,57.05542182922363,percentile,881,230,457,452,0.6609152288072018,0.207020702070207,0.563659628918746,0.3024445126316866
all_radars_all_dates,all,max_reflectivity_buffer,severe_obs,2.0,46.0,57.14398475646973,percentile,866,225,462,467,0.6496624156039009,0.20623281393217233,0.5558408215661104,0.29681659903997937
all_radars_all_dates,all,max_reflectivity_buffer,severe_obs,2.0,47.0,57.24209735870361,percentile,849,222,465,484,0.6369092273068268,0.20728291316526612,0.5459807073954984,0.28722297247992545
all_radars_all_dates,all,max_reflectivity_buffer,severe_obs,2.0,48.0,57.37391204833985,percentile,833,217,470,500,0.6249062265566392,0.20666666666666667,0.5374193548387097,0.2809924740364185
all_radars_all_dates,all,max_reflectivity_buffer,severe_obs,2.0,49.0,57.500043334960935,percentile,819,211,476,514,0.614403600900225,0.20485436893203884,0.530440414507772,0.27760348841797877
all_radars_all_dates,all,max_reflectivity_buffer,severe_obs,2.0,50.0,57.589691162109375,percentile,805,205,482,528,0.6039009752438109,0.20297029702970298,0.523407022106632,0.2742574257425743
all_radars_all_dates,all,max_reflectivity_buffer,severe_obs,2.0,51.0,57.67061477661133,percentile,790,200,487,543,0.5926481620405101,0.20202020202020202,0.5153294194390085,0.2689857387780549
all_radars_all_dates,all,max_reflectivity_buffer,severe_obs,2.0,52.0,57.8257846069336,percentile,775,195,492,558,0.5813953488372093,0.20103092783505155,0.5071989528795812,0.2637799848986467
all_radars_all_dates,all,max_reflectivity_buffer,severe_obs,2.0,53.0,57.92038391113282,percentile,757,192,495,576,0.5678919729932483,0.20231822971549,0.4963934426229508,0.25401253891362113
all_radars_all_dates,all,max_reflectivity_buffer,severe_obs,2.0,54.0,58.02819725036622,percentile,743,186,501,590,0.5573893473368342,0.20021528525296017,0.489137590520079,0.2508958072683446
all_radars_all_dates,all,max_reflectivity_buffer,severe_obs,2.0,55.0,58.1672685623169,percentile,730,179,508,603,0.5476369092273068,0.19691969196919692,0.4828042328042328,0.249736160414468
all_radars_all_dates,all,max_reflectivity_buffer,severe_obs,2.0,56.0,58.22924865722656,percentile,714,175,512,619,0.5356339084771192,0.1968503937007874,0.473474801061008,0.24286926810570034
all_radars_all_dates,all,max_reflectivity_buffer,severe_obs,2.0,57.0,58.32709636688232,percentile,700,169,518,633,0.5251312828207052,0.19447640966628307,0.46604527296937415,0.23987676923697712
all_radars_all_dates,all,max_reflectivity_buffer,severe_obs,2.0,58.0,58.43734443664551,percentile,684,164,523,649,0.5131282820705176,0.19339622641509435,0.45691382765531063,0.23432479257310063
all_radars_all_dates,all,max_reflectivity_buffer,severe_obs,2.0,59.0,58.58482555389404,percentile,675,153,534,658,0.5063765941485371,0.18478260869565216,0.45423956931359355,0.24078169519300463
all_radars_all_dates,all,max_reflectivity_buffer,severe_obs,2.0,60.0,58.72129516601562,percentile,660,148,539,673,0.4951237809452363,0.18316831683168316,0.44564483457123566,0.23599478875860785
all_radars_all_dates,all,max_reflectivity_buffer,severe_obs,2.0,61.0,58.87263507843018,percentile,645,143,544,688,0.4838709677419355,0.1814720812182741,0.4369918699186992,0.23126452868000358
all_radars_all_dates,all,max_reflectivity_buffer,severe_obs,2.0,62.0,58.97514709472656,percentile,633,135,552,700,0.4748687171792948,0.17578125,0.4311989100817439,0.23210770432663855
all_radars_all_dates,all,max_reflectivity_buffer,severe_obs,2.0,63.0,59.070465850830075,percentile,617,131,556,716,0.4628657164291073,0.1751336898395722,0.421448087431694,0.2256269880495254
all_radars_all_dates,all,max_reflectivity_buffer,severe_obs,2.0,64.0,59.182865142822266,percentile,604,123,564,729,0.45311327831957987,0.16918844566712518,0.41483516483516486,0.22580923771197534
all_radars_all_dates,all,max_reflectivity_buffer,severe_obs,2.0,65.0,59.31929397583008,percentile,589,118,569,744,0.4418604651162791,0.1669024045261669,0.40592694693314957,0.22124853193603758
all_radars_all_dates,all,max_reflectivity_buffer,severe_obs,2.0,66.0,59.389207153320314,percentile,574,113,574,759,0.43060765191297823,0.16448326055312956,0.3969571230982019,0.2167402299300356
all_radars_all_dates,all,max_reflectivity_buffer,severe_obs,2.0,67.0,59.49307655334473,percentile,560,107,580,773,0.42010502625656415,0.16041979010494753,0.3888888888888889,0.21406963901850667
all_radars_all_dates,all,max_reflectivity_buffer,severe_obs,2.0,68.0,59.60623764038086,percentile,546,101,586,787,0.40960240060015,0.1561051004636785,0.3807531380753138,0.21142938535137412
all_radars_all_dates,all,max_reflectivity_buffer,severe_obs,2.0,69.0,59.72531692504883,percentile,528,98,589,805,0.396099024756189,0.15654952076677317,0.3689727463312369,0.20286295637216684
all_radars_all_dates,all,max_reflectivity_buffer,severe_obs,2.0,70.0,59.85974349975586,percentile,509,97,590,824,0.3818454613653413,0.16006600660066006,0.3559440559440559,0.1915379213483146
all_radars_all_dates,all,max_reflectivity_buffer,severe_obs,2.0,71.0,59.99729537963867,percentile,490,97,590,843,0.3675918979744936,0.16524701873935263,0.34265734265734266,0.1792373148766911
all_radars_all_dates,all,max_reflectivity_buffer,severe_obs,2.0,72.0,60.08077499389648,percentile,476,90,597,857,0.3570892723180795,0.15901060070671377,0.33450456781447646,0.17794573670060987
all_radars_all_dates,all,max_reflectivity_buffer,severe_obs,2.0,73.0,60.17913692474365,percentile,461,85,602,872,0.34583645911477867,0.15567765567765568,0.3251057827926657,0.1738520238091168
all_radars_all_dates,all,max_reflectivity_buffer,severe_obs,2.0,74.0,60.33028129577636,percentile,444,81,606,889,0.33308327081770445,0.15428571428571428,0.314002828854314,0.1674562674473446
all_radars_all_dates,all,max_reflectivity_buffer,severe_obs,2.0,75.0,60.47235679626465,percentile,430,75,612,903,0.3225806451612903,0.1485148514851485,0.3053977272727273,0.16517285531370038
all_radars_all_dates,all,max_reflectivity_buffer,severe_obs,2.0,76.0,60.582269287109376,percentile,416,69,618,917,0.31207801950487624,0.1422680412371134,0.2967189728958631,0.1629142412843844
all_radars_all_dates,all,max_reflectivity_buffer,severe_obs,2.0,77.0,60.74732250213623,percentile,402,63,624,931,0.3015753938484621,0.13548387096774195,0.28796561604584525,0.16068002357593417
all_radars_all_dates,all,max_reflectivity_buffer,severe_obs,2.0,78.0,60.95169494628907,percentile,383,62,625,950,0.2873218304576144,0.1393258426966292,0.2745519713261649,0.1500713041381346
all_radars_all_dates,all,max_reflectivity_buffer,severe_obs,2.0,79.0,61.158871612548836,percentile,366,58,629,967,0.2745686421605401,0.13679245283018868,0.2631200575125809,0.14398145162223888
all_radars_all_dates,all,max_reflectivity_buffer,severe_obs,2.0,80.0,61.27864608764649,percentile,352,52,635,981,0.26406601650412603,0.12871287128712872,0.25415162454873647,0.1418840338926732
all_radars_all_dates,all,max_reflectivity_buffer,severe_obs,2.0,81.0,61.486281394958496,percentile,333,51,636,1000,0.24981245311327832,0.1328125,0.24060693641618497,0.13154566235075243
all_radars_all_dates,all,max_reflectivity_buffer,severe_obs,2.0,82.0,61.720408248901364,percentile,319,45,642,1014,0.23930982745686422,0.12362637362637363,0.23149492017416545,0.12953567748897668
all_radars_all_dates,all,max_reflectivity_buffer,severe_obs,2.0,83.0,61.94983310699463,percentile,300,44,643,1033,0.2250562640660165,0.12790697674418605,0.2178649237472767,0.11937002213374481
all_radars_all_dates,all,max_reflectivity_buffer,severe_obs,2.0,84.0,62.12509185791016,percentile,285,39,648,1048,0.21380345086271568,0.12037037037037036,0.20772594752186588,0.1158174663640654
all_radars_all_dates,all,max_reflectivity_buffer,severe_obs,2.0,85.0,62.314272499084474,percentile,269,34,653,1064,0.20180045011252815,0.11221122112211221,0.196781272860278,0.11172235256047246
all_radars_all_dates,all,max_reflectivity_buffer,severe_obs,2.0,86.0,62.493012313842776,percentile,252,31,656,1081,0.18904726181545387,0.10954063604240283,0.18475073313782991,0.10502732841350172
all_radars_all_dates,all,max_reflectivity_buffer,severe_obs,2.0,87.0,62.815895080566406,percentile,237,27,660,1096,0.17779444861215304,0.10227272727272728,0.17426470588235293,0.10057269372225544
all_radars_all_dates,all,max_reflectivity_buffer,severe_obs,2.0,88.0,63.04575897216797,percentile,217,26,661,1116,0.16279069767441862,0.10699588477366255,0.15967623252391464,0.09024869837779342
all_radars_all_dates,all,max_reflectivity_buffer,severe_obs,2.0,89.0,63.21259307861328,percentile,201,23,664,1132,0.15078769692423105,0.10267857142857142,0.14823008849557523,0.08432484705387377
all_radars_all_dates,all,max_reflectivity_buffer,severe_obs,2.0,90.0,63.396187973022464,percentile,185,17,670,1148,0.13878469617404351,0.08415841584158416,0.13703703703703704,0.0815200252286345
all_radars_all_dates,all,max_reflectivity_buffer,severe_obs,2.0,91.0,63.575138092041016,percentile,168,15,672,1165,0.12603150787696923,0.08196721311475409,0.12462908011869436,0.07412946184066295
all_radars_all_dates,all,max_reflectivity_buffer,severe_obs,2.0,92.0,63.77290649414063,percentile,151,11,676,1182,0.11327831957989497,0.06790123456790123,0.11235119047619048,0.06883595413924531
all_radars_all_dates,all,max_reflectivity_buffer,severe_obs,2.0,93.0,64.1448600769043,percentile,135,7,680,1198,0.10127531882970743,0.04929577464788732,0.10074626865671642,0.06414172172393853
all_radars_all_dates,all,max_reflectivity_buffer,severe_obs,2.0,94.0,64.44495559692382,percentile,117,5,682,1216,0.08777194298574643,0.040983606557377046,0.08744394618834081,0.05640266763790396
all_radars_all_dates,all,max_reflectivity_buffer,severe_obs,2.0,95.0,64.89350891113281,percentile,97,4,683,1236,0.072768192048012,0.039603960396039604,0.07255048616305161,0.046667179211193975
all_radars_all_dates,all,max_reflectivity_buffer,severe_obs,2.0,96.0,65.34809753417969,percentile,77,4,683,1256,0.05776444111027757,0.04938271604938271,0.05759162303664921,0.03603104758716132
all_radars_all_dates,all,max_reflectivity_buffer,severe_obs,2.0,97.0,65.90758346557617,percentile,59,2,685,1274,0.04426106526631658,0.03278688524590164,0.044194756554307116,0.028543818269943247
all_radars_all_dates,all,max_reflectivity_buffer,severe_obs,2.0,98.0,66.19182052612305,percentile,39,2,685,1294,0.029257314328582147,0.04878048780487805,0.029213483146067417,0.01809859371518888
all_radars_all_dates,all,max_reflectivity_buffer,severe_obs,2.0,99.0,66.86100090026855,percentile,20,1,686,1313,0.015003750937734433,0.047619047619047616,0.014992503748125937,0.009262086362031343
all_radars_all_dates,all,max_reflectivity_buffer,severe_obs,2.0,100.0,71.39029693603516,percentile,0,1,686,1333,0.0,1.0,0.0,-0.0009903366030042935
all_radars_all_dates,all,max_reflectivity_buffer,sig_severe_obs,2.0,0.0,40.3101921081543,percentile,282,1738,0,0,1.0,0.8603960396039604,0.13960396039603962,0.0
all_radars_all_dates,all,max_reflectivity_buffer,sig_severe_obs,2.0,1.0,42.59284463882447,percentile,281,1718,20,1,0.9964539007092199,0.8594297148574287,0.1405,0.002242410171416224
all_radars_all_dates,all,max_reflectivity_buffer,sig_severe_obs,2.0,2.0,45.865759201049805,percentile,279,1700,38,3,0.9893617021276596,0.8590197069226883,0.14076690211907164,0.0031885818402672336
all_radars_all_dates,all,max_reflectivity_buffer,sig_severe_obs,2.0,3.0,47.066867980957035,percentile,278,1681,57,4,0.9858156028368794,0.8580908626850434,0.14161996943453897,0.00533147240282132
all_radars_all_dates,all,max_reflectivity_buffer,sig_severe_obs,2.0,4.0,48.16898132324219,percentile,276,1663,75,6,0.9787234042553191,0.8576585869004641,0.14190231362467867,0.006320398582419837
all_radars_all_dates,all,max_reflectivity_buffer,sig_severe_obs,2.0,5.0,48.703280448913574,percentile,270,1649,89,12,0.9574468085106383,0.8593017196456487,0.13982392542723976,0.002522219553206822
all_radars_all_dates,all,max_reflectivity_buffer,sig_severe_obs,2.0,6.0,49.232463226318366,percentile,268,1630,108,14,0.950354609929078,0.8587987355110642,0.1401673640167364,0.00367462635698359
all_radars_all_dates,all,max_reflectivity_buffer,sig_severe_obs,2.0,7.0,49.71093727111816,percentile,267,1611,127,15,0.9468085106382979,0.8578274760383386,0.1410459587955626,0.0058982908031699685
all_radars_all_dates,all,max_reflectivity_buffer,sig_severe_obs,2.0,8.0,50.09738098144531,percentile,265,1593,145,17,0.9397163120567376,0.8573735199138859,0.14133333333333334,0.006927870510380813
all_radars_all_dates,all,max_reflectivity_buffer,sig_severe_obs,2.0,9.0,50.51382926940918,percentile,265,1573,165,17,0.9397163120567376,0.8558215451577802,0.14285714285714285,0.010465319764074327
all_radars_all_dates,all,max_reflectivity_buffer,sig_severe_obs,2.0,10.0,50.91372337341309,percentile,264,1554,184,18,0.9361702127659575,0.8547854785478548,0.1437908496732026,0.01281085154483798
all_radars_all_dates,all,max_reflectivity_buffer,sig_severe_obs,2.0,11.0,51.23639232635498,percentile,264,1533,205,18,0.9361702127659575,0.8530884808013356,0.14545454545454545,0.01665122445443794
all_radars_all_dates,all,max_reflectivity_buffer,sig_severe_obs,2.0,12.0,51.67286849975586,percentile,264,1513,225,18,0.9361702127659575,0.851435002813731,0.14707520891364903,0.02037788347748081
all_radars_all_dates,all,max_reflectivity_buffer,sig_severe_obs,2.0,13.0,51.954161148071286,percentile,263,1494,244,19,0.9326241134751773,0.8503130335799659,0.14808558558558557,0.022882303141600956
all_radars_all_dates,all,max_reflectivity_buffer,sig_severe_obs,2.0,14.0,52.1947883605957,percentile,263,1474,264,19,0.9326241134751773,0.8485895221646517,0.14977220956719817,0.026737560638097378
all_radars_all_dates,all,max_reflectivity_buffer,sig_severe_obs,2.0,15.0,52.4164405822754,percentile,263,1454,284,19,0.9326241134751773,0.8468258590564939,0.15149769585253456,0.030665964727559884
all_radars_all_dates,all,max_reflectivity_buffer,sig_severe_obs,2.0,16.0,52.697071685791016,percentile,262,1434,304,20,0.9290780141843972,0.8455188679245284,0.15268065268065267,0.03354243610431798
all_radars_all_dates,all,max_reflectivity_buffer,sig_severe_obs,2.0,17.0,52.881383743286136,percentile,262,1414,324,20,0.9290780141843972,0.8436754176610979,0.1544811320754717,0.03761458867681807
all_radars_all_dates,all,max_reflectivity_buffer,sig_severe_obs,2.0,18.0,53.1155265045166,percentile,260,1396,342,22,0.9219858156028369,0.8429951690821256,0.15494636471990464,0.039055601628569206
all_radars_all_dates,all,max_reflectivity_buffer,sig_severe_obs,2.0,19.0,53.36741470336914,percentile,258,1378,360,24,0.9148936170212766,0.8422982885085575,0.15542168674698795,0.04052504763427717
all_radars_all_dates,all,max_reflectivity_buffer,sig_severe_obs,2.0,20.0,53.496978759765625,percentile,258,1358,380,24,0.9148936170212766,0.8403465346534653,0.1573170731707317,0.04478849875587503
all_radars_all_dates,all,max_reflectivity_buffer,sig_severe_obs,2.0,21.0,53.652156829833984,percentile,258,1339,399,24,0.9148936170212766,0.8384470882905448,0.1591610117211598,0.048918225054510184
all_radars_all_dates,all,max_reflectivity_buffer,sig_severe_obs,2.0,22.0,53.831282958984374,percentile,257,1318,420,25,0.9113475177304965,0.8368253968253968,0.160625,0.05238853725671012
all_radars_all_dates,all,max_reflectivity_buffer,sig_severe_obs,2.0,23.0,53.950260238647466,percentile,256,1299,439,26,0.9078014184397163,0.8353697749196142,0.16192283364958887,0.0554818401253476
all_radars_all_dates,all,max_reflectivity_buffer,sig_severe_obs,2.0,24.0,54.123600769042966,percentile,256,1279,459,26,0.9078014184397163,0.8332247557003257,0.16399743754003843,0.0600798687869928
all_radars_all_dates,all,max_reflectivity_buffer,sig_severe_obs,2.0,25.0,54.32890605926514,percentile,255,1260,478,27,0.9042553191489362,0.8316831683168316,0.16536964980544747,0.06331877729257641
all_radars_all_dates,all,max_reflectivity_buffer,sig_severe_obs,2.0,26.0,54.47641700744629,percentile,253,1242,496,29,0.8971631205673759,0.8307692307692308,0.16601049868766404,0.0651553328769717
all_radars_all_dates,all,max_reflectivity_buffer,sig_severe_obs,2.0,27.0,54.66109249114991,percentile,250,1224,514,32,0.8865248226950354,0.830393487109905,0.16600265604249667,0.06578726437743208
all_radars_all_dates,all,max_reflectivity_buffer,sig_severe_obs,2.0,28.0,54.82060424804688,percentile,250,1204,534,32,0.8865248226950354,0.828060522696011,0.16823687752355315,0.07069882947774637
all_radars_all_dates,all,max_reflectivity_buffer,sig_severe_obs,2.0,29.0,54.950981636047366,percentile,248,1186,552,34,0.8794326241134752,0.8270571827057183,0.16893732970027248,0.07267763017282122
all_radars_all_dates,all,max_reflectivity_buffer,sig_severe_obs,2.0,30.0,55.02517509460449,percentile,245,1169,569,37,0.8687943262411347,0.8267326732673267,0.16884906960716747,0.07316323393790347
all_radars_all_dates,all,max_reflectivity_buffer,sig_severe_obs,2.0,31.0,55.145032806396486,percentile,241,1153,585,41,0.8546099290780141,0.827116212338594,0.16794425087108014,0.07210545592204683
all_radars_all_dates,all,max_reflectivity_buffer,sig_severe_obs,2.0,32.0,55.28950988769531,percentile,238,1135,603,44,0.8439716312056738,0.8266569555717407,0.1679604798870854,0.0728562930757947
all_radars_all_dates,all,max_reflectivity_buffer,sig_severe_obs,2.0,33.0,55.42049011230469,percentile,237,1116,622,45,0.8404255319148937,0.8248337028824834,0.16952789699570817,0.0765425215230067
all_radars_all_dates,all,max_reflectivity_buffer,sig_severe_obs,2.0,34.0,55.53544616699219,percentile,234,1100,638,48,0.8297872340425532,0.8245877061469266,0.16931982633863965,0.07682655345819811
all_radars_all_dates,all,max_reflectivity_buffer,sig_severe_obs,2.0,35.0,55.6977725982666,percentile,231,1082,656,51,0.8191489361702128,0.824067022086824,0.1693548387096774,0.07766199934874633
all_radars_all_dates,all,max_reflectivity_buffer,sig_severe_obs,2.0,36.0,55.84923767089844,percentile,228,1065,673,54,0.8085106382978723,0.8236658932714617,0.16926503340757237,0.07824167865566614
all_radars_all_dates,all,max_reflectivity_buffer,sig_severe_obs,2.0,37.0,55.9585376739502,percentile,225,1047,691,57,0.7978723404255319,0.8231132075471698,0.16930022573363432,0.07911558625610735
all_radars_all_dates,all,max_reflectivity_buffer,sig_severe_obs,2.0,38.0,56.08236999511719,percentile,222,1030,708,60,0.7872340425531915,0.8226837060702875,0.16920731707317074,0.07972742076243275
all_radars_all_dates,all,max_reflectivity_buffer,sig_severe_obs,2.0,39.0,56.277379455566404,percentile,221,1011,727,61,0.7836879432624113,0.8206168831168831,0.17092034029389017,0.08377308930402906
all_radars_all_dates,all,max_reflectivity_buffer,sig_severe_obs,2.0,40.0,56.40940856933593,percentile,218,994,744,64,0.7730496453900709,0.8201320132013201,0.17084639498432602,0.0844582900657667
all_radars_all_dates,all,max_reflectivity_buffer,sig_severe_obs,2.0,41.0,56.520413627624514,percentile,215,977,761,67,0.7624113475177305,0.8196308724832215,0.17077045274027006,0.08516080222384946
all_radars_all_dates,all,max_reflectivity_buffer,sig_severe_obs,2.0,42.0,56.656580963134765,percentile,213,959,779,69,0.7553191489361702,0.818259385665529,0.1716357775987107,0.08765627800878004
all_radars_all_dates,all,max_reflectivity_buffer,sig_severe_obs,2.0,43.0,56.7903345489502,percentile,209,942,796,73,0.7411347517730497,0.8184187662901824,0.1707516339869281,0.08692778789185107
all_radars_all_dates,all,max_reflectivity_buffer,sig_severe_obs,2.0,44.0,56.92493515014648,percentile,204,927,811,78,0.723404255319149,0.8196286472148541,0.1687344913151365,0.08404530639205622
all_radars_all_dates,all,max_reflectivity_buffer,sig_severe_obs,2.0,45.0,57.05542182922363,percentile,200,911,827,82,0.7092198581560284,0.81998199819982,0.16764459346186086,0.08293313631326191
all_radars_all_dates,all,max_reflectivity_buffer,sig_severe_obs,2.0,46.0,57.14398475646973,percentile,197,894,844,85,0.6985815602836879,0.8194317140238313,0.16751700680272108,0.08366293875826177
all_radars_all_dates,all,max_reflectivity_buffer,sig_severe_obs,2.0,47.0,57.24209735870361,percentile,195,876,862,87,0.6914893617021277,0.8179271708683473,0.16839378238341968,0.08631029546043806
all_radars_all_dates,all,max_reflectivity_buffer,sig_severe_obs,2.0,48.0,57.37391204833985,percentile,192,858,880,90,0.6808510638297872,0.8171428571428572,0.16842105263157894,0.08743638131183165
all_radars_all_dates,all,max_reflectivity_buffer,sig_severe_obs,2.0,49.0,57.500043334960935,percentile,188,842,896,94,0.6666666666666666,0.8174757281553398,0.16725978647686832,0.08630854580248584
all_radars_all_dates,all,max_reflectivity_buffer,sig_severe_obs,2.0,50.0,57.589691162109375,percentile,183,827,911,99,0.648936170212766,0.8188118811881188,0.16501352569882777,0.08316831683168317
all_radars_all_dates,all,max_reflectivity_buffer,sig_severe_obs,2.0,51.0,57.67061477661133,percentile,180,810,928,102,0.6382978723404256,0.8181818181818182,0.16483516483516483,0.08395488990989916
all_radars_all_dates,all,max_reflectivity_buffer,sig_severe_obs,2.0,52.0,57.8257846069336,percentile,178,792,946,104,0.6312056737588653,0.8164948453608247,0.16573556797020483,0.08680296272376839
all_radars_all_dates,all,max_reflectivity_buffer,sig_severe_obs,2.0,53.0,57.92038391113282,percentile,174,775,963,108,0.6170212765957447,0.8166491043203372,0.16461684011352887,0.08595130430504709
all_radars_all_dates,all,max_reflectivity_buffer,sig_severe_obs,2.0,54.0,58.02819725036622,percentile,170,759,979,112,0.6028368794326241,0.8170075349838536,0.1633045148895293,0.0847146905940079
all_radars_all_dates,all,max_reflectivity_buffer,sig_severe_obs,2.0,55.0,58.1672685623169,percentile,166,743,995,116,0.5886524822695035,0.8173817381738174,0.16195121951219513,0.08344003414425949
all_radars_all_dates,all,max_reflectivity_buffer,sig_severe_obs,2.0,56.0,58.22924865722656,percentile,163,726,1012,119,0.5780141843971631,0.8166479190101237,0.16170634920634921,0.08429290609992146
all_radars_all_dates,all,max_reflectivity_buffer,sig_severe_obs,2.0,57.0,58.32709636688232,percentile,163,706,1032,119,0.5780141843971631,0.812428078250863,0.16497975708502025,0.09177809847272664
all_radars_all_dates,all,max_reflectivity_buffer,sig_severe_obs,2.0,58.0,58.43734443664551,percentile,160,688,1050,122,0.5673758865248227,0.8113207547169812,0.16494845360824742,0.09318039735569143
all_radars_all_dates,all,max_reflectivity_buffer,sig_severe_obs,2.0,59.0,58.58482555389404,percentile,157,671,1067,125,0.5567375886524822,0.8103864734299517,0.16474291710388247,0.09423571772997869
all_radars_all_dates,all,max_reflectivity_buffer,sig_severe_obs,2.0,60.0,58.72129516601562,percentile,155,653,1085,127,0.549645390070922,0.8081683168316832,0.1657754010695187,0.0976399814900509
all_radars_all_dates,all,max_reflectivity_buffer,sig_severe_obs,2.0,61.0,58.87263507843018,percentile,153,635,1103,129,0.5425531914893617,0.8058375634517766,0.1668484187568157,0.10115971876004679
all_radars_all_dates,all,max_reflectivity_buffer,sig_severe_obs,2.0,62.0,58.97514709472656,percentile,150,618,1120,132,0.5319148936170213,0.8046875,0.16666666666666666,0.10240732577815063
all_radars_all_dates,all,max_reflectivity_buffer,sig_severe_obs,2.0,63.0,59.070465850830075,percentile,147,601,1137,135,0.5212765957446809,0.803475935828877,0.1664779161947905,0.10369873782802244
all_radars_all_dates,all,max_reflectivity_buffer,sig_severe_obs,2.0,64.0,59.182865142822266,percentile,144,583,1155,138,0.5106382978723404,0.8019257221458047,0.16647398843930636,0.10547663854480417
all_radars_all_dates,all,max_reflectivity_buffer,sig_severe_obs,2.0,65.0,59.31929397583008,percentile,140,567,1171,142,0.49645390070921985,0.801980198019802,0.16489988221436985,0.10434562910560889
all_radars_all_dates,all,max_reflectivity_buffer,sig_severe_obs,2.0,66.0,59.389207153320314,percentile,136,551,1187,146,0.48226950354609927,0.8020378457059679,0.16326530612244897,0.10317266190716422
all_radars_all_dates,all,max_reflectivity_buffer,sig_severe_obs,2.0,67.0,59.49307655334473,percentile,134,533,1205,148,0.475177304964539,0.7991004497751124,0.16441717791411042,0.1071994143271772
all_radars_all_dates,all,max_reflectivity_buffer,sig_severe_obs,2.0,68.0,59.60623764038086,percentile,133,514,1224,149,0.4716312056737589,0.794435857805255,0.1670854271356784,0.11405384236792108
all_radars_all_dates,all,max_reflectivity_buffer,sig_severe_obs,2.0,69.0,59.72531692504883,percentile,127,499,1239,155,0.450354609929078,0.7971246006389776,0.16261203585147246,0.10803891172483081
all_radars_all_dates,all,max_reflectivity_buffer,sig_severe_obs,2.0,70.0,59.85974349975586,percentile,123,483,1255,159,0.43617021276595747,0.7970297029702971,0.1607843137254902,0.10684474123539232
all_radars_all_dates,all,max_reflectivity_buffer,sig_severe_obs,2.0,71.0,59.99729537963867,percentile,122,465,1273,160,0.4326241134751773,0.7921635434412265,0.16331994645247658,0.11360713102185477
all_radars_all_dates,all,max_reflectivity_buffer,sig_severe_obs,2.0,72.0,60.08077499389648,percentile,117,449,1289,165,0.4148936170212766,0.7932862190812721,0.1600547195622435,0.11010406561931385
all_radars_all_dates,all,max_reflectivity_buffer,sig_severe_obs,2.0,73.0,60.17913692474365,percentile,115,431,1307,167,0.4078014184397163,0.7893772893772893,0.16129032258064516,0.11479859535576309
all_radars_all_dates,all,max_reflectivity_buffer,sig_severe_obs,2.0,74.0,60.33028129577636,percentile,112,413,1325,170,0.3971631205673759,0.7866666666666666,0.16115107913669063,0.11722287187790471
all_radars_all_dates,all,max_reflectivity_buffer,sig_severe_obs,2.0,75.0,60.47235679626465,percentile,109,396,1342,173,0.38652482269503546,0.7841584158415842,0.1607669616519174,0.11919504643962849
all_radars_all_dates,all,max_reflectivity_buffer,sig_severe_obs,2.0,76.0,60.582269287109376,percentile,103,382,1356,179,0.36524822695035464,0.7876288659793814,0.15512048192771086,0.11175732873491143
all_radars_all_dates,all,max_reflectivity_buffer,sig_severe_obs,2.0,77.0,60.74732250213623,percentile,100,365,1373,182,0.3546099290780142,0.7849462365591398,0.1545595054095827,0.11369397118747393
all_radars_all_dates,all,max_reflectivity_buffer,sig_severe_obs,2.0,78.0,60.95169494628907,percentile,96,349,1389,186,0.3404255319148936,0.7842696629213484,0.15213946117274169,0.11240513814514275
all_radars_all_dates,all,max_reflectivity_buffer,sig_severe_obs,2.0,79.0,61.158871612548836,percentile,94,330,1408,188,0.3333333333333333,0.7783018867924528,0.15359477124183007,0.11847168959312004
all_radars_all_dates,all,max_reflectivity_buffer,sig_severe_obs,2.0,80.0,61.27864608764649,percentile,91,313,1425,191,0.32269503546099293,0.7747524752475248,0.15294117647058825,0.12072575017445918
all_radars_all_dates,all,max_reflectivity_buffer,sig_severe_obs,2.0,81.0,61.486281394958496,percentile,85,299,1439,197,0.30141843971631205,0.7786458333333334,0.14629948364888123,0.11235851530550771
all_radars_all_dates,all,max_reflectivity_buffer,sig_severe_obs,2.0,82.0,61.720408248901364,percentile,83,281,1457,199,0.29432624113475175,0.771978021978022,0.14742451154529307,0.1182440543312987
all_radars_all_dates,all,max_reflectivity_buffer,sig_severe_obs,2.0,83.0,61.94983310699463,percentile,78,266,1472,204,0.2765957446808511,0.7732558139534884,0.14233576642335766,0.11312802194106701
all_radars_all_dates,all,max_reflectivity_buffer,sig_severe_obs,2.0,84.0,62.12509185791016,percentile,77,247,1491,205,0.2730496453900709,0.7623456790123457,0.14555765595463138,0.12324368340592903
all_radars_all_dates,all,max_reflectivity_buffer,sig_severe_obs,2.0,85.0,62.314272499084474,percentile,75,228,1510,207,0.26595744680851063,0.7524752475247525,0.14705882352941177,0.13069544364508393
all_radars_all_dates,all,max_reflectivity_buffer,sig_severe_obs,2.0,86.0,62.493012313842776,percentile,75,208,1530,207,0.26595744680851063,0.734982332155477,0.15306122448979592,0.14606270016542935
all_radars_all_dates,all,max_reflectivity_buffer,sig_severe_obs,2.0,87.0,62.815895080566406,percentile,74,190,1548,208,0.2624113475177305,0.7196969696969697,0.15677966101694915,0.15729583322851418
all_radars_all_dates,all,max_reflectivity_buffer,sig_severe_obs,2.0,88.0,63.04575897216797,percentile,70,173,1565,212,0.24822695035460993,0.7119341563786008,0.15384615384615385,0.15783021891866136
all_radars_all_dates,all,max_reflectivity_buffer,sig_severe_obs,2.0,89.0,63.21259307861328,percentile,66,158,1580,216,0.23404255319148937,0.7053571428571429,0.15,0.15662704401954042
all_radars_all_dates,all,max_reflectivity_buffer,sig_severe_obs,2.0,90.0,63.396187973022464,percentile,63,139,1599,219,0.22340425531914893,0.6881188118811881,0.1496437054631829,0.1627689429373246
all_radars_all_dates,all,max_reflectivity_buffer,sig_severe_obs,2.0,91.0,63.575138092041016,percentile,55,128,1610,227,0.1950354609929078,0.6994535519125683,0.13414634146341464,0.14231516299719646
all_radars_all_dates,all,max_reflectivity_buffer,sig_severe_obs,2.0,92.0,63.77290649414063,percentile,51,111,1627,231,0.18085106382978725,0.6851851851851852,0.1297709923664122,0.1423591454875905
all_radars_all_dates,all,max_reflectivity_buffer,sig_severe_obs,2.0,93.0,64.1448600769043,percentile,46,96,1642,236,0.16312056737588654,0.676056338028169,0.12169312169312169,0.13620954363259796
all_radars_all_dates,all,max_reflectivity_buffer,sig_severe_obs,2.0,94.0,64.44495559692382,percentile,42,80,1658,240,0.14893617021276595,0.6557377049180327,0.11602209944751381,0.13498699268807074
all_radars_all_dates,all,max_reflectivity_buffer,sig_severe_obs,2.0,95.0,64.89350891113281,percentile,35,66,1672,247,0.12411347517730496,0.6534653465346535,0.10057471264367816,0.11781285231116122
all_radars_all_dates,all,max_reflectivity_buffer,sig_severe_obs,2.0,96.0,65.34809753417969,percentile,32,49,1689,250,0.11347517730496454,0.6049382716049383,0.09667673716012085,0.12158074161983548
all_radars_all_dates,all,max_reflectivity_buffer,sig_severe_obs,2.0,97.0,65.90758346557617,percentile,23,38,1700,259,0.08156028368794327,0.6229508196721312,0.071875,0.08886850450143974
all_radars_all_dates,all,max_reflectivity_buffer,sig_severe_obs,2.0,98.0,66.19182052612305,percentile,16,25,1713,266,0.05673758865248227,0.6097560975609756,0.05211726384364821,0.0659679408138101
all_radars_all_dates,all,max_reflectivity_buffer,sig_severe_obs,2.0,99.0,66.86100090026855,percentile,7,14,1724,275,0.024822695035460994,0.6666666666666666,0.02364864864864865,0.02738347528223173
all_radars_all_dates,all,max_reflectivity_buffer,sig_severe_obs,2.0,100.0,71.39029693603516,percentile,0,1,1737,282,0.0,1.0,0.0,-0.000987574768515276
all_radars_all_dates,all,max_hdr_size_buffer,severe_obs,2.0,0.0,0.8924772441387177,percentile,1332,684,0,0,1.0,0.3392857142857143,0.6607142857142857,0.0
all_radars_all_dates,all,max_hdr_size_buffer,severe_obs,2.0,1.0,11.084905004501342,percentile,1321,674,10,11,0.9917417417417418,0.33784461152882206,0.6585244267198405,0.008324285197249367
all_radars_all_dates,all,max_hdr_size_buffer,severe_obs,2.0,2.0,11.667537021636964,percentile,1311,664,20,21,0.9842342342342343,0.3362025316455696,0.656813627254509,0.017468367399211107
all_radars_all_dates,all,max_hdr_size_buffer,severe_obs,2.0,3.0,12.009266853332521,percentile,1303,652,32,29,0.9782282282282282,0.33350383631713554,0.6567540322580645,0.032130348713263285
all_radars_all_dates,all,max_hdr_size_buffer,severe_obs,2.0,4.0,12.317325019836426,percentile,1296,639,45,36,0.972972972972973,0.3302325581395349,0.6575342465753424,0.04934359438660027
all_radars_all_dates,all,max_hdr_size_buffer,severe_obs,2.0,5.0,12.58895444869995,percentile,1291,624,60,41,0.9692192192192193,0.3258485639686684,0.6600204498977505,0.07183091570709337
all_radars_all_dates,all,max_hdr_size_buffer,severe_obs,2.0,6.0,12.796394538879394,percentile,1286,609,75,46,0.9654654654654654,0.32137203166226913,0.6625450798557445,0.09391828466972976
all_radars_all_dates,all,max_hdr_size_buffer,severe_obs,2.0,7.0,13.055028247833253,percentile,1280,594,90,52,0.960960960960961,0.31696905016008536,0.6645898234683282,0.11463534018600098
all_radars_all_dates,all,max_hdr_size_buffer,severe_obs,2.0,8.0,13.329701614379884,percentile,1277,577,107,55,0.9587087087087087,0.3112189859762675,0.6689366160293347,0.14138767588549248
all_radars_all_dates,all,max_hdr_size_buffer,severe_obs,2.0,9.0,13.559435892105101,percentile,1275,559,125,57,0.9572072072072072,0.3047982551799346,0.674246430460074,0.17037037037037037
all_radars_all_dates,all,max_hdr_size_buffer,severe_obs,2.0,10.0,13.870798587799072,percentile,1273,541,143,59,0.9557057057057057,0.2982359426681367,0.6796583021890016,0.1988555078683834
all_radars_all_dates,all,max_hdr_size_buffer,severe_obs,2.0,11.0,14.264045906066896,percentile,1265,529,155,67,0.9496996996996997,0.2948717948717949,0.6797420741536808,0.21096926713947992
all_radars_all_dates,all,max_hdr_size_buffer,severe_obs,2.0,12.0,14.578521347045898,percentile,1260,514,170,72,0.9459459459459459,0.2897406989853439,0.6825568797399784,0.23075480543834975
all_radars_all_dates,all,max_hdr_size_buffer,severe_obs,2.0,13.0,14.787143325805664,percentile,1254,500,184,78,0.9414414414414415,0.28506271379703535,0.6844978165938864,0.24760576476057647
all_radars_all_dates,all,max_hdr_size_buffer,severe_obs,2.0,14.0,15.263767623901368,percentile,1252,481,203,80,0.93993993993994,0.2775533756491633,0.6905681191395477,0.2760956726116411
all_radars_all_dates,all,max_hdr_size_buffer,severe_obs,2.0,15.0,15.618277311325073,percentile,1245,468,216,87,0.9346846846846847,0.2732049036777583,0.6916666666666667,0.2897298779651721
all_radars_all_dates,all,max_hdr_size_buffer,severe_obs,2.0,16.0,15.89388771057129,percentile,1232,461,223,100,0.924924924924925,0.2722976963969285,0.6871165644171779,0.2879096967224262
all_radars_all_dates,all,max_hdr_size_buffer,severe_obs,2.0,17.0,16.19280071258545,percentile,1225,448,236,107,0.9196696696696697,0.26778242677824265,0.6882022471910112,0.3012275731822474
all_radars_all_dates,all,max_hdr_size_buffer,severe_obs,2.0,18.0,16.476909637451172,percentile,1221,432,252,111,0.9166666666666666,0.2613430127041742,0.6921768707482994,0.32182523752174497
all_radars_all_dates,all,max_hdr_size_buffer,severe_obs,2.0,19.0,16.649360179901123,percentile,1209,424,260,123,0.9076576576576577,0.25964482547458667,0.6884965831435079,0.32227089694234257
all_radars_all_dates,all,max_hdr_size_buffer,severe_obs,2.0,20.0,16.922042846679688,percentile,1199,414,270,133,0.9001501501501501,0.25666460012399256,0.6867124856815578,0.3276263224900127
all_radars_all_dates,all,max_hdr_size_buffer,severe_obs,2.0,21.0,17.27070379257202,percentile,1193,399,285,139,0.8956456456456456,0.2506281407035176,0.6891969959560947,0.34413096482062
all_radars_all_dates,all,max_hdr_size_buffer,severe_obs,2.0,22.0,17.61772212982178,percentile,1183,389,295,149,0.8881381381381381,0.2474554707379135,0.6873910517141197,0.3492310350786245
all_radars_all_dates,all,max_hdr_size_buffer,severe_obs,2.0,23.0,17.887655830383302,percentile,1176,376,308,156,0.8828828828828829,0.2422680412371134,0.6885245901639344,0.3614540466392318
all_radars_all_dates,all,max_hdr_size_buffer,severe_obs,2.0,24.0,18.07641716003418,percentile,1166,366,318,166,0.8753753753753754,0.23890339425587467,0.6866902237926973,0.3663433724689467
all_radars_all_dates,all,max_hdr_size_buffer,severe_obs,2.0,25.0,18.30194854736328,percentile,1155,357,327,177,0.8671171171171171,0.2361111111111111,0.6838365896980462,0.36879432624113473
all_radars_all_dates,all,max_hdr_size_buffer,severe_obs,2.0,26.0,18.51849994659424,percentile,1146,346,338,186,0.8603603603603603,0.23190348525469168,0.6829558998808105,0.37590078766549356
all_radars_all_dates,all,max_hdr_size_buffer,severe_obs,2.0,27.0,18.714403438568116,percentile,1130,341,343,202,0.8483483483483484,0.2318150917743032,0.675433353257621,0.36800099763062727
all_radars_all_dates,all,max_hdr_size_buffer,severe_obs,2.0,28.0,18.991599655151372,percentile,1118,333,351,214,0.8393393393393394,0.22949689869055823,0.6714714714714715,0.36807360646944753
all_radars_all_dates,all,max_hdr_size_buffer,severe_obs,2.0,29.0,19.222116088867185,percentile,1107,324,360,225,0.831081081081081,0.22641509433962265,0.6684782608695652,0.3704386288241799
all_radars_all_dates,all,max_hdr_size_buffer,severe_obs,2.0,30.0,19.41145610809326,percentile,1097,314,370,235,0.8235735735735735,0.222537207654146,0.6664641555285541,0.37504573728503476
all_radars_all_dates,all,max_hdr_size_buffer,severe_obs,2.0,31.0,19.62729940414429,percentile,1084,307,377,248,0.8138138138138138,0.22070452911574406,0.661378889566809,0.37280542438551884
all_radars_all_dates,all,max_hdr_size_buffer,severe_obs,2.0,32.0,19.944356536865236,percentile,1072,299,385,260,0.8048048048048048,0.21808898614150254,0.6572654812998161,0.3728412870136635
all_radars_all_dates,all,max_hdr_size_buffer,severe_obs,2.0,33.0,20.131139755249023,percentile,1059,293,391,273,0.795045045045045,0.21671597633136094,0.6516923076923077,0.3693091372174467
all_radars_all_dates,all,max_hdr_size_buffer,severe_obs,2.0,34.0,20.29009418487549,percentile,1042,288,396,290,0.7822822822822822,0.21654135338345865,0.6432098765432098,0.3609729132117192
all_radars_all_dates,all,max_hdr_size_buffer,severe_obs,2.0,35.0,20.45887517929077,percentile,1030,280,404,302,0.7732732732732732,0.21374045801526717,0.6389578163771712,0.3610915078804987
all_radars_all_dates,all,max_hdr_size_buffer,severe_obs,2.0,36.0,20.69507369995117,percentile,1015,275,409,317,0.762012012012012,0.2131782945736434,0.6316116988176727,0.3546679124815074
all_radars_all_dates,all,max_hdr_size_buffer,severe_obs,2.0,37.0,20.876475906372068,percentile,998,272,412,334,0.7492492492492493,0.2141732283464567,0.6221945137157108,0.3440037114358617
all_radars_all_dates,all,max_hdr_size_buffer,severe_obs,2.0,38.0,21.00413665771484,percentile,981,269,415,351,0.7364864864864865,0.2152,0.6127420362273579,0.33348690777854567
all_radars_all_dates,all,max_hdr_size_buffer,severe_obs,2.0,39.0,21.20806427001953,percentile,964,266,418,368,0.7237237237237237,0.216260162601626,0.6032540675844806,0.3231144665599024
all_radars_all_dates,all,max_hdr_size_buffer,severe_obs,2.0,40.0,21.398372650146484,percentile,949,261,423,383,0.7124624624624625,0.21570247933884298,0.5957313245448839,0.3171248958570022
all_radars_all_dates,all,max_hdr_size_buffer,severe_obs,2.0,41.0,21.55156774520874,percentile,934,255,429,398,0.7012012012012012,0.2144659377628259,0.5885318210459988,0.31250235006580185
all_radars_all_dates,all,max_hdr_size_buffer,severe_obs,2.0,42.0,21.822087287902836,percentile,920,249,435,412,0.6906906906906907,0.21300256629597947,0.58191018342821,0.3087581699346405
all_radars_all_dates,all,max_hdr_size_buffer,severe_obs,2.0,43.0,22.02241315841675,percentile,911,238,446,421,0.683933933933934,0.2071366405570061,0.5802547770700637,0.3154516787237989
all_radars_all_dates,all,max_hdr_size_buffer,severe_obs,2.0,44.0,22.212844467163084,percentile,896,233,451,436,0.6726726726726727,0.20637732506643047,0.5725239616613419,0.30967385295743505
all_radars_all_dates,all,max_hdr_size_buffer,severe_obs,2.0,45.0,22.400158882141113,percentile,885,224,460,447,0.6644144144144144,0.20198376916140667,0.5687660668380463,0.31217279882848253
all_radars_all_dates,all,max_hdr_size_buffer,severe_obs,2.0,46.0,22.5358699798584,percentile,869,220,464,463,0.6524024024024024,0.20202020202020202,0.5599226804123711,0.3044553555191853
all_radars_all_dates,all,max_hdr_size_buffer,severe_obs,2.0,47.0,22.754090881347658,percentile,852,216,468,480,0.6396396396396397,0.20224719101123595,0.5503875968992248,0.29605548331166015
all_radars_all_dates,all,max_hdr_size_buffer,severe_obs,2.0,48.0,22.8840389251709,percentile,838,210,474,494,0.6291291291291291,0.20038167938931298,0.543450064850843,0.29256388171116854
all_radars_all_dates,all,max_hdr_size_buffer,severe_obs,2.0,49.0,23.026077461242675,percentile,821,207,477,511,0.6163663663663663,0.20136186770428016,0.5334632878492528,0.2831265154756811
all_radars_all_dates,all,max_hdr_size_buffer,severe_obs,2.0,50.0,23.130516052246094,percentile,805,203,481,527,0.6043543543543544,0.2013888888888889,0.5244299674267101,0.2757936507936508
all_radars_all_dates,all,max_hdr_size_buffer,severe_obs,2.0,51.0,23.289744091033935,percentile,792,196,488,540,0.5945945945945946,0.19838056680161945,0.518324607329843,0.27446838473454443
all_radars_all_dates,all,max_hdr_size_buffer,severe_obs,2.0,52.0,23.47513961791992,percentile,777,191,493,555,0.5833333333333334,0.19731404958677687,0.5101772816808929,0.2692415337251609
all_radars_all_dates,all,max_hdr_size_buffer,severe_obs,2.0,53.0,23.707655811309813,percentile,763,185,499,569,0.5728228228228228,0.19514767932489452,0.5029663810151616,0.26602697816715337
all_radars_all_dates,all,max_hdr_size_buffer,severe_obs,2.0,54.0,23.905504035949708,percentile,744,183,501,588,0.5585585585585585,0.19741100323624594,0.4910891089108911,0.2543777846855248
all_radars_all_dates,all,max_hdr_size_buffer,severe_obs,2.0,55.0,24.10646963119507,percentile,727,180,504,605,0.5457957957957958,0.19845644983461963,0.4808201058201058,0.24552912504719734
all_radars_all_dates,all,max_hdr_size_buffer,severe_obs,2.0,56.0,24.316268920898438,percentile,711,176,508,621,0.5337837837837838,0.1984216459977452,0.47148541114058357,0.2386995530993075
all_radars_all_dates,all,max_hdr_size_buffer,severe_obs,2.0,57.0,24.503975868225098,percentile,696,171,513,636,0.5225225225225225,0.1972318339100346,0.4630738522954092,0.23385210049842337
all_radars_all_dates,all,max_hdr_size_buffer,severe_obs,2.0,58.0,24.696037864685056,percentile,684,163,521,648,0.5135135135135135,0.19244391971664698,0.45752508361204014,0.2347251710309035
all_radars_all_dates,all,max_hdr_size_buffer,severe_obs,2.0,59.0,24.88383569717407,percentile,668,159,525,664,0.5015015015015015,0.19226118500604594,0.44802146210596916,0.2280842796368874
all_radars_all_dates,all,max_hdr_size_buffer,severe_obs,2.0,60.0,25.03631401062012,percentile,654,153,531,678,0.49099099099099097,0.1895910780669145,0.4404040404040404,0.22525222255518929
all_radars_all_dates,all,max_hdr_size_buffer,severe_obs,2.0,61.0,25.262156963348385,percentile,637,149,535,695,0.47822822822822825,0.1895674300254453,0.43011478730587444,0.21805307391966117
all_radars_all_dates,all,max_hdr_size_buffer,severe_obs,2.0,62.0,25.483343887329102,percentile,620,146,538,712,0.46546546546546547,0.1906005221932115,0.41948579161028415,0.20978882968225773
all_radars_all_dates,all,max_hdr_size_buffer,severe_obs,2.0,63.0,25.64624366760254,percentile,602,144,540,730,0.4519519519519519,0.19302949061662197,0.4078590785907859,0.19979072657118566
all_radars_all_dates,all,max_hdr_size_buffer,severe_obs,2.0,64.0,25.847275924682616,percentile,587,139,545,745,0.44069069069069067,0.19146005509641872,0.3990482664853841,0.19537091216435862
all_radars_all_dates,all,max_hdr_size_buffer,severe_obs,2.0,65.0,25.93392086029053,percentile,572,134,550,760,0.4294294294294294,0.18980169971671387,0.39017735334242837,0.19100252084545277
all_radars_all_dates,all,max_hdr_size_buffer,severe_obs,2.0,66.0,26.092084121704097,percentile,558,128,556,774,0.4189189189189189,0.18658892128279883,0.3821917808219178,0.18848403058929375
all_radars_all_dates,all,max_hdr_size_buffer,severe_obs,2.0,67.0,26.297835731506346,percentile,547,118,566,785,0.41066066066066065,0.1774436090225564,0.37724137931034485,0.19248826291079812
all_radars_all_dates,all,max_hdr_size_buffer,severe_obs,2.0,68.0,26.530215454101562,percentile,530,115,569,802,0.3978978978978979,0.17829457364341086,0.36627505183137526,0.18465593344130068
all_radars_all_dates,all,max_hdr_size_buffer,severe_obs,2.0,69.0,26.681188297271728,percentile,515,110,574,817,0.3866366366366366,0.176,0.35714285714285715,0.18044899119067917
all_radars_all_dates,all,max_hdr_size_buffer,severe_obs,2.0,70.0,26.939260482788086,percentile,499,106,578,833,0.37462462462462465,0.17520661157024794,0.347009735744089,0.17453141188659696
all_radars_all_dates,all,max_hdr_size_buffer,severe_obs,2.0,71.0,27.139877223968504,percentile,484,101,583,848,0.3633633633633634,0.17264957264957265,0.3377529658060014,0.17042864724797852
all_radars_all_dates,all,max_hdr_size_buffer,severe_obs,2.0,72.0,27.35130882263184,percentile,465,100,584,867,0.3490990990990991,0.17699115044247787,0.32472067039106145,0.15941759026419547
all_radars_all_dates,all,max_hdr_size_buffer,severe_obs,2.0,73.0,27.63284301757812,percentile,449,96,588,883,0.33708708708708707,0.1761467889908257,0.31442577030812324,0.1537155382668025
all_radars_all_dates,all,max_hdr_size_buffer,severe_obs,2.0,74.0,27.80243167877197,percentile,435,89,595,897,0.32657657657657657,0.16984732824427481,0.30612244897959184,0.15260896255371392
all_radars_all_dates,all,max_hdr_size_buffer,severe_obs,2.0,75.0,28.0908203125,percentile,420,85,599,912,0.3153153153153153,0.16831683168316833,0.2964008468595625,0.14762908002809075
all_radars_all_dates,all,max_hdr_size_buffer,severe_obs,2.0,76.0,28.311083984375,percentile,404,80,604,928,0.3033033033033033,0.1652892561983471,0.28611898016997167,0.1431693989071038
all_radars_all_dates,all,max_hdr_size_buffer,severe_obs,2.0,77.0,28.577029705047607,percentile,390,74,610,942,0.2927927927927928,0.15948275862068967,0.2773826458036984,0.14106280193236714
all_radars_all_dates,all,max_hdr_size_buffer,severe_obs,2.0,78.0,28.781564903259277,percentile,375,69,615,957,0.28153153153153154,0.1554054054054054,0.2676659528907923,0.1372972972972973
all_radars_all_dates,all,max_hdr_size_buffer,severe_obs,2.0,79.0,29.00424375534058,percentile,358,66,618,974,0.26876876876876876,0.15566037735849056,0.25608011444921314,0.13022700119474312
all_radars_all_dates,all,max_hdr_size_buffer,severe_obs,2.0,80.0,29.283100128173828,percentile,343,61,623,989,0.2575075075075075,0.15099009900990099,0.24623115577889448,0.1265597147950089
all_radars_all_dates,all,max_hdr_size_buffer,severe_obs,2.0,81.0,29.531250095367433,percentile,330,53,631,1002,0.24774774774774774,0.13838120104438642,0.23826714801444043,0.12730065880823657
all_radars_all_dates,all,max_hdr_size_buffer,severe_obs,2.0,82.0,29.881502914428708,percentile,317,46,638,1015,0.23798798798798798,0.12672176308539945,0.23004354136429608,0.12697992888418702
all_radars_all_dates,all,max_hdr_size_buffer,severe_obs,2.0,83.0,30.129595661163325,percentile,301,42,642,1031,0.22597597597597596,0.12244897959183673,0.2190684133915575,0.12175158583998363
all_radars_all_dates,all,max_hdr_size_buffer,severe_obs,2.0,84.0,30.349473190307616,percentile,286,37,647,1046,0.2147147147147147,0.11455108359133127,0.2089116143170197,0.11820640321032888
all_radars_all_dates,all,max_hdr_size_buffer,severe_obs,2.0,85.0,30.699060440063477,percentile,273,30,654,1059,0.20495495495495494,0.09900990099009901,0.20044052863436124,0.11793803696953918
all_radars_all_dates,all,max_hdr_size_buffer,severe_obs,2.0,86.0,31.064483261108396,percentile,258,25,659,1074,0.19369369369369369,0.08833922261484099,0.1901252763448784,0.11444933667155889
all_radars_all_dates,all,max_hdr_size_buffer,severe_obs,2.0,87.0,31.34999132156372,percentile,240,22,662,1092,0.18018018018018017,0.08396946564885496,0.17725258493353027,0.10721850134524014
all_radars_all_dates,all,max_hdr_size_buffer,severe_obs,2.0,88.0,31.894421005249026,percentile,222,20,664,1110,0.16666666666666666,0.08264462809917356,0.16420118343195267,0.09903753061108264
all_radars_all_dates,all,max_hdr_size_buffer,severe_obs,2.0,89.0,32.27327995300293,percentile,207,15,669,1125,0.1554054054054054,0.06756756756756757,0.15367483296213807,0.09569947305796363
all_radars_all_dates,all,max_hdr_size_buffer,severe_obs,2.0,90.0,32.57672691345215,percentile,189,13,671,1143,0.14189189189189189,0.06435643564356436,0.14052044609665426,0.087659958284007
all_radars_all_dates,all,max_hdr_size_buffer,severe_obs,2.0,91.0,32.94870510101319,percentile,170,12,672,1162,0.12762762762762764,0.06593406593406594,0.12648809523809523,0.07813113466823714
all_radars_all_dates,all,max_hdr_size_buffer,severe_obs,2.0,92.0,33.364277648925786,percentile,151,11,673,1181,0.11336336336336336,0.06790123456790123,0.11243484735666419,0.06869803002399688
all_radars_all_dates,all,max_hdr_size_buffer,severe_obs,2.0,93.0,33.81851272583008,percentile,132,10,674,1200,0.0990990990990991,0.07042253521126761,0.09836065573770492,0.05935920928424677
all_radars_all_dates,all,max_hdr_size_buffer,severe_obs,2.0,94.0,34.33255157470703,percentile,114,7,677,1218,0.08558558558558559,0.05785123966942149,0.08513816280806571,0.052669373325600025
all_radars_all_dates,all,max_hdr_size_buffer,severe_obs,2.0,95.0,34.939605712890625,percentile,96,5,679,1236,0.07207207207207207,0.04950495049504951,0.07180254300673149,0.045043559513012886
all_radars_all_dates,all,max_hdr_size_buffer,severe_obs,2.0,96.0,35.82603454589844,percentile,80,2,682,1252,0.06006006006006006,0.024390243902439025,0.05997001499250375,0.039553586082389625
all_radars_all_dates,all,max_hdr_size_buffer,severe_obs,2.0,97.0,36.39192562103272,percentile,59,2,682,1273,0.044294294294294295,0.03278688524590164,0.04422788605697151,0.028492121805861702
all_radars_all_dates,all,max_hdr_size_buffer,severe_obs,2.0,98.0,37.28712272644043,percentile,39,2,682,1293,0.02927927927927928,0.04878048780487805,0.02923538230884558,0.01806266417526471
all_radars_all_dates,all,max_hdr_size_buffer,severe_obs,2.0,99.0,38.96321792602537,percentile,19,2,682,1313,0.014264264264264264,0.09523809523809523,0.01424287856071964,0.007734389737785324
all_radars_all_dates,all,max_hdr_size_buffer,severe_obs,2.0,100.0,48.702396392822266,percentile,0,1,683,1332,0.0,1.0,0.0,-0.0009923029474079438
all_radars_all_dates,all,max_hdr_size_buffer,sig_severe_obs,2.0,0.0,0.8924772441387177,percentile,282,1734,0,0,1.0,0.8601190476190477,0.13988095238095238,0.0
all_radars_all_dates,all,max_hdr_size_buffer,sig_severe_obs,2.0,1.0,11.084905004501342,percentile,280,1715,19,2,0.9929078014184397,0.8596491228070176,0.1402103154732098,0.0010908297578357937
all_radars_all_dates,all,max_hdr_size_buffer,sig_severe_obs,2.0,2.0,11.667537021636964,percentile,277,1698,36,5,0.9822695035460993,0.859746835443038,0.1398989898989899,0.0008625777454941663
all_radars_all_dates,all,max_hdr_size_buffer,sig_severe_obs,2.0,3.0,12.009266853332521,percentile,275,1680,54,7,0.975177304964539,0.8593350383631714,0.1401630988786952,0.0018138209635439595
all_radars_all_dates,all,max_hdr_size_buffer,sig_severe_obs,2.0,4.0,12.317325019836426,percentile,274,1661,73,8,0.9716312056737588,0.8583979328165374,0.14101904271744725,0.003974977887187357
all_radars_all_dates,all,max_hdr_size_buffer,sig_severe_obs,2.0,5.0,12.58895444869995,percentile,272,1643,91,10,0.9645390070921985,0.8579634464751958,0.1412987012987013,0.00496970522159439
all_radars_all_dates,all,max_hdr_size_buffer,sig_severe_obs,2.0,6.0,12.796394538879394,percentile,271,1624,110,11,0.9609929078014184,0.8569920844327177,0.14218258132214062,0.007196272829461707
all_radars_all_dates,all,max_hdr_size_buffer,sig_severe_obs,2.0,7.0,13.055028247833253,percentile,270,1604,130,12,0.9574468085106383,0.855923159018143,0.14316012725344646,0.009637763105096122
all_radars_all_dates,all,max_hdr_size_buffer,sig_severe_obs,2.0,8.0,13.329701614379884,percentile,270,1584,150,12,0.9574468085106383,0.8543689320388349,0.14469453376205788,0.013183173236170917
all_radars_all_dates,all,max_hdr_size_buffer,sig_severe_obs,2.0,9.0,13.559435892105101,percentile,270,1564,170,12,0.9574468085106383,0.8527808069792803,0.14626218851570963,0.016792305692747596
all_radars_all_dates,all,max_hdr_size_buffer,sig_severe_obs,2.0,10.0,13.870798587799072,percentile,270,1544,190,12,0.9574468085106383,0.8511576626240352,0.14786418400876233,0.020466893993330085
all_radars_all_dates,all,max_hdr_size_buffer,sig_severe_obs,2.0,11.0,14.264045906066896,percentile,270,1524,210,12,0.9574468085106383,0.8494983277591973,0.14950166112956811,0.02420873511060692
all_radars_all_dates,all,max_hdr_size_buffer,sig_severe_obs,2.0,12.0,14.578521347045898,percentile,268,1506,228,14,0.950354609929078,0.8489289740698985,0.14988814317673377,0.025455100561004466
all_radars_all_dates,all,max_hdr_size_buffer,sig_severe_obs,2.0,13.0,14.787143325805664,percentile,267,1487,247,15,0.9468085106382979,0.8477765108323831,0.15093273035613342,0.028018951504179344
all_radars_all_dates,all,max_hdr_size_buffer,sig_severe_obs,2.0,14.0,15.263767623901368,percentile,267,1466,268,15,0.9468085106382979,0.845931909982689,0.15274599542334097,0.03213534109519234
all_radars_all_dates,all,max_hdr_size_buffer,sig_severe_obs,2.0,15.0,15.618277311325073,percentile,267,1446,288,15,0.9468085106382979,0.8441330998248686,0.1545138888888889,0.03613208769718318
all_radars_all_dates,all,max_hdr_size_buffer,sig_severe_obs,2.0,16.0,15.89388771057129,percentile,264,1429,305,18,0.9361702127659575,0.8440637920850561,0.1542957334891876,0.036209159137133316
all_radars_all_dates,all,max_hdr_size_buffer,sig_severe_obs,2.0,17.0,16.19280071258545,percentile,263,1410,324,19,0.9326241134751773,0.8427973699940227,0.1554373522458629,0.0389777790231737
all_radars_all_dates,all,max_hdr_size_buffer,sig_severe_obs,2.0,18.0,16.476909637451172,percentile,263,1390,344,19,0.9326241134751773,0.8408953418027828,0.15729665071770335,0.043158749984841684
all_radars_all_dates,all,max_hdr_size_buffer,sig_severe_obs,2.0,19.0,16.649360179901123,percentile,262,1371,363,20,0.9290780141843972,0.8395590936925903,0.15849969751966123,0.04605072478558511
all_radars_all_dates,all,max_hdr_size_buffer,sig_severe_obs,2.0,20.0,16.922042846679688,percentile,260,1353,381,22,0.9219858156028369,0.8388096714197149,0.15902140672782875,0.047615121068320214
all_radars_all_dates,all,max_hdr_size_buffer,sig_severe_obs,2.0,21.0,17.27070379257202,percentile,259,1333,401,23,0.9184397163120568,0.8373115577889447,0.16037151702786379,0.05083163894536849
all_radars_all_dates,all,max_hdr_size_buffer,sig_severe_obs,2.0,22.0,17.61772212982178,percentile,256,1316,418,26,0.9078014184397163,0.8371501272264631,0.16020025031289112,0.051063185009343905
all_radars_all_dates,all,max_hdr_size_buffer,sig_severe_obs,2.0,23.0,17.887655830383302,percentile,256,1296,438,26,0.9078014184397163,0.8350515463917526,0.16223067173637515,0.05558579398557627
all_radars_all_dates,all,max_hdr_size_buffer,sig_severe_obs,2.0,24.0,18.07641716003418,percentile,255,1277,457,27,0.9042553191489362,0.8335509138381201,0.163566388710712,0.0587588292917662
all_radars_all_dates,all,max_hdr_size_buffer,sig_severe_obs,2.0,25.0,18.30194854736328,percentile,253,1259,475,29,0.8971631205673759,0.8326719576719577,0.16417910447761194,0.060539752005835154
all_radars_all_dates,all,max_hdr_size_buffer,sig_severe_obs,2.0,26.0,18.51849994659424,percentile,253,1239,495,29,0.8971631205673759,0.8304289544235925,0.1663379355687048,0.06530705372343226
all_radars_all_dates,all,max_hdr_size_buffer,sig_severe_obs,2.0,27.0,18.714403438568116,percentile,248,1223,511,34,0.8794326241134752,0.831407205982325,0.1647840531561462,0.06296840264989995
all_radars_all_dates,all,max_hdr_size_buffer,sig_severe_obs,2.0,28.0,18.991599655151372,percentile,246,1205,529,36,0.8723404255319149,0.8304617505168849,0.16543375924680565,0.06485397874831238
all_radars_all_dates,all,max_hdr_size_buffer,sig_severe_obs,2.0,29.0,19.222116088867185,percentile,244,1187,547,38,0.8652482269503546,0.8294898672257163,0.16609938733832538,0.06678093838849665
all_radars_all_dates,all,max_hdr_size_buffer,sig_severe_obs,2.0,30.0,19.41145610809326,percentile,241,1170,564,41,0.8546099290780141,0.8291991495393338,0.1659779614325069,0.06721013080735602
all_radars_all_dates,all,max_hdr_size_buffer,sig_severe_obs,2.0,31.0,19.62729940414429,percentile,239,1152,582,43,0.8475177304964538,0.8281811646297628,0.16666666666666666,0.0692067672136012
all_radars_all_dates,all,max_hdr_size_buffer,sig_severe_obs,2.0,32.0,19.944356536865236,percentile,238,1133,601,44,0.8439716312056738,0.8264040846097739,0.16819787985865725,0.07282420627663914
all_radars_all_dates,all,max_hdr_size_buffer,sig_severe_obs,2.0,33.0,20.131139755249023,percentile,235,1117,617,47,0.8333333333333334,0.8261834319526628,0.1679771265189421,0.07307269348905995
all_radars_all_dates,all,max_hdr_size_buffer,sig_severe_obs,2.0,34.0,20.29009418487549,percentile,233,1097,637,49,0.8262411347517731,0.824812030075188,0.16896301667875271,0.0757443376571006
all_radars_all_dates,all,max_hdr_size_buffer,sig_severe_obs,2.0,35.0,20.45887517929077,percentile,229,1081,653,53,0.8120567375886525,0.8251908396946565,0.16801173881144535,0.07467239151763597
all_radars_all_dates,all,max_hdr_size_buffer,sig_severe_obs,2.0,36.0,20.69507369995117,percentile,227,1063,671,55,0.8049645390070922,0.8240310077519379,0.1687732342007435,0.07687770929786795
all_radars_all_dates,all,max_hdr_size_buffer,sig_severe_obs,2.0,37.0,20.876475906372068,percentile,221,1049,685,61,0.7836879432624113,0.8259842519685039,0.16604057099924868,0.07245108084716931
all_radars_all_dates,all,max_hdr_size_buffer,sig_severe_obs,2.0,38.0,21.00413665771484,percentile,217,1033,701,65,0.7695035460992907,0.8264,0.1650190114068441,0.07129982983093855
all_radars_all_dates,all,max_hdr_size_buffer,sig_severe_obs,2.0,39.0,21.20806427001953,percentile,217,1013,721,65,0.7695035460992907,0.8235772357723578,0.16756756756756758,0.07697012323782147
all_radars_all_dates,all,max_hdr_size_buffer,sig_severe_obs,2.0,40.0,21.398372650146484,percentile,213,997,737,69,0.7553191489361702,0.8239669421487603,0.16653635652853793,0.07584655238252505
all_radars_all_dates,all,max_hdr_size_buffer,sig_severe_obs,2.0,41.0,21.55156774520874,percentile,211,978,756,71,0.74822695035461,0.8225399495374264,0.16746031746031745,0.07850139872937854
all_radars_all_dates,all,max_hdr_size_buffer,sig_severe_obs,2.0,42.0,21.822087287902836,percentile,207,962,772,75,0.7340425531914894,0.8229255774165953,0.16639871382636656,0.07736793327154773
all_radars_all_dates,all,max_hdr_size_buffer,sig_severe_obs,2.0,43.0,22.02241315841675,percentile,206,943,791,76,0.7304964539007093,0.8207136640557006,0.16816326530612244,0.08161261768729379
all_radars_all_dates,all,max_hdr_size_buffer,sig_severe_obs,2.0,44.0,22.212844467163084,percentile,204,925,809,78,0.723404255319149,0.8193091231178034,0.16901408450704225,0.08414272902682284
all_radars_all_dates,all,max_hdr_size_buffer,sig_severe_obs,2.0,45.0,22.400158882141113,percentile,201,908,826,81,0.7127659574468085,0.8187556357078449,0.1689075630252101,0.08488970891967064
all_radars_all_dates,all,max_hdr_size_buffer,sig_severe_obs,2.0,46.0,22.5358699798584,percentile,197,892,842,85,0.6985815602836879,0.8191000918273645,0.16780238500851788,0.08378129448212342
all_radars_all_dates,all,max_hdr_size_buffer,sig_severe_obs,2.0,47.0,22.754090881347658,percentile,190,878,856,92,0.6737588652482269,0.8220973782771536,0.16379310344827586,0.07725759325949583
all_radars_all_dates,all,max_hdr_size_buffer,sig_severe_obs,2.0,48.0,22.8840389251709,percentile,188,860,874,94,0.6666666666666666,0.8206106870229007,0.1646234676007005,0.07986956322050245
all_radars_all_dates,all,max_hdr_size_buffer,sig_severe_obs,2.0,49.0,23.026077461242675,percentile,184,844,890,98,0.6524822695035462,0.8210116731517509,0.16341030195381884,0.07864278894296826
all_radars_all_dates,all,max_hdr_size_buffer,sig_severe_obs,2.0,50.0,23.130516052246094,percentile,182,826,908,100,0.6453900709219859,0.8194444444444444,0.16425992779783394,0.08134920634920635
all_radars_all_dates,all,max_hdr_size_buffer,sig_severe_obs,2.0,51.0,23.289744091033935,percentile,181,807,927,101,0.6418439716312057,0.8168016194331984,0.16620752984389348,0.08614698904890848
all_radars_all_dates,all,max_hdr_size_buffer,sig_severe_obs,2.0,52.0,23.47513961791992,percentile,180,788,946,102,0.6382978723404256,0.8140495867768595,0.16822429906542055,0.09108593104119049
all_radars_all_dates,all,max_hdr_size_buffer,sig_severe_obs,2.0,53.0,23.707655811309813,percentile,179,769,965,103,0.6347517730496454,0.8111814345991561,0.170313986679353,0.09617235507514622
all_radars_all_dates,all,max_hdr_size_buffer,sig_severe_obs,2.0,54.0,23.905504035949708,percentile,176,751,983,106,0.624113475177305,0.8101402373247033,0.17037754114230397,0.09757244128542149
all_radars_all_dates,all,max_hdr_size_buffer,sig_severe_obs,2.0,55.0,24.10646963119507,percentile,174,733,1001,108,0.6170212765957447,0.8081587651598677,0.17142857142857143,0.10078091686131248
all_radars_all_dates,all,max_hdr_size_buffer,sig_severe_obs,2.0,56.0,24.316268920898438,percentile,171,716,1018,111,0.6063829787234043,0.8072153325817362,0.1713426853707415,0.10191786843176927
all_radars_all_dates,all,max_hdr_size_buffer,sig_severe_obs,2.0,57.0,24.503975868225098,percentile,168,699,1035,114,0.5957446808510638,0.8062283737024222,0.1712538226299694,0.10309095565493194
all_radars_all_dates,all,max_hdr_size_buffer,sig_severe_obs,2.0,58.0,24.696037864685056,percentile,165,682,1052,117,0.5851063829787234,0.8051948051948052,0.17116182572614108,0.10430192909524032
all_radars_all_dates,all,max_hdr_size_buffer,sig_severe_obs,2.0,59.0,24.88383569717407,percentile,162,665,1069,120,0.574468085106383,0.8041112454655381,0.17106652587117213,0.10555265424604762
all_radars_all_dates,all,max_hdr_size_buffer,sig_severe_obs,2.0,60.0,25.03631401062012,percentile,159,648,1086,123,0.5638297872340425,0.8029739776951673,0.17096774193548386,0.1068451211187191
all_radars_all_dates,all,max_hdr_size_buffer,sig_severe_obs,2.0,61.0,25.262156963348385,percentile,155,631,1103,127,0.549645390070922,0.8027989821882952,0.16976998904709747,0.10624499936834127
all_radars_all_dates,all,max_hdr_size_buffer,sig_severe_obs,2.0,62.0,25.483343887329102,percentile,152,614,1120,130,0.5390070921985816,0.8015665796344648,0.16964285714285715,0.10759520783652954
all_radars_all_dates,all,max_hdr_size_buffer,sig_severe_obs,2.0,63.0,25.64624366760254,percentile,150,596,1138,132,0.5319148936170213,0.7989276139410187,0.17084282460136674,0.11143400996788771
all_radars_all_dates,all,max_hdr_size_buffer,sig_severe_obs,2.0,64.0,25.847275924682616,percentile,148,578,1156,134,0.524822695035461,0.7961432506887053,0.17209302325581396,0.11541021431423881
all_radars_all_dates,all,max_hdr_size_buffer,sig_severe_obs,2.0,65.0,25.93392086029053,percentile,145,561,1173,137,0.5141843971631206,0.7946175637393768,0.17200474495848161,0.11700124998117498
all_radars_all_dates,all,max_hdr_size_buffer,sig_severe_obs,2.0,66.0,26.092084121704097,percentile,142,544,1190,140,0.5035460992907801,0.793002915451895,0.17191283292978207,0.11865134757865349
all_radars_all_dates,all,max_hdr_size_buffer,sig_severe_obs,2.0,67.0,26.297835731506346,percentile,139,526,1208,143,0.4929078014184397,0.7909774436090226,0.17202970297029702,0.12084542517658654
all_radars_all_dates,all,max_hdr_size_buffer,sig_severe_obs,2.0,68.0,26.530215454101562,percentile,136,509,1225,146,0.48226950354609927,0.7891472868217054,0.17193426042983564,0.12263496543641017
all_radars_all_dates,all,max_hdr_size_buffer,sig_severe_obs,2.0,69.0,26.681188297271728,percentile,132,493,1241,150,0.46808510638297873,0.7888,0.1703225806451613,0.1217632376972545
all_radars_all_dates,all,max_hdr_size_buffer,sig_severe_obs,2.0,70.0,26.939260482788086,percentile,127,478,1256,155,0.450354609929078,0.7900826446280992,0.16710526315789473,0.11807001102993009
all_radars_all_dates,all,max_hdr_size_buffer,sig_severe_obs,2.0,71.0,27.139877223968504,percentile,127,458,1276,155,0.450354609929078,0.7829059829059829,0.17162162162162162,0.1284433950288166
all_radars_all_dates,all,max_hdr_size_buffer,sig_severe_obs,2.0,72.0,27.35130882263184,percentile,121,444,1290,161,0.42907801418439717,0.7858407079646018,0.16666666666666666,0.1218323670954977
all_radars_all_dates,all,max_hdr_size_buffer,sig_severe_obs,2.0,73.0,27.63284301757812,percentile,117,428,1306,165,0.4148936170212766,0.7853211009174312,0.1647887323943662,0.12086903574800788
all_radars_all_dates,all,max_hdr_size_buffer,sig_severe_obs,2.0,74.0,27.80243167877197,percentile,112,412,1322,170,0.3971631205673759,0.7862595419847328,0.16138328530259366,0.11738580971294457
all_radars_all_dates,all,max_hdr_size_buffer,sig_severe_obs,2.0,75.0,28.0908203125,percentile,108,397,1337,174,0.3829787234042553,0.7861386138613862,0.15905743740795286,0.1157161161862446
all_radars_all_dates,all,max_hdr_size_buffer,sig_severe_obs,2.0,76.0,28.311083984375,percentile,104,380,1354,178,0.36879432624113473,0.7851239669421488,0.15709969788519637,0.11512176703794601
all_radars_all_dates,all,max_hdr_size_buffer,sig_severe_obs,2.0,77.0,28.577029705047607,percentile,101,363,1371,181,0.35815602836879434,0.7823275862068966,0.15658914728682172,0.11715610510046368
all_radars_all_dates,all,max_hdr_size_buffer,sig_severe_obs,2.0,78.0,28.781564903259277,percentile,98,346,1388,184,0.3475177304964539,0.7792792792792793,0.15605095541401273,0.11928783382789318
all_radars_all_dates,all,max_hdr_size_buffer,sig_severe_obs,2.0,79.0,29.00424375534058,percentile,93,331,1403,189,0.32978723404255317,0.7806603773584906,0.15171288743882544,0.1147142278070531
all_radars_all_dates,all,max_hdr_size_buffer,sig_severe_obs,2.0,80.0,29.283100128173828,percentile,89,315,1419,193,0.31560283687943264,0.7797029702970297,0.1490787269681742,0.11340120506960316
all_radars_all_dates,all,max_hdr_size_buffer,sig_severe_obs,2.0,81.0,29.531250095367433,percentile,83,300,1434,199,0.29432624113475175,0.783289817232376,0.14261168384879724,0.10549621741589219
all_radars_all_dates,all,max_hdr_size_buffer,sig_severe_obs,2.0,82.0,29.881502914428708,percentile,80,283,1451,202,0.28368794326241137,0.7796143250688705,0.1415929203539823,0.10754772779548516
all_radars_all_dates,all,max_hdr_size_buffer,sig_severe_obs,2.0,83.0,30.129595661163325,percentile,79,264,1470,203,0.2801418439716312,0.7696793002915452,0.1446886446886447,0.11727179648735922
all_radars_all_dates,all,max_hdr_size_buffer,sig_severe_obs,2.0,84.0,30.349473190307616,percentile,77,246,1488,205,0.2730496453900709,0.7616099071207431,0.14583333333333334,0.12365398628251541
all_radars_all_dates,all,max_hdr_size_buffer,sig_severe_obs,2.0,85.0,30.699060440063477,percentile,74,229,1505,208,0.2624113475177305,0.7557755775577558,0.14481409001956946,0.12640559740120658
all_radars_all_dates,all,max_hdr_size_buffer,sig_severe_obs,2.0,86.0,31.064483261108396,percentile,70,213,1521,212,0.24822695035460993,0.7526501766784452,0.1414141414141414,0.12520369031720555
all_radars_all_dates,all,max_hdr_size_buffer,sig_severe_obs,2.0,87.0,31.34999132156372,percentile,67,195,1539,215,0.2375886524822695,0.7442748091603053,0.14046121593291405,0.12896127873744911
all_radars_all_dates,all,max_hdr_size_buffer,sig_severe_obs,2.0,88.0,31.894421005249026,percentile,62,180,1554,220,0.2198581560283688,0.743801652892562,0.1341991341991342,0.12337916460121578
all_radars_all_dates,all,max_hdr_size_buffer,sig_severe_obs,2.0,89.0,32.27327995300293,percentile,60,162,1572,222,0.2127659574468085,0.7297297297297297,0.13513513513513514,0.1310110724965651
all_radars_all_dates,all,max_hdr_size_buffer,sig_severe_obs,2.0,90.0,32.57672691345215,percentile,57,145,1589,225,0.20212765957446807,0.7178217821782178,0.13348946135831383,0.1344788214653708
all_radars_all_dates,all,max_hdr_size_buffer,sig_severe_obs,2.0,91.0,32.94870510101319,percentile,50,132,1602,232,0.1773049645390071,0.7252747252747253,0.12077294685990338,0.11882186806536212
all_radars_all_dates,all,max_hdr_size_buffer,sig_severe_obs,2.0,92.0,33.364277648925786,percentile,46,116,1618,236,0.16312056737588654,0.7160493827160493,0.11557788944723618,0.11708322135626624
all_radars_all_dates,all,max_hdr_size_buffer,sig_severe_obs,2.0,93.0,33.81851272583008,percentile,41,101,1633,241,0.1453900709219858,0.7112676056338029,0.10704960835509138,0.11000960376715511
all_radars_all_dates,all,max_hdr_size_buffer,sig_severe_obs,2.0,94.0,34.33255157470703,percentile,36,85,1649,246,0.1276595744680851,0.7024793388429752,0.09809264305177112,0.1033426318590064
all_radars_all_dates,all,max_hdr_size_buffer,sig_severe_obs,2.0,95.0,34.939605712890625,percentile,30,71,1663,252,0.10638297872340426,0.7029702970297029,0.08498583569405099,0.0894843700186251
all_radars_all_dates,all,max_hdr_size_buffer,sig_severe_obs,2.0,96.0,35.82603454589844,percentile,26,56,1678,256,0.09219858156028368,0.6829268292682927,0.07692307692307693,0.08520367203043737
all_radars_all_dates,all,max_hdr_size_buffer,sig_severe_obs,2.0,97.0,36.39192562103272,percentile,17,44,1690,265,0.06028368794326241,0.7213114754098361,0.05214723926380368,0.05195682743758789
all_radars_all_dates,all,max_hdr_size_buffer,sig_severe_obs,2.0,98.0,37.28712272644043,percentile,13,28,1706,269,0.04609929078014184,0.6829268292682927,0.041935483870967745,0.0466400443281044
all_radars_all_dates,all,max_hdr_size_buffer,sig_severe_obs,2.0,99.0,38.96321792602537,percentile,6,15,1719,276,0.02127659574468085,0.7142857142857143,0.020202020202020204,0.020614219604543543
all_radars_all_dates,all,max_hdr_size_buffer,sig_severe_obs,2.0,100.0,48.702396392822266,percentile,0,1,1733,282,0.0,1.0,0.0,-0.000989536181232499
all_radars_all_dates,all,max_hsda_buffer,severe_obs,2.0,,2.0,hsda_class,568,158,521,759,0.42803315749811605,0.21763085399449036,0.3824915824915825,0.1606250290894788
all_radars_all_dates,all,max_hsda_buffer,sig_severe_obs,2.0,,3.0,hsda_class,75,304,1421,206,0.2669039145907473,0.8021108179419525,0.1282051282051282,0.07912241822852627
all_radars_all_dates,all,max_mesh_75_mh19_buffer,severe_obs,2.0,0.0,3.3345214227396527,percentile,1329,682,0,0,1.0,0.3391347588264545,0.6608652411735455,0.0
all_radars_all_dates,all,max_mesh_75_mh19_buffer,severe_obs,2.0,1.0,11.242705486374467,percentile,1319,671,11,10,0.9924755455229496,0.3371859296482412,0.6595,0.011261370207979415
all_radars_all_dates,all,max_mesh_75_mh19_buffer,severe_obs,2.0,2.0,13.393510203037707,percentile,1308,662,20,21,0.9841986455981941,0.33604060913705586,0.6569563033651431,0.01753611691889081
all_radars_all_dates,all,max_mesh_75_mh19_buffer,severe_obs,2.0,3.0,14.32574121036986,percentile,1302,649,33,27,0.9796839729119639,0.3326499231163506,0.6582406471183013,0.03608112189982146
all_radars_all_dates,all,max_mesh_75_mh19_buffer,severe_obs,2.0,4.0,15.164149748778042,percentile,1298,632,50,31,0.9766741911211437,0.32746113989637304,0.661907190209077,0.06363889827229127
all_radars_all_dates,all,max_mesh_75_mh19_buffer,severe_obs,2.0,5.0,15.768561497779242,percentile,1292,618,64,37,0.9721595184349134,0.32356020942408376,0.6635850025680534,0.08326831838279457
all_radars_all_dates,all,max_mesh_75_mh19_buffer,severe_obs,2.0,6.0,16.616703780433273,percentile,1281,609,73,48,0.963882618510158,0.32222222222222224,0.6609907120743034,0.08867635221401184
all_radars_all_dates,all,max_mesh_75_mh19_buffer,severe_obs,2.0,7.0,17.201717512808035,percentile,1276,594,88,53,0.9601203912716328,0.3176470588235294,0.6635465418616745,0.11048663149496592
all_radars_all_dates,all,max_mesh_75_mh19_buffer,severe_obs,2.0,8.0,18.072885362211746,percentile,1268,582,100,61,0.9541008276899925,0.3145945945945946,0.663526949241235,0.12373777588334511
all_radars_all_dates,all,max_mesh_75_mh19_buffer,severe_obs,2.0,9.0,18.88770812868052,percentile,1263,567,115,66,0.9503386004514672,0.30983606557377047,0.6661392405063291,0.14486409795990754
all_radars_all_dates,all,max_mesh_75_mh19_buffer,severe_obs,2.0,10.0,19.451017722528555,percentile,1256,554,128,73,0.945071482317532,0.3060773480662983,0.667020711630377,0.16026916204532785
all_radars_all_dates,all,max_mesh_75_mh19_buffer,severe_obs,2.0,11.0,19.83897938402272,percentile,1248,541,141,81,0.9390519187358917,0.3024035774175517,0.667379679144385,0.17443582622286052
all_radars_all_dates,all,max_mesh_75_mh19_buffer,severe_obs,2.0,12.0,20.40971280513789,percentile,1245,524,158,84,0.9367945823927766,0.29621254946297343,0.6718834322719913,0.19985131629578634
all_radars_all_dates,all,max_mesh_75_mh19_buffer,severe_obs,2.0,13.0,21.148917372593957,percentile,1240,509,173,89,0.9330323551542513,0.2910234419668382,0.6746463547334058,0.21962004288080073
all_radars_all_dates,all,max_mesh_75_mh19_buffer,severe_obs,2.0,14.0,21.712419239303042,percentile,1234,495,187,95,0.928517682468021,0.28629265471370735,0.6765350877192983,0.23647130291977378
all_radars_all_dates,all,max_mesh_75_mh19_buffer,severe_obs,2.0,15.0,22.43343791855174,percentile,1228,481,201,101,0.9240030097817908,0.2814511410181393,0.6784530386740332,0.2530442352268434
all_radars_all_dates,all,max_mesh_75_mh19_buffer,severe_obs,2.0,16.0,22.856202798013115,percentile,1224,465,217,105,0.9209932279909706,0.2753108348134991,0.6822742474916388,0.27443734666129904
all_radars_all_dates,all,max_mesh_75_mh19_buffer,severe_obs,2.0,17.0,23.522994213917745,percentile,1216,453,229,113,0.9149736644093304,0.27142001198322346,0.6823793490460157,0.28538225086264485
all_radars_all_dates,all,max_mesh_75_mh19_buffer,severe_obs,2.0,18.0,24.12537035906682,percentile,1209,440,242,120,0.909706546275395,0.2668283808368708,0.6834369700395704,0.2986555530367761
all_radars_all_dates,all,max_mesh_75_mh19_buffer,severe_obs,2.0,19.0,24.68170468268595,percentile,1201,428,254,128,0.9036869826937547,0.2627378759975445,0.6835515082527035,0.3092318565525967
all_radars_all_dates,all,max_mesh_75_mh19_buffer,severe_obs,2.0,20.0,25.01581161086079,percentile,1194,415,267,135,0.8984198645598194,0.2579241765071473,0.6846330275229358,0.3221054721879681
all_radars_all_dates,all,max_mesh_75_mh19_buffer,severe_obs,2.0,21.0,25.29820614589454,percentile,1183,405,277,146,0.8901429646350639,0.25503778337531485,0.682237600922722,0.32648161329165204
all_radars_all_dates,all,max_mesh_75_mh19_buffer,severe_obs,2.0,22.0,25.60701934538465,percentile,1170,398,284,159,0.8803611738148984,0.2538265306122449,0.677475390851187,0.3244608512155009
all_radars_all_dates,all,max_mesh_75_mh19_buffer,severe_obs,2.0,23.0,26.045861583513005,percentile,1160,388,294,169,0.872836719337848,0.25064599483204136,0.675596971461852,0.3296919386043494
all_radars_all_dates,all,max_mesh_75_mh19_buffer,severe_obs,2.0,24.0,26.404623560063925,percentile,1152,376,306,177,0.8668171557562077,0.24607329842931938,0.6756598240469208,0.33961934747147127
all_radars_all_dates,all,max_mesh_75_mh19_buffer,severe_obs,2.0,25.0,26.74465747447468,percentile,1142,366,316,187,0.8592927012791572,0.2427055702917772,0.6737463126843658,0.3446550650198622
all_radars_all_dates,all,max_mesh_75_mh19_buffer,severe_obs,2.0,26.0,27.234483866162634,percentile,1132,356,326,197,0.8517682468021068,0.239247311827957,0.6718100890207716,0.34961456427135656
all_radars_all_dates,all,max_mesh_75_mh19_buffer,severe_obs,2.0,27.0,27.60582192616336,percentile,1122,346,336,207,0.8442437923250564,0.2356948228882834,0.6698507462686567,0.35449956263644034
all_radars_all_dates,all,max_mesh_75_mh19_buffer,severe_obs,2.0,28.0,27.929296761168914,percentile,1110,338,344,219,0.835214446952596,0.23342541436464087,0.6658668266346731,0.35467745308547305
all_radars_all_dates,all,max_mesh_75_mh19_buffer,severe_obs,2.0,29.0,28.28113309256843,percentile,1098,330,352,231,0.8261851015801355,0.23109243697478993,0.6618444846292948,0.35485271083768943
all_radars_all_dates,all,max_mesh_75_mh19_buffer,severe_obs,2.0,30.0,28.64930906969722,percentile,1081,327,355,248,0.8133935289691497,0.23224431818181818,0.6527777777777778,0.3436099141540028
all_radars_all_dates,all,max_mesh_75_mh19_buffer,severe_obs,2.0,31.0,28.803190099088543,percentile,1069,318,364,260,0.8043641835966893,0.22927180966113914,0.6490588949605343,0.3452352652895681
all_radars_all_dates,all,max_mesh_75_mh19_buffer,severe_obs,2.0,32.0,29.081461784387187,percentile,1054,313,369,275,0.7930775018811136,0.22896854425749816,0.6419001218026796,0.33872730221399533
all_radars_all_dates,all,max_mesh_75_mh19_buffer,severe_obs,2.0,33.0,29.26446597122119,percentile,1039,308,374,290,0.781790820165538,0.22865627319970305,0.6346976175931582,0.33231285151934087
all_radars_all_dates,all,max_mesh_75_mh19_buffer,severe_obs,2.0,34.0,29.671867454152007,percentile,1024,303,379,305,0.7705041384499624,0.22833458929917105,0.6274509803921569,0.32598991207519085
all_radars_all_dates,all,max_mesh_75_mh19_buffer,severe_obs,2.0,35.0,30.06610644500995,percentile,1015,292,390,314,0.763732129420617,0.2234123947972456,0.6261566933991364,0.33296515032923
all_radars_all_dates,all,max_mesh_75_mh19_buffer,severe_obs,2.0,36.0,30.338120270134898,percentile,1001,286,396,328,0.7531978931527464,0.2222222222222222,0.6198142414860681,0.32891251297603713
all_radars_all_dates,all,max_mesh_75_mh19_buffer,severe_obs,2.0,37.0,30.65049229844262,percentile,991,276,406,338,0.745673438675696,0.21783741120757696,0.6174454828660436,0.33359922714491574
all_radars_all_dates,all,max_mesh_75_mh19_buffer,severe_obs,2.0,38.0,30.938930573937558,percentile,979,268,414,350,0.7366440933032355,0.214915797914996,0.6130244207889793,0.33390966925892773
all_radars_all_dates,all,max_mesh_75_mh19_buffer,severe_obs,2.0,39.0,31.207138764514525,percentile,965,262,420,364,0.7261098570353649,0.21352893235533824,0.606536769327467,0.3299342648037259
all_radars_all_dates,all,max_mesh_75_mh19_buffer,severe_obs,2.0,40.0,31.48359747220045,percentile,954,253,429,375,0.7178329571106095,0.20961060480530241,0.6030341340075853,0.3323916709397417
all_radars_all_dates,all,max_mesh_75_mh19_buffer,severe_obs,2.0,41.0,31.73155613171377,percentile,943,243,439,386,0.709556057185854,0.20489038785834737,0.5998727735368957,0.33609706095229197
all_radars_all_dates,all,max_mesh_75_mh19_buffer,severe_obs,2.0,42.0,31.88901754553018,percentile,925,241,441,404,0.6960120391271633,0.20668953687821612,0.589171974522293,0.32380173880223145
all_radars_all_dates,all,max_mesh_75_mh19_buffer,severe_obs,2.0,43.0,32.05863419037255,percentile,908,238,444,421,0.6832204665161776,0.20767888307155322,0.5794511805998723,0.3137538791512031
all_radars_all_dates,all,max_mesh_75_mh19_buffer,severe_obs,2.0,44.0,32.30097057128544,percentile,893,233,449,436,0.671933784800602,0.2069271758436945,0.5717029449423816,0.307977431167272
all_radars_all_dates,all,max_mesh_75_mh19_buffer,severe_obs,2.0,45.0,32.56580645606492,percentile,880,226,456,449,0.6621519939804364,0.20433996383363473,0.5659163987138264,0.30638766666138656
all_radars_all_dates,all,max_mesh_75_mh19_buffer,severe_obs,2.0,46.0,32.789939846306716,percentile,868,218,464,461,0.653122648607976,0.2007366482504604,0.5610859728506787,0.30686043542640346
all_radars_all_dates,all,max_mesh_75_mh19_buffer,severe_obs,2.0,47.0,32.95065894122725,percentile,855,211,471,474,0.6433408577878104,0.19793621013133209,0.5551948051948052,0.30529870892225947
all_radars_all_dates,all,max_mesh_75_mh19_buffer,severe_obs,2.0,48.0,33.187693842633074,percentile,841,205,477,488,0.6328066215199398,0.1959847036328872,0.5482398956975228,0.30174205867454434
all_radars_all_dates,all,max_mesh_75_mh19_buffer,severe_obs,2.0,49.0,33.5031098633051,percentile,829,197,485,500,0.6237772761474794,0.19200779727095516,0.5432503276539974,0.30223561664020804
all_radars_all_dates,all,max_mesh_75_mh19_buffer,severe_obs,2.0,50.0,33.77058325324177,percentile,815,191,491,514,0.6132430398796087,0.18986083499005965,0.5361842105263158,0.29874409975184707
all_radars_all_dates,all,max_mesh_75_mh19_buffer,severe_obs,2.0,51.0,33.950397941276385,percentile,801,184,498,528,0.6027088036117382,0.18680203045685279,0.5294117647058824,0.29650905703465397
all_radars_all_dates,all,max_mesh_75_mh19_buffer,severe_obs,2.0,52.0,34.209081475388146,percentile,784,181,501,545,0.5899172310007524,0.18756476683937823,0.519205298013245,0.2872080942690981
all_radars_all_dates,all,max_mesh_75_mh19_buffer,severe_obs,2.0,53.0,34.43014885071841,percentile,769,176,506,560,0.5786305492851769,0.18624338624338624,0.5109634551495017,0.2819264856850656
all_radars_all_dates,all,max_mesh_75_mh19_buffer,severe_obs,2.0,54.0,34.76230237465533,percentile,758,167,515,571,0.5703536493604213,0.18054054054054053,0.5066844919786097,0.28446723081907527
all_radars_all_dates,all,max_mesh_75_mh19_buffer,severe_obs,2.0,55.0,35.00195141316004,percentile,746,159,523,583,0.5613243039879608,0.17569060773480663,0.5013440860215054,0.28504937990037776
all_radars_all_dates,all,max_mesh_75_mh19_buffer,severe_obs,2.0,56.0,35.25754565077745,percentile,730,155,527,599,0.5492851768246803,0.1751412429378531,0.4919137466307278,0.27796348994106734
all_radars_all_dates,all,max_mesh_75_mh19_buffer,severe_obs,2.0,57.0,35.483261370834235,percentile,716,149,533,613,0.5387509405568096,0.1722543352601156,0.4844384303112314,0.2747713638282526
all_radars_all_dates,all,max_mesh_75_mh19_buffer,severe_obs,2.0,58.0,35.791437358755914,percentile,700,145,537,629,0.526711813393529,0.17159763313609466,0.47489823609226595,0.2678342954338484
all_radars_all_dates,all,max_mesh_75_mh19_buffer,severe_obs,2.0,59.0,36.007084585049455,percentile,684,141,541,645,0.5146726862302483,0.1709090909090909,0.46530612244897956,0.26098116552679856
all_radars_all_dates,all,max_mesh_75_mh19_buffer,severe_obs,2.0,60.0,36.23055830111596,percentile,671,134,548,658,0.5048908954100828,0.16645962732919253,0.45864661654135336,0.259817899937912
all_radars_all_dates,all,max_mesh_75_mh19_buffer,severe_obs,2.0,61.0,36.52783206049921,percentile,652,133,549,677,0.49059443190368696,0.16942675159235668,0.44596443228454175,0.2475207000984883
all_radars_all_dates,all,max_mesh_75_mh19_buffer,severe_obs,2.0,62.0,36.74038294436825,percentile,638,126,556,691,0.4800601956358164,0.1649214659685864,0.43848797250859106,0.2457518692234488
all_radars_all_dates,all,max_mesh_75_mh19_buffer,severe_obs,2.0,63.0,37.00077152400749,percentile,622,122,560,707,0.4680210684725357,0.1639784946236559,0.4286698828394211,0.23919304543386402
all_radars_all_dates,all,max_mesh_75_mh19_buffer,severe_obs,2.0,64.0,37.203162220433036,percentile,606,118,564,723,0.45598194130925507,0.16298342541436464,0.4187975120939876,0.23271123056032803
all_radars_all_dates,all,max_mesh_75_mh19_buffer,severe_obs,2.0,65.0,37.53361935417152,percentile,590,114,568,739,0.4439428141459744,0.16193181818181818,0.4088704088704089,0.22630507624493096
all_radars_all_dates,all,max_mesh_75_mh19_buffer,severe_obs,2.0,66.0,37.710344919372396,percentile,572,112,570,757,0.43039879608728365,0.16374269005847952,0.3969465648854962,0.21636620538090492
all_radars_all_dates,all,max_mesh_75_mh19_buffer,severe_obs,2.0,67.0,37.89059364551835,percentile,555,109,573,774,0.417607223476298,0.16415662650602408,0.3859527121001391,0.20833513522671088
all_radars_all_dates,all,max_mesh_75_mh19_buffer,severe_obs,2.0,68.0,38.09324977023026,percentile,543,101,581,786,0.40857787810383744,0.15683229813664595,0.3797202797202797,0.20931039725596876
all_radars_all_dates,all,max_mesh_75_mh19_buffer,severe_obs,2.0,69.0,38.26962078327117,percentile,524,100,582,805,0.3942814145974417,0.16025641025641027,0.36668999300209937,0.1978658296057413
all_radars_all_dates,all,max_mesh_75_mh19_buffer,severe_obs,2.0,70.0,38.48934250883144,percentile,508,96,586,821,0.382242287434161,0.15894039735099338,0.3564912280701754,0.19183892233912153
all_radars_all_dates,all,max_mesh_75_mh19_buffer,severe_obs,2.0,71.0,38.648803231964045,percentile,490,93,589,839,0.3686982693754703,0.1595197255574614,0.34458509142053445,0.18348117859143737
all_radars_all_dates,all,max_mesh_75_mh19_buffer,severe_obs,2.0,72.0,38.981455381061885,percentile,473,90,592,856,0.35590669676448455,0.15985790408525755,0.3333333333333333,0.17586180306520913
all_radars_all_dates,all,max_mesh_75_mh19_buffer,severe_obs,2.0,73.0,39.292742915179275,percentile,457,86,596,872,0.3438675696012039,0.15837937384898712,0.32296819787985864,0.1700600267608898
all_radars_all_dates,all,max_mesh_75_mh19_buffer,severe_obs,2.0,74.0,39.6088747698394,percentile,441,82,600,888,0.33182844243792325,0.15678776290630975,0.31254429482636426,0.16432257550429732
all_radars_all_dates,all,max_mesh_75_mh19_buffer,severe_obs,2.0,75.0,39.77064953822039,percentile,427,76,606,902,0.32129420617005267,0.15109343936381708,0.30391459074733096,0.16207547957589924
all_radars_all_dates,all,max_mesh_75_mh19_buffer,severe_obs,2.0,76.0,40.00924985078078,percentile,409,74,608,920,0.3077501881113619,0.15320910973084886,0.2915181753385602,0.15303641597581139
all_radars_all_dates,all,max_mesh_75_mh19_buffer,severe_obs,2.0,77.0,40.38356913105745,percentile,392,71,611,937,0.2949586155003762,0.15334773218142547,0.28,0.14579078977420695
all_radars_all_dates,all,max_mesh_75_mh19_buffer,severe_obs,2.0,78.0,40.674532389219166,percentile,379,64,618,950,0.28517682468021066,0.14446952595936793,0.27207465900933236,0.1453664252861905
all_radars_all_dates,all,max_mesh_75_mh19_buffer,severe_obs,2.0,79.0,41.03608951356181,percentile,363,60,622,966,0.27313769751693,0.14184397163120568,0.2613390928725702,0.1399169132341061
all_radars_all_dates,all,max_mesh_75_mh19_buffer,severe_obs,2.0,80.0,41.507093122131394,percentile,349,54,628,980,0.2626034612490594,0.13399503722084366,0.25234996384671005,0.13786103608889008
all_radars_all_dates,all,max_mesh_75_mh19_buffer,severe_obs,2.0,81.0,41.88190059269127,percentile,332,50,632,997,0.24981188863807374,0.13089005235602094,0.24075416968817984,0.13191202511683325
all_radars_all_dates,all,max_mesh_75_mh19_buffer,severe_obs,2.0,82.0,42.304127234716546,percentile,317,45,637,1012,0.23852520692249812,0.12430939226519337,0.23071324599708878,0.12827155456128084
all_radars_all_dates,all,max_mesh_75_mh19_buffer,severe_obs,2.0,83.0,42.63908570424502,percentile,300,42,640,1029,0.22573363431151242,0.12280701754385964,0.2188183807439825,0.1213880543130404
all_radars_all_dates,all,max_mesh_75_mh19_buffer,severe_obs,2.0,84.0,43.005997760166785,percentile,285,37,645,1044,0.2144469525959368,0.11490683229813664,0.20863836017569545,0.11784107763509497
all_radars_all_dates,all,max_mesh_75_mh19_buffer,severe_obs,2.0,85.0,43.455698115765784,percentile,270,32,650,1059,0.20316027088036118,0.10596026490066225,0.19838354151359294,0.11433115683880148
all_radars_all_dates,all,max_mesh_75_mh19_buffer,severe_obs,2.0,86.0,43.98227486335796,percentile,251,31,651,1078,0.18886380737396538,0.1099290780141844,0.18455882352941178,0.10439709818425687
all_radars_all_dates,all,max_mesh_75_mh19_buffer,severe_obs,2.0,87.0,44.55930397093704,percentile,237,25,657,1092,0.17832957110609482,0.09541984732824428,0.17503692762186115,0.10259977108431328
all_radars_all_dates,all,max_mesh_75_mh19_buffer,severe_obs,2.0,88.0,45.17082073803273,percentile,224,18,664,1105,0.16854778028592926,0.0743801652892562,0.16629547141796586,0.10241947182979637
all_radars_all_dates,all,max_mesh_75_mh19_buffer,severe_obs,2.0,89.0,45.733687955217285,percentile,207,15,667,1122,0.15575620767494355,0.06756756756756757,0.15401785714285715,0.09587957223945574
all_radars_all_dates,all,max_mesh_75_mh19_buffer,severe_obs,2.0,90.0,46.34986212699857,percentile,189,13,669,1140,0.14221218961625282,0.06435643564356436,0.14083457526080476,0.08782399165986408
all_radars_all_dates,all,max_mesh_75_mh19_buffer,severe_obs,2.0,91.0,46.74335625299248,percentile,169,12,670,1160,0.127163280662152,0.06629834254143646,0.12602535421327368,0.07772219422174499
all_radars_all_dates,all,max_mesh_75_mh19_buffer,severe_obs,2.0,92.0,47.36878894276656,percentile,150,11,671,1179,0.11286681715575621,0.06832298136645963,0.11194029850746269,0.06827536586239494
all_radars_all_dates,all,max_mesh_75_mh19_buffer,severe_obs,2.0,93.0,48.16194888722553,percentile,132,9,673,1197,0.09932279909706546,0.06382978723404255,0.09865470852017937,0.06048132170549843
all_radars_all_dates,all,max_mesh_75_mh19_buffer,severe_obs,2.0,94.0,48.63616457987629,percentile,115,6,676,1214,0.08653122648607976,0.049586776859504134,0.08614232209737828,0.05431533049740742
all_radars_all_dates,all,max_mesh_75_mh19_buffer,severe_obs,2.0,95.0,49.53477654802277,percentile,95,6,676,1234,0.07148231753197894,0.0594059405940594,0.07116104868913857,0.043582717875235114
all_radars_all_dates,all,max_mesh_75_mh19_buffer,severe_obs,2.0,96.0,50.09664916416172,percentile,76,5,677,1253,0.05718585402558315,0.06172839506172839,0.05697151424287856,0.034491102246688436
all_radars_all_dates,all,max_mesh_75_mh19_buffer,severe_obs,2.0,97.0,51.19887106126839,percentile,59,2,680,1270,0.04439428141459744,0.03278688524590164,0.04432757325319309,0.028543737695355224
all_radars_all_dates,all,max_mesh_75_mh19_buffer,severe_obs,2.0,98.0,52.16904676672664,percentile,40,1,681,1289,0.030097817908201655,0.024390243902439025,0.03007518796992481,0.019614586340913318
all_radars_all_dates,all,max_mesh_75_mh19_buffer,severe_obs,2.0,99.0,54.1118869108134,percentile,20,1,681,1309,0.015048908954100828,0.047619047619047616,0.015037593984962405,0.00925976069486941
all_radars_all_dates,all,max_mesh_75_mh19_buffer,severe_obs,2.0,100.0,58.88607877121947,percentile,1,0,682,1328,0.0007524454477050414,0.0,0.0007524454477050414,0.0005104843913035017
all_radars_all_dates,all,max_mesh_75_mh19_buffer,sig_severe_obs,2.0,0.0,3.3345214227396527,percentile,281,1730,0,0,1.0,0.8602685231228244,0.13973147687717555,0.0
all_radars_all_dates,all,max_mesh_75_mh19_buffer,sig_severe_obs,2.0,1.0,11.242705486374467,percentile,279,1711,19,2,0.9928825622775801,0.8597989949748743,0.14006024096385541,0.0010897172505604446
all_radars_all_dates,all,max_mesh_75_mh19_buffer,sig_severe_obs,2.0,2.0,13.393510203037707,percentile,276,1694,36,5,0.9822064056939501,0.8598984771573605,0.13974683544303798,0.0008574049580348231
all_radars_all_dates,all,max_mesh_75_mh19_buffer,sig_severe_obs,2.0,3.0,14.32574121036986,percentile,276,1675,55,5,0.9822064056939501,0.858534085084572,0.1411042944785276,0.004012275617687031
all_radars_all_dates,all,max_mesh_75_mh19_buffer,sig_severe_obs,2.0,4.0,15.164149748778042,percentile,275,1655,75,6,0.9786476868327402,0.8575129533678757,0.14204545454545456,0.006362925946429458
all_radars_all_dates,all,max_mesh_75_mh19_buffer,sig_severe_obs,2.0,5.0,15.768561497779242,percentile,272,1638,92,9,0.9679715302491103,0.8575916230366493,0.14174048983845752,0.0061704075487572915
all_radars_all_dates,all,max_mesh_75_mh19_buffer,sig_severe_obs,2.0,6.0,16.616703780433273,percentile,271,1619,111,10,0.9644128113879004,0.8566137566137566,0.14263157894736841,0.00840935665788157
all_radars_all_dates,all,max_mesh_75_mh19_buffer,sig_severe_obs,2.0,7.0,17.201717512808035,percentile,270,1600,130,11,0.9608540925266904,0.8556149732620321,0.14354066985645933,0.010687933414785565
all_radars_all_dates,all,max_mesh_75_mh19_buffer,sig_severe_obs,2.0,8.0,18.072885362211746,percentile,269,1581,149,12,0.9572953736654805,0.8545945945945946,0.14446831364124596,0.013007199280534091
all_radars_all_dates,all,max_mesh_75_mh19_buffer,sig_severe_obs,2.0,9.0,18.88770812868052,percentile,269,1561,169,12,0.9572953736654805,0.8530054644808743,0.1460369163952226,0.016618579993975306
all_radars_all_dates,all,max_mesh_75_mh19_buffer,sig_severe_obs,2.0,10.0,19.451017722528555,percentile,268,1542,188,13,0.9537366548042705,0.8519337016574585,0.14701042238069117,0.019033929871594066
all_radars_all_dates,all,max_mesh_75_mh19_buffer,sig_severe_obs,2.0,11.0,19.83897938402272,percentile,267,1522,208,14,0.9501779359430605,0.8507546115148128,0.1480865224625624,0.021681459653532454
all_radars_all_dates,all,max_mesh_75_mh19_buffer,sig_severe_obs,2.0,12.0,20.40971280513789,percentile,267,1502,228,14,0.9501779359430605,0.8490672696438666,0.14974761637689288,0.025475231206518918
all_radars_all_dates,all,max_mesh_75_mh19_buffer,sig_severe_obs,2.0,13.0,21.148917372593957,percentile,267,1482,248,14,0.9501779359430605,0.8473413379073756,0.1514463981849121,0.029339947963987777
all_radars_all_dates,all,max_mesh_75_mh19_buffer,sig_severe_obs,2.0,14.0,21.712419239303042,percentile,266,1463,267,15,0.9466192170818505,0.8461538461538461,0.15252293577981652,0.03196769684329009
all_radars_all_dates,all,max_mesh_75_mh19_buffer,sig_severe_obs,2.0,15.0,22.43343791855174,percentile,266,1443,287,15,0.9466192170818505,0.8443534230544177,0.154292343387471,0.03596792563502982
all_radars_all_dates,all,max_mesh_75_mh19_buffer,sig_severe_obs,2.0,16.0,22.856202798013115,percentile,266,1423,307,15,0.9466192170818505,0.84251036116045,0.15610328638497653,0.04004511939111395
all_radars_all_dates,all,max_mesh_75_mh19_buffer,sig_severe_obs,2.0,17.0,23.522994213917745,percentile,265,1404,326,16,0.9430604982206405,0.8412222887956861,0.1572700296735905,0.0428534271479672
all_radars_all_dates,all,max_mesh_75_mh19_buffer,sig_severe_obs,2.0,18.0,24.12537035906682,percentile,263,1386,344,18,0.9359430604982206,0.8405093996361431,0.15776844631073786,0.044355510185845826
all_radars_all_dates,all,max_mesh_75_mh19_buffer,sig_severe_obs,2.0,19.0,24.68170468268595,percentile,263,1366,364,18,0.9359430604982206,0.8385512584407612,0.1596842744383728,0.04863695653957324
all_radars_all_dates,all,max_mesh_75_mh19_buffer,sig_severe_obs,2.0,20.0,25.01581161086079,percentile,263,1346,384,18,0.9359430604982206,0.836544437538844,0.16164720344191763,0.05300407521822648
all_radars_all_dates,all,max_mesh_75_mh19_buffer,sig_severe_obs,2.0,21.0,25.29820614589454,percentile,261,1327,403,20,0.9288256227758007,0.8356423173803527,0.1623134328358209,0.054877999848574874
all_radars_all_dates,all,max_mesh_75_mh19_buffer,sig_severe_obs,2.0,22.0,25.60701934538465,percentile,257,1311,419,24,0.9145907473309609,0.8360969387755102,0.1614321608040201,0.053729781895250926
all_radars_all_dates,all,max_mesh_75_mh19_buffer,sig_severe_obs,2.0,23.0,26.045861583513005,percentile,256,1292,438,25,0.9110320284697508,0.834625322997416,0.16274634456452639,0.05685465448162718
all_radars_all_dates,all,max_mesh_75_mh19_buffer,sig_severe_obs,2.0,24.0,26.404623560063925,percentile,255,1273,457,26,0.9074733096085409,0.8331151832460733,0.1640926640926641,0.06004469691054465
all_radars_all_dates,all,max_mesh_75_mh19_buffer,sig_severe_obs,2.0,25.0,26.74465747447468,percentile,253,1255,475,28,0.900355871886121,0.8322281167108754,0.16471354166666666,0.0618395212245876
all_radars_all_dates,all,max_mesh_75_mh19_buffer,sig_severe_obs,2.0,26.0,27.234483866162634,percentile,252,1236,494,29,0.896797153024911,0.8306451612903226,0.16611733684904417,0.06515059699698994
all_radars_all_dates,all,max_mesh_75_mh19_buffer,sig_severe_obs,2.0,27.0,27.60582192616336,percentile,250,1218,512,31,0.8896797153024911,0.829700272479564,0.1667778519012675,0.06703902314184226
all_radars_all_dates,all,max_mesh_75_mh19_buffer,sig_severe_obs,2.0,28.0,27.929296761168914,percentile,250,1198,532,31,0.8896797153024911,0.8273480662983426,0.16903313049357674,0.07198892478080296
all_radars_all_dates,all,max_mesh_75_mh19_buffer,sig_severe_obs,2.0,29.0,28.28113309256843,percentile,249,1179,551,32,0.8861209964412812,0.8256302521008403,0.17054794520547945,0.07552093317941298
all_radars_all_dates,all,max_mesh_75_mh19_buffer,sig_severe_obs,2.0,30.0,28.64930906969722,percentile,247,1161,569,34,0.8790035587188612,0.8245738636363636,0.17128987517337033,0.07758773231161452
all_radars_all_dates,all,max_mesh_75_mh19_buffer,sig_severe_obs,2.0,31.0,28.803190099088543,percentile,244,1143,587,37,0.8683274021352313,0.8240807498197549,0.17134831460674158,0.07840211522672742
all_radars_all_dates,all,max_mesh_75_mh19_buffer,sig_severe_obs,2.0,32.0,29.081461784387187,percentile,242,1125,605,39,0.8612099644128114,0.8229700073152889,0.1721194879089616,0.08054994080618287
all_radars_all_dates,all,max_mesh_75_mh19_buffer,sig_severe_obs,2.0,33.0,29.26446597122119,percentile,240,1107,623,41,0.8540925266903915,0.821826280623608,0.1729106628242075,0.08274722733655053
all_radars_all_dates,all,max_mesh_75_mh19_buffer,sig_severe_obs,2.0,34.0,29.671867454152007,percentile,238,1089,641,43,0.8469750889679716,0.8206480783722683,0.17372262773722627,0.08499570322768392
all_radars_all_dates,all,max_mesh_75_mh19_buffer,sig_severe_obs,2.0,35.0,30.06610644500995,percentile,237,1070,660,44,0.8434163701067615,0.8186687069625096,0.17542561065877127,0.08893284650991039
all_radars_all_dates,all,max_mesh_75_mh19_buffer,sig_severe_obs,2.0,36.0,30.338120270134898,percentile,235,1052,678,46,0.8362989323843416,0.8174048174048174,0.17629407351837958,0.0913087243626834
all_radars_all_dates,all,max_mesh_75_mh19_buffer,sig_severe_obs,2.0,37.0,30.65049229844262,percentile,235,1032,698,46,0.8362989323843416,0.8145224940805051,0.178979436405179,0.09709226338977432
all_radars_all_dates,all,max_mesh_75_mh19_buffer,sig_severe_obs,2.0,38.0,30.938930573937558,percentile,232,1015,715,49,0.8256227758007118,0.813953488372093,0.17901234567901234,0.09793026457908409
all_radars_all_dates,all,max_mesh_75_mh19_buffer,sig_severe_obs,2.0,39.0,31.207138764514525,percentile,228,999,731,53,0.8113879003558719,0.8141809290953546,0.178125,0.09707240332324092
all_radars_all_dates,all,max_mesh_75_mh19_buffer,sig_severe_obs,2.0,40.0,31.48359747220045,percentile,227,980,750,54,0.8078291814946619,0.8119304059652029,0.18001586042823156,0.10140732590791665
all_radars_all_dates,all,max_mesh_75_mh19_buffer,sig_severe_obs,2.0,41.0,31.73155613171377,percentile,225,961,769,56,0.800711743772242,0.8102866779089376,0.18115942028985507,0.10440422051974838
all_radars_all_dates,all,max_mesh_75_mh19_buffer,sig_severe_obs,2.0,42.0,31.88901754553018,percentile,220,946,784,61,0.7829181494661922,0.8113207547169812,0.17929910350448247,0.10181205300216223
all_radars_all_dates,all,max_mesh_75_mh19_buffer,sig_severe_obs,2.0,43.0,32.05863419037255,percentile,216,930,800,65,0.7686832740213523,0.8115183246073299,0.17836498761354252,0.10095949713453853
all_radars_all_dates,all,max_mesh_75_mh19_buffer,sig_severe_obs,2.0,44.0,32.30097057128544,percentile,209,917,813,72,0.7437722419928826,0.8143872113676732,0.17445742904841402,0.09459157404520034
all_radars_all_dates,all,max_mesh_75_mh19_buffer,sig_severe_obs,2.0,45.0,32.56580645606492,percentile,208,898,832,73,0.7402135231316725,0.8119349005424955,0.17642069550466496,0.09918599796557157
all_radars_all_dates,all,max_mesh_75_mh19_buffer,sig_severe_obs,2.0,46.0,32.789939846306716,percentile,204,882,848,77,0.7259786476868327,0.8121546961325967,0.17540842648323302,0.09826320132977666
all_radars_all_dates,all,max_mesh_75_mh19_buffer,sig_severe_obs,2.0,47.0,32.95065894122725,percentile,203,863,867,78,0.7224199288256228,0.8095684803001876,0.17744755244755245,0.10303428171918141
all_radars_all_dates,all,max_mesh_75_mh19_buffer,sig_severe_obs,2.0,48.0,33.187693842633074,percentile,201,845,885,80,0.7153024911032029,0.8078393881453155,0.17850799289520428,0.10600530098594493
all_radars_all_dates,all,max_mesh_75_mh19_buffer,sig_severe_obs,2.0,49.0,33.5031098633051,percentile,199,827,903,82,0.708185053380783,0.8060428849902534,0.1796028880866426,0.1090602481278314
all_radars_all_dates,all,max_mesh_75_mh19_buffer,sig_severe_obs,2.0,50.0,33.77058325324177,percentile,197,809,921,84,0.701067615658363,0.8041749502982107,0.18073394495412845,0.11220273039398651
all_radars_all_dates,all,max_mesh_75_mh19_buffer,sig_severe_obs,2.0,51.0,33.950397941276385,percentile,197,788,942,84,0.701067615658363,0.8,0.1842843779232928,0.11984002858926818
all_radars_all_dates,all,max_mesh_75_mh19_buffer,sig_severe_obs,2.0,52.0,34.209081475388146,percentile,192,773,957,89,0.6832740213523132,0.8010362694300518,0.18216318785578747,0.11709117357042156
all_radars_all_dates,all,max_mesh_75_mh19_buffer,sig_severe_obs,2.0,53.0,34.43014885071841,percentile,188,757,973,93,0.6690391459074733,0.801058201058201,0.1811175337186898,0.11633915702886069
all_radars_all_dates,all,max_mesh_75_mh19_buffer,sig_severe_obs,2.0,54.0,34.76230237465533,percentile,184,741,989,97,0.6548042704626335,0.8010810810810811,0.18003913894324852,0.11556426523131956
all_radars_all_dates,all,max_mesh_75_mh19_buffer,sig_severe_obs,2.0,55.0,35.00195141316004,percentile,183,722,1008,98,0.6512455516014235,0.7977900552486188,0.18245264207377868,0.12119571357616248
all_radars_all_dates,all,max_mesh_75_mh19_buffer,sig_severe_obs,2.0,56.0,35.25754565077745,percentile,179,706,1024,102,0.6370106761565836,0.7977401129943503,0.18135764944275581,0.1204726932603537
all_radars_all_dates,all,max_mesh_75_mh19_buffer,sig_severe_obs,2.0,57.0,35.483261370834235,percentile,177,688,1042,104,0.6298932384341637,0.7953757225433526,0.1826625386996904,0.12415011251179559
all_radars_all_dates,all,max_mesh_75_mh19_buffer,sig_severe_obs,2.0,58.0,35.791437358755914,percentile,174,671,1059,107,0.6192170818505338,0.7940828402366864,0.18277310924369747,0.1256990795173613
all_radars_all_dates,all,max_mesh_75_mh19_buffer,sig_severe_obs,2.0,59.0,36.007084585049455,percentile,172,653,1077,109,0.6120996441281139,0.7915151515151515,0.1841541755888651,0.12958359935382582
all_radars_all_dates,all,max_mesh_75_mh19_buffer,sig_severe_obs,2.0,60.0,36.23055830111596,percentile,172,633,1097,109,0.6120996441281139,0.7863354037267081,0.18818380743982493,0.1382437327320945
all_radars_all_dates,all,max_mesh_75_mh19_buffer,sig_severe_obs,2.0,61.0,36.52783206049921,percentile,167,618,1112,114,0.594306049822064,0.7872611464968153,0.185761957730812,0.13538702985393725
all_radars_all_dates,all,max_mesh_75_mh19_buffer,sig_severe_obs,2.0,62.0,36.74038294436825,percentile,165,599,1131,116,0.5871886120996441,0.7840314136125655,0.1875,0.14009821024359992
all_radars_all_dates,all,max_mesh_75_mh19_buffer,sig_severe_obs,2.0,63.0,37.00077152400749,percentile,163,581,1149,118,0.5800711743772242,0.7809139784946236,0.18909512761020883,0.14451415485041813
all_radars_all_dates,all,max_mesh_75_mh19_buffer,sig_severe_obs,2.0,64.0,37.203162220433036,percentile,160,564,1166,121,0.5693950177935944,0.7790055248618785,0.1893491124260355,0.14659697540589048
all_radars_all_dates,all,max_mesh_75_mh19_buffer,sig_severe_obs,2.0,65.0,37.53361935417152,percentile,158,546,1184,123,0.5622775800711743,0.7755681818181818,0.19105199516324062,0.15129319127648663
all_radars_all_dates,all,max_mesh_75_mh19_buffer,sig_severe_obs,2.0,66.0,37.710344919372396,percentile,154,530,1200,127,0.5480427046263345,0.7748538011695907,0.18988902589395806,0.15099533673862153
all_radars_all_dates,all,max_mesh_75_mh19_buffer,sig_severe_obs,2.0,67.0,37.89059364551835,percentile,149,515,1215,132,0.5302491103202847,0.7756024096385542,0.1871859296482412,0.1480526470524683
all_radars_all_dates,all,max_mesh_75_mh19_buffer,sig_severe_obs,2.0,68.0,38.09324977023026,percentile,147,497,1233,134,0.5231316725978647,0.7717391304347826,0.18894601542416453,0.15304953055137105
all_radars_all_dates,all,max_mesh_75_mh19_buffer,sig_severe_obs,2.0,69.0,38.26962078327117,percentile,144,480,1250,137,0.5124555160142349,0.7692307692307693,0.18922470433639949,0.15550611291208474
all_radars_all_dates,all,max_mesh_75_mh19_buffer,sig_severe_obs,2.0,70.0,38.48934250883144,percentile,143,461,1269,138,0.5088967971530249,0.7632450331125827,0.192722371967655,0.16364655099990488
all_radars_all_dates,all,max_mesh_75_mh19_buffer,sig_severe_obs,2.0,71.0,38.648803231964045,percentile,141,442,1288,140,0.501779359430605,0.758147512864494,0.1950207468879668,0.16984405521690837
all_radars_all_dates,all,max_mesh_75_mh19_buffer,sig_severe_obs,2.0,72.0,38.981455381061885,percentile,138,425,1305,143,0.49110320284697506,0.7548845470692718,0.1954674220963173,0.1728103424053392
all_radars_all_dates,all,max_mesh_75_mh19_buffer,sig_severe_obs,2.0,73.0,39.292742915179275,percentile,134,409,1321,147,0.47686832740213525,0.7532228360957642,0.19420289855072465,0.17292872687140598
all_radars_all_dates,all,max_mesh_75_mh19_buffer,sig_severe_obs,2.0,74.0,39.6088747698394,percentile,128,395,1335,153,0.4555160142348754,0.7552581261950286,0.1893491124260355,0.16697180021739821
all_radars_all_dates,all,max_mesh_75_mh19_buffer,sig_severe_obs,2.0,75.0,39.77064953822039,percentile,127,376,1354,154,0.45195729537366547,0.7475149105367793,0.1933028919330289,0.17628974494913977
all_radars_all_dates,all,max_mesh_75_mh19_buffer,sig_severe_obs,2.0,76.0,40.00924985078078,percentile,120,363,1367,161,0.42704626334519574,0.7515527950310559,0.18633540372670807,0.1669573219031778
all_radars_all_dates,all,max_mesh_75_mh19_buffer,sig_severe_obs,2.0,77.0,40.38356913105745,percentile,116,347,1383,165,0.4128113879003559,0.7494600431965442,0.18471337579617833,0.16694957353609854
all_radars_all_dates,all,max_mesh_75_mh19_buffer,sig_severe_obs,2.0,78.0,40.674532389219166,percentile,109,334,1396,172,0.3879003558718861,0.7539503386004515,0.1772357723577236,0.1569447505298269
all_radars_all_dates,all,max_mesh_75_mh19_buffer,sig_severe_obs,2.0,79.0,41.03608951356181,percentile,105,318,1412,176,0.3736654804270463,0.75177304964539,0.17529215358931552,0.15669030524151584
all_radars_all_dates,all,max_mesh_75_mh19_buffer,sig_severe_obs,2.0,80.0,41.507093122131394,percentile,102,301,1429,179,0.36298932384341637,0.7468982630272953,0.17525773195876287,0.15992334457172
all_radars_all_dates,all,max_mesh_75_mh19_buffer,sig_severe_obs,2.0,81.0,41.88190059269127,percentile,99,283,1447,182,0.35231316725978645,0.7408376963350786,0.17553191489361702,0.16403765748353535
all_radars_all_dates,all,max_mesh_75_mh19_buffer,sig_severe_obs,2.0,82.0,42.304127234716546,percentile,94,268,1462,187,0.33451957295373663,0.7403314917127072,0.17122040072859745,0.16026005181580152
all_radars_all_dates,all,max_mesh_75_mh19_buffer,sig_severe_obs,2.0,83.0,42.63908570424502,percentile,88,254,1476,193,0.31316725978647686,0.7426900584795322,0.16448598130841122,0.15248399800499504
all_radars_all_dates,all,max_mesh_75_mh19_buffer,sig_severe_obs,2.0,84.0,43.005997760166785,percentile,84,238,1492,197,0.298932384341637,0.7391304347826086,0.16184971098265896,0.15206815364230195
all_radars_all_dates,all,max_mesh_75_mh19_buffer,sig_severe_obs,2.0,85.0,43.455698115765784,percentile,77,225,1505,204,0.27402135231316727,0.7450331125827815,0.15217391304347827,0.13959463003982292
all_radars_all_dates,all,max_mesh_75_mh19_buffer,sig_severe_obs,2.0,86.0,43.98227486335796,percentile,71,211,1519,210,0.2526690391459075,0.74822695035461,0.1443089430894309,0.13050921784639968
all_radars_all_dates,all,max_mesh_75_mh19_buffer,sig_severe_obs,2.0,87.0,44.55930397093704,percentile,66,196,1534,215,0.23487544483985764,0.7480916030534351,0.13836477987421383,0.12512371272608336
all_radars_all_dates,all,max_mesh_75_mh19_buffer,sig_severe_obs,2.0,88.0,45.17082073803273,percentile,62,180,1550,219,0.2206405693950178,0.743801652892562,0.13449023861171366,0.1237893789673808
all_radars_all_dates,all,max_mesh_75_mh19_buffer,sig_severe_obs,2.0,89.0,45.733687955217285,percentile,61,161,1569,220,0.21708185053380782,0.7252252252252253,0.13800904977375567,0.13597453226262984
all_radars_all_dates,all,max_mesh_75_mh19_buffer,sig_severe_obs,2.0,90.0,46.34986212699857,percentile,56,146,1584,225,0.199288256227758,0.7227722772277227,0.13114754098360656,0.13022782992087797
all_radars_all_dates,all,max_mesh_75_mh19_buffer,sig_severe_obs,2.0,91.0,46.74335625299248,percentile,53,128,1602,228,0.18861209964412812,0.7071823204419889,0.1295843520782396,0.13469831754012762
all_radars_all_dates,all,max_mesh_75_mh19_buffer,sig_severe_obs,2.0,92.0,47.36878894276656,percentile,46,115,1615,235,0.16370106761565836,0.7142857142857143,0.11616161616161616,0.11840226458578622
all_radars_all_dates,all,max_mesh_75_mh19_buffer,sig_severe_obs,2.0,93.0,48.16194888722553,percentile,36,105,1625,245,0.12811387900355872,0.7446808510638298,0.09326424870466321,0.08519625682349884
all_radars_all_dates,all,max_mesh_75_mh19_buffer,sig_severe_obs,2.0,94.0,48.63616457987629,percentile,34,87,1643,247,0.12099644128113879,0.71900826446281,0.09239130434782608,0.09284730288214797
all_radars_all_dates,all,max_mesh_75_mh19_buffer,sig_severe_obs,2.0,95.0,49.53477654802277,percentile,27,74,1656,254,0.09608540925266904,0.7326732673267327,0.07605633802816901,0.0728550545372765
all_radars_all_dates,all,max_mesh_75_mh19_buffer,sig_severe_obs,2.0,96.0,50.09664916416172,percentile,22,59,1671,259,0.07829181494661921,0.7283950617283951,0.06470588235294118,0.06295167482343288
all_radars_all_dates,all,max_mesh_75_mh19_buffer,sig_severe_obs,2.0,97.0,51.19887106126839,percentile,18,43,1687,263,0.06405693950177936,0.7049180327868853,0.05555555555555555,0.058324661810613944
all_radars_all_dates,all,max_mesh_75_mh19_buffer,sig_severe_obs,2.0,98.0,52.16904676672664,percentile,12,29,1701,269,0.042704626334519574,0.7073170731707317,0.03870967741935484,0.0403875100080064
all_radars_all_dates,all,max_mesh_75_mh19_buffer,sig_severe_obs,2.0,99.0,54.1118869108134,percentile,7,14,1716,274,0.02491103202846975,0.6666666666666666,0.023728813559322035,0.027458355722729717
all_radars_all_dates,all,max_mesh_75_mh19_buffer,sig_severe_obs,2.0,100.0,58.88607877121947,percentile,0,1,1729,281,0.0,1.0,0.0,-0.0009919864440286652
