scope,scope_value,field,obs_col,spatial_buffer_km,percentile,threshold,threshold_source,tp,fp,tn,fn,POD,FAR,CSI,HSS
all_radars_all_dates,all,max_reflectivity_buffer,severe_obs,2.0,0.0,40.15790939331055,percentile,930,435,0,0,1.0,0.31868131868131866,0.6813186813186813,0.0
all_radars_all_dates,all,max_reflectivity_buffer,severe_obs,2.0,1.0,42.28586685180664,percentile,924,427,8,6,0.9935483870967742,0.3160621761658031,0.6809137803979366,0.016081104701975178
all_radars_all_dates,all,max_reflectivity_buffer,severe_obs,2.0,2.0,45.28251358032226,percentile,920,417,18,10,0.989247311827957,0.3118922961854899,0.6829992576095026,0.04078106099879039
all_radars_all_dates,all,max_reflectivity_buffer,severe_obs,2.0,3.0,45.9665315246582,percentile,915,409,26,15,0.9838709677419355,0.30891238670694865,0.6833457804331591,0.05750158776686697
all_radars_all_dates,all,max_reflectivity_buffer,severe_obs,2.0,4.0,46.63556991577149,percentile,911,399,36,19,0.9795698924731183,0.3045801526717557,0.6854778028592927,0.08120772946859903
all_radars_all_dates,all,max_reflectivity_buffer,severe_obs,2.0,5.0,47.778944396972655,percentile,904,392,43,26,0.9720430107526882,0.30246913580246915,0.6838124054462935,0.09134776169318236
all_radars_all_dates,all,max_reflectivity_buffer,severe_obs,2.0,6.0,48.271692504882814,percentile,897,386,49,33,0.964516129032258,0.3008573655494934,0.6816109422492401,0.09841337400392519
all_radars_all_dates,all,max_reflectivity_buffer,severe_obs,2.0,7.0,48.62658248901367,percentile,890,379,56,40,0.956989247311828,0.2986603624901497,0.6799083269671505,0.1081561527845999
all_radars_all_dates,all,max_reflectivity_buffer,severe_obs,2.0,8.0,48.90800247192383,percentile,883,372,63,47,0.9494623655913978,0.2964143426294821,0.6781874039938556,0.11769061668402175
all_radars_all_dates,all,max_reflectivity_buffer,severe_obs,2.0,9.0,49.33982284545898,percentile,878,364,71,52,0.9440860215053763,0.29307568438003223,0.678516228748068,0.1326184584364403
all_radars_all_dates,all,max_reflectivity_buffer,severe_obs,2.0,10.0,49.66988830566406,percentile,874,354,81,56,0.9397849462365592,0.28827361563517917,0.6806853582554517,0.15408334466965945
all_radars_all_dates,all,max_reflectivity_buffer,severe_obs,2.0,11.0,50.09914138793946,percentile,870,344,91,60,0.9354838709677419,0.2833607907742998,0.6828885400313972,0.17510321306767188
all_radars_all_dates,all,max_reflectivity_buffer,severe_obs,2.0,12.0,50.3431510925293,percentile,866,336,99,64,0.9311827956989247,0.2795341098169717,0.684044233807267,0.1904634818966284
all_radars_all_dates,all,max_reflectivity_buffer,severe_obs,2.0,13.0,50.66550750732422,percentile,858,329,106,72,0.9225806451612903,0.2771693344566133,0.6814932486100079,0.1972766668866451
all_radars_all_dates,all,max_reflectivity_buffer,severe_obs,2.0,14.0,50.92155639648438,percentile,852,322,113,78,0.9161290322580645,0.27427597955706984,0.6805111821086262,0.20676429567642957
all_radars_all_dates,all,max_reflectivity_buffer,severe_obs,2.0,15.0,51.141544342041016,percentile,848,312,123,82,0.9118279569892473,0.2689655172413793,0.6827697262479872,0.22645091693635383
all_radars_all_dates,all,max_reflectivity_buffer,severe_obs,2.0,16.0,51.389154052734376,percentile,842,304,131,88,0.9053763440860215,0.26527050610820246,0.6823338735818476,0.23797316927283602
all_radars_all_dates,all,max_reflectivity_buffer,severe_obs,2.0,17.0,51.551883392333984,percentile,838,295,140,92,0.9010752688172043,0.26037069726390116,0.6840816326530612,0.25452467136597445
all_radars_all_dates,all,max_reflectivity_buffer,severe_obs,2.0,18.0,51.8122477722168,percentile,833,286,149,97,0.8956989247311828,0.2555853440571939,0.6850328947368421,0.2693750917133094
all_radars_all_dates,all,max_reflectivity_buffer,severe_obs,2.0,19.0,52.029577026367186,percentile,825,280,155,105,0.8870967741935484,0.25339366515837103,0.6818181818181818,0.2726045883940621
all_radars_all_dates,all,max_reflectivity_buffer,severe_obs,2.0,20.0,52.25061111450196,percentile,817,275,160,113,0.878494623655914,0.2518315018315018,0.6780082987551868,0.27340823970037453
all_radars_all_dates,all,max_reflectivity_buffer,severe_obs,2.0,21.0,52.45797882080078,percentile,811,267,168,119,0.8720430107526882,0.24768089053803338,0.6775271512113618,0.2839611872146119
all_radars_all_dates,all,max_reflectivity_buffer,severe_obs,2.0,22.0,52.5538835144043,percentile,804,260,175,126,0.864516129032258,0.24436090225563908,0.6756302521008404,0.2906417868249929
all_radars_all_dates,all,max_reflectivity_buffer,severe_obs,2.0,23.0,52.72588577270508,percentile,798,253,182,132,0.8580645161290322,0.2407231208372978,0.6745562130177515,0.2985564698580495
all_radars_all_dates,all,max_reflectivity_buffer,severe_obs,2.0,24.0,52.87705169677734,percentile,792,245,190,138,0.8516129032258064,0.23625843780135006,0.6740425531914893,0.3085956872780654
all_radars_all_dates,all,max_reflectivity_buffer,severe_obs,2.0,25.0,53.047462463378906,percentile,785,239,196,145,0.8440860215053764,0.2333984375,0.6715141146278871,0.31264015106809867
all_radars_all_dates,all,max_reflectivity_buffer,severe_obs,2.0,26.0,53.17485466003418,percentile,778,232,203,152,0.8365591397849462,0.2297029702970297,0.6695352839931153,0.31883040935672513
all_radars_all_dates,all,max_reflectivity_buffer,severe_obs,2.0,27.0,53.34000381469727,percentile,773,223,212,157,0.8311827956989247,0.22389558232931728,0.6704249783174328,0.3319423515320119
all_radars_all_dates,all,max_reflectivity_buffer,severe_obs,2.0,28.0,53.48912353515625,percentile,765,218,217,165,0.8225806451612904,0.22177009155645983,0.6663763066202091,0.33220287022666745
all_radars_all_dates,all,max_reflectivity_buffer,severe_obs,2.0,29.0,53.627365264892575,percentile,754,215,220,176,0.810752688172043,0.2218782249742002,0.6585152838427948,0.32423603593337513
all_radars_all_dates,all,max_reflectivity_buffer,severe_obs,2.0,30.0,53.7643310546875,percentile,748,207,228,182,0.8043010752688172,0.21675392670157068,0.6578715919085312,0.3335404311399793
all_radars_all_dates,all,max_reflectivity_buffer,severe_obs,2.0,31.0,53.90832458496094,percentile,741,201,234,189,0.7967741935483871,0.21337579617834396,0.6551724137931034,0.33718063648588076
all_radars_all_dates,all,max_reflectivity_buffer,severe_obs,2.0,32.0,54.09140396118164,percentile,734,195,240,196,0.789247311827957,0.20990312163616792,0.6524444444444445,0.3407629740796324
all_radars_all_dates,all,max_reflectivity_buffer,severe_obs,2.0,33.0,54.22766876220703,percentile,724,190,245,206,0.7784946236559139,0.20787746170678337,0.6464285714285715,0.33840052875082616
all_radars_all_dates,all,max_reflectivity_buffer,severe_obs,2.0,34.0,54.35300720214844,percentile,717,184,251,213,0.7709677419354839,0.20421753607103219,0.6436265709156194,0.34191303714228466
all_radars_all_dates,all,max_reflectivity_buffer,severe_obs,2.0,35.0,54.54336700439453,percentile,707,180,255,223,0.7602150537634409,0.20293122886133033,0.636936936936937,0.33754222438989145
all_radars_all_dates,all,max_reflectivity_buffer,severe_obs,2.0,36.0,54.68019760131836,percentile,697,176,259,233,0.7494623655913979,0.2016036655211913,0.6301989150090416,0.3332437613084681
all_radars_all_dates,all,max_reflectivity_buffer,severe_obs,2.0,37.0,54.80622222900391,percentile,687,173,262,243,0.7387096774193549,0.20116279069767443,0.6228467815049864,0.32700444444444443
all_radars_all_dates,all,max_reflectivity_buffer,severe_obs,2.0,38.0,54.92708267211914,percentile,681,165,270,249,0.7322580645161291,0.1950354609929078,0.6219178082191781,0.3356961489631824
all_radars_all_dates,all,max_reflectivity_buffer,severe_obs,2.0,39.0,55.03982009887695,percentile,672,161,274,258,0.7225806451612903,0.19327731092436976,0.615948670944088,0.33272081342643633
all_radars_all_dates,all,max_reflectivity_buffer,severe_obs,2.0,40.0,55.176434707641604,percentile,662,157,278,268,0.7118279569892473,0.1916971916971917,0.609015639374425,0.3285939968404423
all_radars_all_dates,all,max_reflectivity_buffer,severe_obs,2.0,41.0,55.27393341064453,percentile,653,153,282,277,0.7021505376344086,0.18982630272952852,0.602954755309326,0.3257168458781362
all_radars_all_dates,all,max_reflectivity_buffer,severe_obs,2.0,42.0,55.3808772277832,percentile,642,150,285,288,0.6903225806451613,0.1893939393939394,0.5944444444444444,0.3185967791568366
all_radars_all_dates,all,max_reflectivity_buffer,severe_obs,2.0,43.0,55.499619293212895,percentile,631,147,288,299,0.678494623655914,0.18894601542416453,0.585886722376973,0.31158830314132574
all_radars_all_dates,all,max_reflectivity_buffer,severe_obs,2.0,44.0,55.61686889648438,percentile,623,141,294,307,0.6698924731182796,0.18455497382198952,0.5816993464052288,0.31387794944292974
all_radars_all_dates,all,max_reflectivity_buffer,severe_obs,2.0,45.0,55.707540130615236,percentile,614,137,298,316,0.6602150537634408,0.18242343541944075,0.5754451733833177,0.31119354353601686
all_radars_all_dates,all,max_reflectivity_buffer,severe_obs,2.0,46.0,55.8387028503418,percentile,602,135,300,328,0.6473118279569893,0.18317503392130258,0.5652582159624413,0.30138122005007545
all_radars_all_dates,all,max_reflectivity_buffer,severe_obs,2.0,47.0,55.96738067626953,percentile,593,130,305,337,0.6376344086021506,0.1798063623789765,0.559433962264151,0.3007026377713054
all_radars_all_dates,all,max_reflectivity_buffer,severe_obs,2.0,48.0,56.03238296508789,percentile,585,127,308,345,0.6290322580645161,0.17837078651685392,0.5534531693472091,0.297412241960284
all_radars_all_dates,all,max_reflectivity_buffer,severe_obs,2.0,49.0,56.106353759765625,percentile,573,126,309,357,0.6161290322580645,0.18025751072961374,0.5426136363636364,0.28604843818527365
all_radars_all_dates,all,max_reflectivity_buffer,severe_obs,2.0,50.0,56.20008850097656,percentile,559,124,311,371,0.6010752688172043,0.1815519765739385,0.530360531309298,0.2745325409479635
all_radars_all_dates,all,max_reflectivity_buffer,severe_obs,2.0,51.0,56.29269790649414,percentile,547,122,313,383,0.5881720430107527,0.18236173393124067,0.5199619771863118,0.2653429891452049
all_radars_all_dates,all,max_reflectivity_buffer,severe_obs,2.0,52.0,56.35278305053711,percentile,537,118,317,393,0.5774193548387097,0.1801526717557252,0.5124045801526718,0.2620645877965564
all_radars_all_dates,all,max_reflectivity_buffer,severe_obs,2.0,53.0,56.44999755859375,percentile,526,116,319,404,0.5655913978494623,0.1806853582554517,0.502868068833652,0.25414538805876047
all_radars_all_dates,all,max_reflectivity_buffer,severe_obs,2.0,54.0,56.53795761108398,percentile,515,113,322,415,0.553763440860215,0.17993630573248406,0.4937679769894535,0.24814571401746316
all_radars_all_dates,all,max_reflectivity_buffer,severe_obs,2.0,55.0,56.62064208984375,percentile,502,112,323,428,0.5397849462365591,0.18241042345276873,0.4817658349328215,0.23657718120805368
all_radars_all_dates,all,max_reflectivity_buffer,severe_obs,2.0,56.0,56.66091247558594,percentile,496,105,330,434,0.5333333333333333,0.17470881863560733,0.4792270531400966,0.2430359430220535
all_radars_all_dates,all,max_reflectivity_buffer,severe_obs,2.0,57.0,56.81335311889649,percentile,484,103,332,446,0.5204301075268817,0.17546848381601363,0.46853823814133594,0.234450420631637
all_radars_all_dates,all,max_reflectivity_buffer,severe_obs,2.0,58.0,56.915375213623044,percentile,472,101,334,458,0.5075268817204301,0.1762652705061082,0.457807953443259,0.22598560581853594
all_radars_all_dates,all,max_reflectivity_buffer,severe_obs,2.0,59.0,57.03424057006836,percentile,462,98,337,468,0.4967741935483871,0.175,0.4494163424124514,0.22137566137566136
all_radars_all_dates,all,max_reflectivity_buffer,severe_obs,2.0,60.0,57.123583221435545,percentile,452,94,341,478,0.4860215053763441,0.17216117216117216,0.44140625,0.2185792349726776
all_radars_all_dates,all,max_reflectivity_buffer,severe_obs,2.0,61.0,57.250448150634774,percentile,441,91,344,489,0.47419354838709676,0.17105263157894737,0.43192948090107736,0.21310791066583176
all_radars_all_dates,all,max_reflectivity_buffer,severe_obs,2.0,62.0,57.45082565307617,percentile,431,88,347,499,0.46344086021505376,0.16955684007707128,0.42337917485265225,0.20867220716116322
all_radars_all_dates,all,max_reflectivity_buffer,severe_obs,2.0,63.0,57.59122116088867,percentile,420,85,350,510,0.45161290322580644,0.16831683168316833,0.41379310344827586,0.20333995438828809
all_radars_all_dates,all,max_reflectivity_buffer,severe_obs,2.0,64.0,57.70819091796875,percentile,409,83,352,521,0.4397849462365591,0.16869918699186992,0.403751233958539,0.1963622539988888
all_radars_all_dates,all,max_reflectivity_buffer,severe_obs,2.0,65.0,57.839392852783206,percentile,398,80,355,532,0.42795698924731185,0.16736401673640167,0.3940594059405941,0.19118159637504356
all_radars_all_dates,all,max_reflectivity_buffer,severe_obs,2.0,66.0,57.997259521484374,percentile,386,78,357,544,0.4150537634408602,0.16810344827586207,0.38293650793650796,0.18344441559190974
all_radars_all_dates,all,max_reflectivity_buffer,severe_obs,2.0,67.0,58.05861801147461,percentile,376,75,360,554,0.4043010752688172,0.1662971175166297,0.37412935323383084,0.1793338781596341
all_radars_all_dates,all,max_reflectivity_buffer,severe_obs,2.0,68.0,58.14708419799805,percentile,364,73,362,566,0.3913978494623656,0.16704805491990846,0.3629112662013958,0.17177284963466222
all_radars_all_dates,all,max_reflectivity_buffer,severe_obs,2.0,69.0,58.213043212890625,percentile,353,70,365,577,0.3795698924731183,0.16548463356973994,0.353,0.1668859928400617
all_radars_all_dates,all,max_reflectivity_buffer,severe_obs,2.0,70.0,58.36062927246093,percentile,342,68,367,588,0.36774193548387096,0.16585365853658537,0.342685370741483,0.16039381153305204
all_radars_all_dates,all,max_reflectivity_buffer,severe_obs,2.0,71.0,58.54196990966797,percentile,330,66,369,600,0.3548387096774194,0.16666666666666666,0.3313253012048193,0.1530980129118806
all_radars_all_dates,all,max_reflectivity_buffer,severe_obs,2.0,72.0,58.65944030761718,percentile,319,63,372,611,0.34301075268817205,0.1649214659685864,0.32124874118831825,0.14842274797289792
all_radars_all_dates,all,max_reflectivity_buffer,severe_obs,2.0,73.0,58.74775955200195,percentile,311,58,377,619,0.33440860215053764,0.15718157181571815,0.3147773279352227,0.14969704498088415
all_radars_all_dates,all,max_reflectivity_buffer,severe_obs,2.0,74.0,58.89660430908203,percentile,299,56,379,631,0.32150537634408605,0.15774647887323945,0.30324543610547666,0.14260440238634026
all_radars_all_dates,all,max_reflectivity_buffer,severe_obs,2.0,75.0,59.0009651184082,percentile,291,51,384,639,0.31290322580645163,0.14912280701754385,0.2966360856269113,0.14389725130890052
all_radars_all_dates,all,max_reflectivity_buffer,severe_obs,2.0,76.0,59.15087020874024,percentile,277,51,384,653,0.2978494623655914,0.15548780487804878,0.2823649337410805,0.13199468877869008
all_radars_all_dates,all,max_reflectivity_buffer,severe_obs,2.0,77.0,59.24001541137695,percentile,263,51,384,667,0.28279569892473116,0.1624203821656051,0.26809378185524974,0.1202402111272688
all_radars_all_dates,all,max_reflectivity_buffer,severe_obs,2.0,78.0,59.28181716918945,percentile,253,48,387,677,0.27204301075268816,0.15946843853820597,0.25869120654396727,0.11676506419267173
all_radars_all_dates,all,max_reflectivity_buffer,severe_obs,2.0,79.0,59.373085021972656,percentile,243,45,390,687,0.26129032258064516,0.15625,0.24923076923076923,0.11332960626148071
all_radars_all_dates,all,max_reflectivity_buffer,severe_obs,2.0,80.0,59.503177642822266,percentile,232,42,393,698,0.24946236559139784,0.15328467153284672,0.23868312757201646,0.10911784939408371
all_radars_all_dates,all,max_reflectivity_buffer,severe_obs,2.0,81.0,59.59788009643555,percentile,219,41,394,711,0.23548387096774193,0.1576923076923077,0.2255406797116375,0.10017094017094016
all_radars_all_dates,all,max_reflectivity_buffer,severe_obs,2.0,82.0,59.76616470336914,percentile,206,40,395,724,0.221505376344086,0.16260162601626016,0.21237113402061855,0.09133207862818904
all_radars_all_dates,all,max_reflectivity_buffer,severe_obs,2.0,83.0,59.91411331176758,percentile,194,38,397,736,0.2086021505376344,0.16379310344827586,0.20041322314049587,0.08496375399485541
all_radars_all_dates,all,max_reflectivity_buffer,severe_obs,2.0,84.0,60.034666290283205,percentile,184,35,400,746,0.1978494623655914,0.1598173515981735,0.19067357512953367,0.08180561476945337
all_radars_all_dates,all,max_reflectivity_buffer,severe_obs,2.0,85.0,60.125563049316405,percentile,174,31,404,756,0.1870967741935484,0.15121951219512195,0.18106139438085328,0.08024144352404804
all_radars_all_dates,all,max_reflectivity_buffer,severe_obs,2.0,86.0,60.28978622436523,percentile,165,26,409,765,0.1774193548387097,0.13612565445026178,0.17259414225941422,0.08101931645537298
all_radars_all_dates,all,max_reflectivity_buffer,severe_obs,2.0,87.0,60.5301628112793,percentile,157,22,413,773,0.16881720430107527,0.12290502793296089,0.16491596638655462,0.08101825387751992
all_radars_all_dates,all,max_reflectivity_buffer,severe_obs,2.0,88.0,60.652545776367184,percentile,146,18,417,784,0.15698924731182795,0.10975609756097561,0.1540084388185654,0.07871948294579514
all_radars_all_dates,all,max_reflectivity_buffer,severe_obs,2.0,89.0,60.946622161865236,percentile,134,17,418,796,0.14408602150537633,0.11258278145695365,0.14149947201689547,0.07111378959659498
all_radars_all_dates,all,max_reflectivity_buffer,severe_obs,2.0,90.0,61.17061538696289,percentile,122,15,420,808,0.13118279569892474,0.10948905109489052,0.1291005291005291,0.06511128587299804
all_radars_all_dates,all,max_reflectivity_buffer,severe_obs,2.0,91.0,61.37044906616211,percentile,110,14,421,820,0.11827956989247312,0.11290322580645161,0.11652542372881355,0.05766222156000894
all_radars_all_dates,all,max_reflectivity_buffer,severe_obs,2.0,92.0,61.58748626708984,percentile,100,12,423,830,0.10752688172043011,0.10714285714285714,0.10615711252653928,0.053277979588306525
all_radars_all_dates,all,max_reflectivity_buffer,severe_obs,2.0,93.0,61.815453643798826,percentile,84,12,423,846,0.09032258064516129,0.125,0.08917197452229299,0.04154084112837888
all_radars_all_dates,all,max_reflectivity_buffer,severe_obs,2.0,94.0,62.054700927734366,percentile,72,10,425,858,0.07741935483870968,0.12195121951219512,0.07659574468085106,0.03583809384307407
all_radars_all_dates,all,max_reflectivity_buffer,severe_obs,2.0,95.0,62.419362640380854,percentile,60,9,426,870,0.06451612903225806,0.13043478260869565,0.06389776357827476,0.0287056937816473
all_radars_all_dates,all,max_reflectivity_buffer,severe_obs,2.0,96.0,62.68972900390625,percentile,48,7,428,882,0.05161290322580645,0.12727272727272726,0.051227321237993596,0.023135905331159813
all_radars_all_dates,all,max_reflectivity_buffer,severe_obs,2.0,97.0,63.01591705322265,percentile,38,3,432,892,0.04086021505376344,0.07317073170731707,0.04072883172561629,0.021998871236956184
all_radars_all_dates,all,max_reflectivity_buffer,severe_obs,2.0,98.0,63.65563278198242,percentile,27,1,434,903,0.02903225806451613,0.03571428571428571,0.02900107411385607,0.01722696103027262
all_radars_all_dates,all,max_reflectivity_buffer,severe_obs,2.0,99.0,64.18559967041014,percentile,13,1,434,917,0.013978494623655914,0.07142857142857142,0.013963480128893663,0.0074850299401197605
all_radars_all_dates,all,max_reflectivity_buffer,severe_obs,2.0,100.0,67.3777847290039,percentile,2,0,435,928,0.002150537634408602,0.0,0.002150537634408602,0.0013717421124828531
all_radars_all_dates,all,max_reflectivity_buffer,sig_severe_obs,2.0,0.0,40.15790939331055,percentile,231,1134,0,0,1.0,0.8307692307692308,0.16923076923076924,0.0
all_radars_all_dates,all,max_reflectivity_buffer,sig_severe_obs,2.0,1.0,42.28586685180664,percentile,230,1121,13,1,0.9956709956709957,0.8297557364914878,0.17011834319526628,0.002434754062482902
all_radars_all_dates,all,max_reflectivity_buffer,sig_severe_obs,2.0,2.0,45.28251358032226,percentile,230,1107,27,1,0.9956709956709957,0.8279730740463724,0.17189835575485798,0.006702893553636941
all_radars_all_dates,all,max_reflectivity_buffer,sig_severe_obs,2.0,3.0,45.9665315246582,percentile,229,1095,39,2,0.9913419913419913,0.8270392749244713,0.1726998491704374,0.008923235159214421
all_radars_all_dates,all,max_reflectivity_buffer,sig_severe_obs,2.0,4.0,46.63556991577149,percentile,228,1082,52,3,0.987012987012987,0.8259541984732824,0.17364813404417365,0.011493447333380055
all_radars_all_dates,all,max_reflectivity_buffer,sig_severe_obs,2.0,5.0,47.778944396972655,percentile,226,1070,64,5,0.9783549783549783,0.8256172839506173,0.17371252882398155,0.012269765206451521
all_radars_all_dates,all,max_reflectivity_buffer,sig_severe_obs,2.0,6.0,48.271692504882814,percentile,224,1059,75,7,0.9696969696969697,0.8254091971940763,0.17364341085271318,0.012737945970591589
all_radars_all_dates,all,max_reflectivity_buffer,sig_severe_obs,2.0,7.0,48.62658248901367,percentile,223,1046,88,8,0.9653679653679653,0.8242710795902285,0.17462803445575567,0.015406283234169756
all_radars_all_dates,all,max_reflectivity_buffer,sig_severe_obs,2.0,8.0,48.90800247192383,percentile,222,1033,101,9,0.961038961038961,0.8231075697211155,0.17563291139240506,0.01812119454914468
all_radars_all_dates,all,max_reflectivity_buffer,sig_severe_obs,2.0,9.0,49.33982284545898,percentile,221,1021,113,10,0.9567099567099567,0.822061191626409,0.17651757188498401,0.02054924657634352
all_radars_all_dates,all,max_reflectivity_buffer,sig_severe_obs,2.0,10.0,49.66988830566406,percentile,221,1007,127,10,0.9567099567099567,0.8200325732899023,0.17851373182552505,0.02527315354104307
all_radars_all_dates,all,max_reflectivity_buffer,sig_severe_obs,2.0,11.0,50.09914138793946,percentile,219,995,139,12,0.948051948051948,0.8196046128500823,0.17862969004893964,0.026213606676882335
all_radars_all_dates,all,max_reflectivity_buffer,sig_severe_obs,2.0,12.0,50.3431510925293,percentile,219,983,151,12,0.948051948051948,0.8178036605657238,0.18039538714991762,0.03037435720603889
all_radars_all_dates,all,max_reflectivity_buffer,sig_severe_obs,2.0,13.0,50.66550750732422,percentile,219,968,166,12,0.948051948051948,0.8155012636899748,0.18265221017514596,0.035666707036453915
all_radars_all_dates,all,max_reflectivity_buffer,sig_severe_obs,2.0,14.0,50.92155639648438,percentile,218,956,178,13,0.9437229437229437,0.8143100511073254,0.18365627632687448,0.038352901659618
all_radars_all_dates,all,max_reflectivity_buffer,sig_severe_obs,2.0,15.0,51.141544342041016,percentile,218,942,192,13,0.9437229437229437,0.8120689655172414,0.18584825234441602,0.04345481161876878
all_radars_all_dates,all,max_reflectivity_buffer,sig_severe_obs,2.0,16.0,51.389154052734376,percentile,217,929,205,14,0.9393939393939394,0.8106457242582897,0.1870689655172414,0.046630270791532515
all_radars_all_dates,all,max_reflectivity_buffer,sig_severe_obs,2.0,17.0,51.551883392333984,percentile,216,917,217,15,0.935064935064935,0.8093556928508385,0.18815331010452963,0.04948693005303292
all_radars_all_dates,all,max_reflectivity_buffer,sig_severe_obs,2.0,18.0,51.8122477722168,percentile,216,903,231,15,0.935064935064935,0.806970509383378,0.19047619047619047,0.05483748336818096
all_radars_all_dates,all,max_reflectivity_buffer,sig_severe_obs,2.0,19.0,52.029577026367186,percentile,216,889,245,15,0.935064935064935,0.8045248868778281,0.19285714285714287,0.060291060291060294
all_radars_all_dates,all,max_reflectivity_buffer,sig_severe_obs,2.0,20.0,52.25061111450196,percentile,216,876,258,15,0.935064935064935,0.8021978021978022,0.1951219512195122,0.06544996853366897
all_radars_all_dates,all,max_reflectivity_buffer,sig_severe_obs,2.0,21.0,52.45797882080078,percentile,216,862,272,15,0.935064935064935,0.7996289424860853,0.19762122598353157,0.0711108214244977
all_radars_all_dates,all,max_reflectivity_buffer,sig_severe_obs,2.0,22.0,52.5538835144043,percentile,216,848,286,15,0.935064935064935,0.7969924812030075,0.20018535681186284,0.07688383497622064
all_radars_all_dates,all,max_reflectivity_buffer,sig_severe_obs,2.0,23.0,52.72588577270508,percentile,216,835,299,15,0.935064935064935,0.7944814462416746,0.2026266416510319,0.08234786074940208
all_radars_all_dates,all,max_reflectivity_buffer,sig_severe_obs,2.0,24.0,52.87705169677734,percentile,213,824,310,18,0.922077922077922,0.7945998071359691,0.2018957345971564,0.08180384525047814
all_radars_all_dates,all,max_reflectivity_buffer,sig_severe_obs,2.0,25.0,53.047462463378906,percentile,213,811,323,18,0.922077922077922,0.7919921875,0.20441458733205375,0.08742188426168984
all_radars_all_dates,all,max_reflectivity_buffer,sig_severe_obs,2.0,26.0,53.17485466003418,percentile,211,799,335,20,0.9134199134199135,0.7910891089108911,0.20485436893203884,0.08914363931901788
all_radars_all_dates,all,max_reflectivity_buffer,sig_severe_obs,2.0,27.0,53.34000381469727,percentile,211,785,349,20,0.9134199134199135,0.7881526104417671,0.2076771653543307,0.09539615856715593
all_radars_all_dates,all,max_reflectivity_buffer,sig_severe_obs,2.0,28.0,53.48912353515625,percentile,209,774,360,22,0.9047619047619048,0.7873855544252288,0.20796019900497512,0.09678095105090427
all_radars_all_dates,all,max_reflectivity_buffer,sig_severe_obs,2.0,29.0,53.627365264892575,percentile,208,761,373,23,0.9004329004329005,0.7853457172342622,0.20967741935483872,0.10094915493454712
all_radars_all_dates,all,max_reflectivity_buffer,sig_severe_obs,2.0,30.0,53.7643310546875,percentile,206,749,385,25,0.8917748917748918,0.7842931937172775,0.21020408163265306,0.10288873038516405
all_radars_all_dates,all,max_reflectivity_buffer,sig_severe_obs,2.0,31.0,53.90832458496094,percentile,206,736,398,25,0.8917748917748918,0.7813163481953291,0.21302998965873837,0.10907584517569928
all_radars_all_dates,all,max_reflectivity_buffer,sig_severe_obs,2.0,32.0,54.09140396118164,percentile,205,724,410,26,0.8874458874458875,0.7793326157158235,0.21465968586387435,0.11302354353917252
all_radars_all_dates,all,max_reflectivity_buffer,sig_severe_obs,2.0,33.0,54.22766876220703,percentile,202,712,422,29,0.8744588744588745,0.7789934354485777,0.2142099681866384,0.11326104166283116
all_radars_all_dates,all,max_reflectivity_buffer,sig_severe_obs,2.0,34.0,54.35300720214844,percentile,200,701,433,31,0.8658008658008658,0.7780244173140954,0.2145922746781116,0.11492243014993117
all_radars_all_dates,all,max_reflectivity_buffer,sig_severe_obs,2.0,35.0,54.54336700439453,percentile,195,692,442,36,0.8441558441558441,0.7801578354002254,0.2112676056338028,0.10979005192264278
all_radars_all_dates,all,max_reflectivity_buffer,sig_severe_obs,2.0,36.0,54.68019760131836,percentile,192,681,453,39,0.8311688311688312,0.7800687285223368,0.21052631578947367,0.10948738440461239
all_radars_all_dates,all,max_reflectivity_buffer,sig_severe_obs,2.0,37.0,54.80622222900391,percentile,188,672,462,43,0.8138528138528138,0.7813953488372093,0.2081949058693245,0.10616405423598423
all_radars_all_dates,all,max_reflectivity_buffer,sig_severe_obs,2.0,38.0,54.92708267211914,percentile,188,658,476,43,0.8138528138528138,0.7777777777777778,0.21147356580427445,0.11340065767711556
all_radars_all_dates,all,max_reflectivity_buffer,sig_severe_obs,2.0,39.0,55.03982009887695,percentile,185,648,486,46,0.8008658008658008,0.7779111644657863,0.21046643913538113,0.11260180194358106
all_radars_all_dates,all,max_reflectivity_buffer,sig_severe_obs,2.0,40.0,55.176434707641604,percentile,183,636,498,48,0.7922077922077922,0.7765567765567766,0.21107266435986158,0.11490683229813664
all_radars_all_dates,all,max_reflectivity_buffer,sig_severe_obs,2.0,41.0,55.27393341064453,percentile,182,624,510,49,0.7878787878787878,0.7741935483870968,0.2128654970760234,0.11934048678356451
all_radars_all_dates,all,max_reflectivity_buffer,sig_severe_obs,2.0,42.0,55.3808772277832,percentile,178,614,520,53,0.7705627705627706,0.7752525252525253,0.2106508875739645,0.1164842778830674
all_radars_all_dates,all,max_reflectivity_buffer,sig_severe_obs,2.0,43.0,55.499619293212895,percentile,177,601,533,54,0.7662337662337663,0.7724935732647815,0.2127403846153846,0.12160349914378263
all_radars_all_dates,all,max_reflectivity_buffer,sig_severe_obs,2.0,44.0,55.61686889648438,percentile,177,587,547,54,0.7662337662337663,0.768324607329843,0.21638141809290953,0.1295673428458019
all_radars_all_dates,all,max_reflectivity_buffer,sig_severe_obs,2.0,45.0,55.707540130615236,percentile,176,575,559,55,0.7619047619047619,0.7656458055925432,0.21836228287841192,0.13439587384797497
all_radars_all_dates,all,max_reflectivity_buffer,sig_severe_obs,2.0,46.0,55.8387028503418,percentile,171,566,568,60,0.7402597402597403,0.76797829036635,0.21455457967377667,0.1288057208923907
all_radars_all_dates,all,max_reflectivity_buffer,sig_severe_obs,2.0,47.0,55.96738067626953,percentile,169,554,580,62,0.7316017316017316,0.7662517289073306,0.21528662420382166,0.13152871768176297
all_radars_all_dates,all,max_reflectivity_buffer,sig_severe_obs,2.0,48.0,56.03238296508789,percentile,167,545,589,64,0.7229437229437229,0.7654494382022472,0.21520618556701032,0.13249764414542745
all_radars_all_dates,all,max_reflectivity_buffer,sig_severe_obs,2.0,49.0,56.106353759765625,percentile,163,536,598,68,0.7056277056277056,0.7668097281831188,0.21251629726205998,0.12894923677671283
all_radars_all_dates,all,max_reflectivity_buffer,sig_severe_obs,2.0,50.0,56.20008850097656,percentile,161,522,612,70,0.696969696969697,0.7642752562225475,0.21381142098273573,0.13302090843547223
all_radars_all_dates,all,max_reflectivity_buffer,sig_severe_obs,2.0,51.0,56.29269790649414,percentile,157,512,622,74,0.6796536796536796,0.7653213751868461,0.21130551816958276,0.1300077657484811
all_radars_all_dates,all,max_reflectivity_buffer,sig_severe_obs,2.0,52.0,56.35278305053711,percentile,153,502,632,78,0.6623376623376623,0.766412213740458,0.208731241473397,0.12691060676239
all_radars_all_dates,all,max_reflectivity_buffer,sig_severe_obs,2.0,53.0,56.44999755859375,percentile,151,491,643,80,0.6536796536796536,0.764797507788162,0.20914127423822715,0.1291851434738744
all_radars_all_dates,all,max_reflectivity_buffer,sig_severe_obs,2.0,54.0,56.53795761108398,percentile,150,478,656,81,0.6493506493506493,0.7611464968152867,0.21156558533145275,0.13527213879435493
all_radars_all_dates,all,max_reflectivity_buffer,sig_severe_obs,2.0,55.0,56.62064208984375,percentile,144,470,664,87,0.6233766233766234,0.7654723127035831,0.20542082738944364,0.12584204553685685
all_radars_all_dates,all,max_reflectivity_buffer,sig_severe_obs,2.0,56.0,56.66091247558594,percentile,143,458,676,88,0.6190476190476191,0.762063227953411,0.20754716981132076,0.1313818591218366
all_radars_all_dates,all,max_reflectivity_buffer,sig_severe_obs,2.0,57.0,56.81335311889649,percentile,141,446,688,90,0.6103896103896104,0.7597955706984668,0.20827178729689808,0.1345389507154213
all_radars_all_dates,all,max_reflectivity_buffer,sig_severe_obs,2.0,58.0,56.915375213623044,percentile,138,435,699,93,0.5974025974025974,0.7591623036649214,0.2072072072072072,0.13451354213950673
all_radars_all_dates,all,max_reflectivity_buffer,sig_severe_obs,2.0,59.0,57.03424057006836,percentile,137,423,711,94,0.5930735930735931,0.7553571428571428,0.20948012232415902,0.14042716459905358
all_radars_all_dates,all,max_reflectivity_buffer,sig_severe_obs,2.0,60.0,57.123583221435545,percentile,133,413,721,98,0.5757575757575758,0.7564102564102564,0.20652173913043478,0.13711583924349882
all_radars_all_dates,all,max_reflectivity_buffer,sig_severe_obs,2.0,61.0,57.250448150634774,percentile,128,404,730,103,0.5541125541125541,0.7593984962406015,0.2015748031496063,0.13026840146736693
all_radars_all_dates,all,max_reflectivity_buffer,sig_severe_obs,2.0,62.0,57.45082565307617,percentile,128,391,743,103,0.5541125541125541,0.7533718689788054,0.2057877813504823,0.13987999571413265
all_radars_all_dates,all,max_reflectivity_buffer,sig_severe_obs,2.0,63.0,57.59122116088867,percentile,127,378,756,104,0.5497835497835498,0.7485148514851485,0.20853858784893267,0.14701878573373264
all_radars_all_dates,all,max_reflectivity_buffer,sig_severe_obs,2.0,64.0,57.70819091796875,percentile,124,368,766,107,0.5367965367965368,0.7479674796747967,0.20701168614357263,0.14641563683613945
all_radars_all_dates,all,max_reflectivity_buffer,sig_severe_obs,2.0,65.0,57.839392852783206,percentile,123,355,779,108,0.5324675324675324,0.7426778242677824,0.2098976109215017,0.15389805729708453
all_radars_all_dates,all,max_reflectivity_buffer,sig_severe_obs,2.0,66.0,57.997259521484374,percentile,120,344,790,111,0.5194805194805194,0.7413793103448276,0.20869565217391303,0.15420253381759946
all_radars_all_dates,all,max_reflectivity_buffer,sig_severe_obs,2.0,67.0,58.05861801147461,percentile,117,334,800,114,0.5064935064935064,0.7405764966740577,0.20707964601769913,0.15368518949081608
all_radars_all_dates,all,max_reflectivity_buffer,sig_severe_obs,2.0,68.0,58.14708419799805,percentile,114,323,811,117,0.4935064935064935,0.7391304347826086,0.20577617328519857,0.15399633201206886
all_radars_all_dates,all,max_reflectivity_buffer,sig_severe_obs,2.0,69.0,58.213043212890625,percentile,110,313,821,121,0.47619047619047616,0.7399527186761229,0.20220588235294118,0.1504035658354415
all_radars_all_dates,all,max_reflectivity_buffer,sig_severe_obs,2.0,70.0,58.36062927246093,percentile,109,301,833,122,0.47186147186147187,0.7341463414634146,0.20488721804511278,0.15775769643130647
all_radars_all_dates,all,max_reflectivity_buffer,sig_severe_obs,2.0,71.0,58.54196990966797,percentile,107,289,845,124,0.46320346320346323,0.7297979797979798,0.20576923076923076,0.16221951752332803
all_radars_all_dates,all,max_reflectivity_buffer,sig_severe_obs,2.0,72.0,58.65944030761718,percentile,106,276,858,125,0.4588744588744589,0.7225130890052356,0.20907297830374755,0.1709869278966954
all_radars_all_dates,all,max_reflectivity_buffer,sig_severe_obs,2.0,73.0,58.74775955200195,percentile,102,267,867,129,0.44155844155844154,0.7235772357723578,0.20481927710843373,0.16650476005440062
all_radars_all_dates,all,max_reflectivity_buffer,sig_severe_obs,2.0,74.0,58.89660430908203,percentile,98,257,877,133,0.42424242424242425,0.723943661971831,0.20081967213114754,0.16281373844121533
all_radars_all_dates,all,max_reflectivity_buffer,sig_severe_obs,2.0,75.0,59.0009651184082,percentile,97,245,889,134,0.4199134199134199,0.716374269005848,0.20378151260504201,0.1711247939167592
all_radars_all_dates,all,max_reflectivity_buffer,sig_severe_obs,2.0,76.0,59.15087020874024,percentile,94,234,900,137,0.4069264069264069,0.7134146341463414,0.2021505376344086,0.17184656066485798
all_radars_all_dates,all,max_reflectivity_buffer,sig_severe_obs,2.0,77.0,59.24001541137695,percentile,90,224,910,141,0.38961038961038963,0.7133757961783439,0.1978021978021978,0.1680401164217835
all_radars_all_dates,all,max_reflectivity_buffer,sig_severe_obs,2.0,78.0,59.28181716918945,percentile,88,213,921,143,0.38095238095238093,0.707641196013289,0.1981981981981982,0.1723299234566135
all_radars_all_dates,all,max_reflectivity_buffer,sig_severe_obs,2.0,79.0,59.373085021972656,percentile,84,204,930,147,0.36363636363636365,0.7083333333333334,0.19310344827586207,0.1673053761086171
all_radars_all_dates,all,max_reflectivity_buffer,sig_severe_obs,2.0,80.0,59.503177642822266,percentile,82,192,942,149,0.354978354978355,0.7007299270072993,0.1938534278959811,0.17285517035489048
all_radars_all_dates,all,max_reflectivity_buffer,sig_severe_obs,2.0,81.0,59.59788009643555,percentile,78,182,952,153,0.33766233766233766,0.7,0.18886198547215496,0.1687344913151365
all_radars_all_dates,all,max_reflectivity_buffer,sig_severe_obs,2.0,82.0,59.76616470336914,percentile,76,170,964,155,0.329004329004329,0.6910569105691057,0.18952618453865336,0.17457898644160513
all_radars_all_dates,all,max_reflectivity_buffer,sig_severe_obs,2.0,83.0,59.91411331176758,percentile,71,161,973,160,0.30735930735930733,0.6939655172413793,0.18112244897959184,0.16509943579688688
all_radars_all_dates,all,max_reflectivity_buffer,sig_severe_obs,2.0,84.0,60.034666290283205,percentile,65,154,980,166,0.2813852813852814,0.7031963470319634,0.16883116883116883,0.14865749836280287
all_radars_all_dates,all,max_reflectivity_buffer,sig_severe_obs,2.0,85.0,60.125563049316405,percentile,62,143,991,169,0.2683982683982684,0.697560975609756,0.1657754010695187,0.14897188417960555
all_radars_all_dates,all,max_reflectivity_buffer,sig_severe_obs,2.0,86.0,60.28978622436523,percentile,60,131,1003,171,0.2597402597402597,0.6858638743455497,0.16574585635359115,0.1548992595143792
all_radars_all_dates,all,max_reflectivity_buffer,sig_severe_obs,2.0,87.0,60.5301628112793,percentile,59,120,1014,172,0.2554112554112554,0.6703910614525139,0.16809116809116809,0.16431842197957028
all_radars_all_dates,all,max_reflectivity_buffer,sig_severe_obs,2.0,88.0,60.652545776367184,percentile,58,106,1028,173,0.2510822510822511,0.6463414634146342,0.17210682492581603,0.17818461956768025
all_radars_all_dates,all,max_reflectivity_buffer,sig_severe_obs,2.0,89.0,60.946622161865236,percentile,55,96,1038,176,0.23809523809523808,0.6357615894039735,0.16819571865443425,0.17798028640505859
all_radars_all_dates,all,max_reflectivity_buffer,sig_severe_obs,2.0,90.0,61.17061538696289,percentile,49,88,1046,182,0.21212121212121213,0.6423357664233577,0.1536050156739812,0.16052807806371377
all_radars_all_dates,all,max_reflectivity_buffer,sig_severe_obs,2.0,91.0,61.37044906616211,percentile,49,75,1059,182,0.21212121212121213,0.6048387096774194,0.16013071895424835,0.17899444635572812
all_radars_all_dates,all,max_reflectivity_buffer,sig_severe_obs,2.0,92.0,61.58748626708984,percentile,48,64,1070,183,0.2077922077922078,0.5714285714285714,0.16271186440677965,0.19040895567545763
all_radars_all_dates,all,max_reflectivity_buffer,sig_severe_obs,2.0,93.0,61.815453643798826,percentile,42,54,1080,189,0.18181818181818182,0.5625,0.14736842105263157,0.17489421720733428
all_radars_all_dates,all,max_reflectivity_buffer,sig_severe_obs,2.0,94.0,62.054700927734366,percentile,37,45,1089,194,0.16017316017316016,0.5487804878048781,0.13405797101449277,0.16212717760638584
all_radars_all_dates,all,max_reflectivity_buffer,sig_severe_obs,2.0,95.0,62.419362640380854,percentile,33,36,1098,198,0.14285714285714285,0.5217391304347826,0.12359550561797752,0.15415415415415415
all_radars_all_dates,all,max_reflectivity_buffer,sig_severe_obs,2.0,96.0,62.68972900390625,percentile,28,27,1107,203,0.12121212121212122,0.4909090909090909,0.10852713178294573,0.13981588032220943
all_radars_all_dates,all,max_reflectivity_buffer,sig_severe_obs,2.0,97.0,63.01591705322265,percentile,26,15,1119,205,0.11255411255411256,0.36585365853658536,0.10569105691056911,0.14769340803433068
all_radars_all_dates,all,max_reflectivity_buffer,sig_severe_obs,2.0,98.0,63.65563278198242,percentile,18,10,1124,213,0.07792207792207792,0.35714285714285715,0.07468879668049792,0.10629508601023491
all_radars_all_dates,all,max_reflectivity_buffer,sig_severe_obs,2.0,99.0,64.18559967041014,percentile,10,4,1130,221,0.04329004329004329,0.2857142857142857,0.0425531914893617,0.06352052250752385
all_radars_all_dates,all,max_reflectivity_buffer,sig_severe_obs,2.0,100.0,67.3777847290039,percentile,2,0,1134,229,0.008658008658008658,0.0,0.008658008658008658,0.0143036884974505
all_radars_all_dates,all,max_hdr_size_buffer,severe_obs,2.0,0.0,0.9113588929176332,percentile,929,433,0,0,1.0,0.31791483113069013,0.6820851688693098,0.0
all_radars_all_dates,all,max_hdr_size_buffer,severe_obs,2.0,1.0,9.55920928955078,percentile,920,428,5,9,0.9903121636167922,0.31750741839762614,0.6779661016949152,0.002507164524292346
all_radars_all_dates,all,max_hdr_size_buffer,severe_obs,2.0,2.0,11.157961111068726,percentile,915,419,14,14,0.984930032292788,0.3140929535232384,0.6787833827893175,0.023007319004562366
all_radars_all_dates,all,max_hdr_size_buffer,severe_obs,2.0,3.0,11.61010669708252,percentile,909,412,21,20,0.9784714747039828,0.31188493565480696,0.6778523489932886,0.03556571083887084
all_radars_all_dates,all,max_hdr_size_buffer,severe_obs,2.0,4.0,11.874163818359374,percentile,903,404,29,26,0.9720129171151776,0.3091048201989288,0.6774193548387096,0.05083416257985887
all_radars_all_dates,all,max_hdr_size_buffer,severe_obs,2.0,5.0,12.133334827423095,percentile,896,397,36,33,0.9644779332615716,0.30703789636504253,0.6757164404223228,0.0613971825568537
all_radars_all_dates,all,max_hdr_size_buffer,severe_obs,2.0,6.0,12.365057258605956,percentile,892,388,45,37,0.9601722282023681,0.303125,0.6772968868640851,0.08179969480566862
all_radars_all_dates,all,max_hdr_size_buffer,severe_obs,2.0,7.0,12.620947151184081,percentile,890,376,57,39,0.9580193756727664,0.296998420221169,0.6819923371647509,0.11317273386238903
all_radars_all_dates,all,max_hdr_size_buffer,severe_obs,2.0,8.0,12.91013385772705,percentile,887,366,67,42,0.9547900968783638,0.29209896249002393,0.684942084942085,0.13686336030816545
all_radars_all_dates,all,max_hdr_size_buffer,severe_obs,2.0,9.0,13.104399681091309,percentile,883,357,76,46,0.9504843918191603,0.2879032258064516,0.6866251944012441,0.15589504473608937
all_radars_all_dates,all,max_hdr_size_buffer,severe_obs,2.0,10.0,13.352099466323853,percentile,881,344,89,48,0.9483315392895587,0.2808163265306122,0.6920659858601729,0.1882231662556371
all_radars_all_dates,all,max_hdr_size_buffer,severe_obs,2.0,11.0,13.52585041999817,percentile,876,336,97,53,0.9429494079655544,0.27722772277227725,0.6924901185770751,0.20225673270636277
all_radars_all_dates,all,max_hdr_size_buffer,severe_obs,2.0,12.0,13.790637969970703,percentile,874,325,108,55,0.9407965554359526,0.27105921601334443,0.696969696969697,0.22820663471489455
all_radars_all_dates,all,max_hdr_size_buffer,severe_obs,2.0,13.0,14.067559766769412,percentile,870,315,118,59,0.9364908503767492,0.26582278481012656,0.6993569131832797,0.24817796197408853
all_radars_all_dates,all,max_hdr_size_buffer,severe_obs,2.0,14.0,14.372638168334962,percentile,865,306,127,64,0.9311087190527448,0.26131511528608026,0.7004048582995951,0.26376442331573363
all_radars_all_dates,all,max_hdr_size_buffer,severe_obs,2.0,15.0,14.50410041809082,percentile,858,299,134,71,0.9235737351991389,0.25842696629213485,0.6986970684039088,0.2711584464570323
all_radars_all_dates,all,max_hdr_size_buffer,severe_obs,2.0,16.0,14.757187767028809,percentile,853,291,142,76,0.9181916038751345,0.2543706293706294,0.6991803278688524,0.2837474959663206
all_radars_all_dates,all,max_hdr_size_buffer,severe_obs,2.0,17.0,15.03021292209625,percentile,848,282,151,81,0.9128094725511302,0.24955752212389382,0.7002477291494632,0.298533805890315
all_radars_all_dates,all,max_hdr_size_buffer,severe_obs,2.0,18.0,15.216275272369383,percentile,841,276,157,88,0.9052744886975242,0.24709042076991944,0.6979253112033195,0.3029780700891087
all_radars_all_dates,all,max_hdr_size_buffer,severe_obs,2.0,19.0,15.415793361663816,percentile,836,267,166,93,0.8998923573735199,0.24206708975521304,0.6989966555183946,0.3173027387532894
all_radars_all_dates,all,max_hdr_size_buffer,severe_obs,2.0,20.0,15.635530281066895,percentile,830,259,174,99,0.8934337997847147,0.23783287419651056,0.6986531986531986,0.3275966208557079
all_radars_all_dates,all,max_hdr_size_buffer,severe_obs,2.0,21.0,15.75966528892517,percentile,825,251,182,104,0.8880516684607105,0.23327137546468402,0.6991525423728814,0.3391078755935604
all_radars_all_dates,all,max_hdr_size_buffer,severe_obs,2.0,22.0,16.108600730895997,percentile,814,248,185,115,0.876210979547901,0.2335216572504708,0.6915887850467289,0.3305684412345338
all_radars_all_dates,all,max_hdr_size_buffer,severe_obs,2.0,23.0,16.377815532684327,percentile,806,242,191,123,0.8675995694294941,0.23091603053435114,0.6883005977796754,0.3331500087190975
all_radars_all_dates,all,max_hdr_size_buffer,severe_obs,2.0,24.0,16.6299186706543,percentile,800,235,198,129,0.8611410118406889,0.22705314009661837,0.6872852233676976,0.3406796836973261
all_radars_all_dates,all,max_hdr_size_buffer,severe_obs,2.0,25.0,16.862282752990723,percentile,790,231,202,139,0.8503767491926802,0.22624877571008814,0.6810344827586207,0.3359441915870979
all_radars_all_dates,all,max_hdr_size_buffer,severe_obs,2.0,26.0,17.076617736816406,percentile,783,225,208,146,0.8428417653390743,0.22321428571428573,0.6785095320623917,0.33975931950923133
all_radars_all_dates,all,max_hdr_size_buffer,severe_obs,2.0,27.0,17.29503511428833,percentile,776,218,215,153,0.8353067814854682,0.2193158953722334,0.6765475152571927,0.34569595765233585
all_radars_all_dates,all,max_hdr_size_buffer,severe_obs,2.0,28.0,17.44106399536133,percentile,770,210,223,159,0.8288482238966631,0.21428571428571427,0.6760316066725197,0.35502259958060517
all_radars_all_dates,all,max_hdr_size_buffer,severe_obs,2.0,29.0,17.64823007583618,percentile,761,206,227,168,0.8191603875134553,0.21302998965873837,0.6704845814977973,0.35164815583212206
all_radars_all_dates,all,max_hdr_size_buffer,severe_obs,2.0,30.0,17.808705711364745,percentile,757,196,237,172,0.8148546824542519,0.20566631689401887,0.6728888888888889,0.3676385612091697
all_radars_all_dates,all,max_hdr_size_buffer,severe_obs,2.0,31.0,18.08060167312622,percentile,748,192,241,181,0.8051668460710442,0.20425531914893616,0.6672613737734165,0.36421886771673645
all_radars_all_dates,all,max_hdr_size_buffer,severe_obs,2.0,32.0,18.257501678466795,percentile,739,187,246,190,0.7954790096878364,0.2019438444924406,0.6621863799283154,0.3629370646722961
all_radars_all_dates,all,max_hdr_size_buffer,severe_obs,2.0,33.0,18.47453235626221,percentile,731,181,252,198,0.7868675995694295,0.19846491228070176,0.6585585585585586,0.3650279354348259
all_radars_all_dates,all,max_hdr_size_buffer,severe_obs,2.0,34.0,18.69833724975586,percentile,721,178,255,208,0.7761033369214209,0.19799777530589543,0.6513098464317977,0.3583892486398485
all_radars_all_dates,all,max_hdr_size_buffer,severe_obs,2.0,35.0,18.91368474960327,percentile,714,171,262,215,0.7685683530678149,0.19322033898305085,0.649090909090909,0.363780922576476
all_radars_all_dates,all,max_hdr_size_buffer,severe_obs,2.0,36.0,19.006511688232425,percentile,707,166,267,222,0.7610333692142088,0.19014891179839633,0.645662100456621,0.3650578524312439
all_radars_all_dates,all,max_hdr_size_buffer,severe_obs,2.0,37.0,19.259789848327635,percentile,700,158,275,229,0.7534983853606028,0.18414918414918416,0.6439742410303588,0.37230538387338785
all_radars_all_dates,all,max_hdr_size_buffer,severe_obs,2.0,38.0,19.49291809082031,percentile,691,153,280,238,0.7438105489773951,0.18127962085308058,0.6386321626617375,0.3710188336951412
all_radars_all_dates,all,max_hdr_size_buffer,severe_obs,2.0,39.0,19.6910369682312,percentile,683,148,285,246,0.7351991388589881,0.17809867629362214,0.6341689879294337,0.3709832825785761
all_radars_all_dates,all,max_hdr_size_buffer,severe_obs,2.0,40.0,19.79807472229004,percentile,674,144,289,255,0.7255113024757804,0.17603911980440098,0.6281453867660765,0.3677792384564375
all_radars_all_dates,all,max_hdr_size_buffer,severe_obs,2.0,41.0,19.962204990386958,percentile,663,140,293,266,0.7136706135629709,0.17434620174346202,0.6202057998129092,0.3622080483500767
all_radars_all_dates,all,max_hdr_size_buffer,severe_obs,2.0,42.0,20.030252838134764,percentile,652,138,295,277,0.7018299246501615,0.17468354430379746,0.6110590440487348,0.35288245113102173
all_radars_all_dates,all,max_hdr_size_buffer,severe_obs,2.0,43.0,20.187001667022706,percentile,641,135,298,288,0.689989235737352,0.17396907216494845,0.6024436090225563,0.34561030074897603
all_radars_all_dates,all,max_hdr_size_buffer,severe_obs,2.0,44.0,20.27931945800781,percentile,632,131,302,297,0.6803013993541442,0.17169069462647443,0.5962264150943396,0.3426892935671196
all_radars_all_dates,all,max_hdr_size_buffer,severe_obs,2.0,45.0,20.40142126083374,percentile,622,127,306,307,0.6695371367061357,0.16955941255006676,0.5890151515151515,0.33865297820303114
all_radars_all_dates,all,max_hdr_size_buffer,severe_obs,2.0,46.0,20.537239646911623,percentile,610,125,308,319,0.6566200215285253,0.17006802721088435,0.5787476280834914,0.32863052297116363
all_radars_all_dates,all,max_hdr_size_buffer,severe_obs,2.0,47.0,20.669057331085206,percentile,599,123,310,330,0.6447793326157158,0.1703601108033241,0.5693916349809885,0.3198902981307031
all_radars_all_dates,all,max_hdr_size_buffer,severe_obs,2.0,48.0,20.792083663940428,percentile,586,122,311,343,0.6307857911733046,0.17231638418079095,0.5575642245480494,0.3071773161366545
all_radars_all_dates,all,max_hdr_size_buffer,severe_obs,2.0,49.0,20.918200969696045,percentile,579,116,317,350,0.6232508073196986,0.1669064748201439,0.554066985645933,0.31055054541820465
all_radars_all_dates,all,max_hdr_size_buffer,severe_obs,2.0,50.0,21.08122062683105,percentile,570,113,320,359,0.6135629709364908,0.16544655929721816,0.5470249520153551,0.30615954151511554
all_radars_all_dates,all,max_hdr_size_buffer,severe_obs,2.0,51.0,21.20644952774048,percentile,555,112,321,374,0.5974165769644779,0.1679160419790105,0.5331412103746398,0.29164678008616685
all_radars_all_dates,all,max_hdr_size_buffer,severe_obs,2.0,52.0,21.325183868408203,percentile,545,110,323,384,0.5866523143164694,0.16793893129770993,0.5245428296438883,0.28454368163944116
all_radars_all_dates,all,max_hdr_size_buffer,severe_obs,2.0,53.0,21.487924003601076,percentile,533,107,326,396,0.573735199138859,0.1671875,0.5144787644787645,0.27722717959863186
all_radars_all_dates,all,max_hdr_size_buffer,severe_obs,2.0,54.0,21.62610643386841,percentile,522,105,328,407,0.5618945102260495,0.1674641148325359,0.504835589941973,0.26926583297181406
all_radars_all_dates,all,max_hdr_size_buffer,severe_obs,2.0,55.0,21.836706161499023,percentile,512,102,331,417,0.5511302475780409,0.16612377850162866,0.49660523763336567,0.26424662296487966
all_radars_all_dates,all,max_hdr_size_buffer,severe_obs,2.0,56.0,22.085107803344727,percentile,501,99,334,428,0.5392895586652314,0.165,0.48735408560311283,0.25826652530024863
all_radars_all_dates,all,max_hdr_size_buffer,severe_obs,2.0,57.0,22.31929319381714,percentile,489,97,336,440,0.5263724434876211,0.16552901023890784,0.4766081871345029,0.24957676767469492
all_radars_all_dates,all,max_hdr_size_buffer,severe_obs,2.0,58.0,22.50379207611084,percentile,478,94,339,451,0.5145317545748116,0.16433566433566432,0.46725317693059626,0.24378505805910028
all_radars_all_dates,all,max_hdr_size_buffer,severe_obs,2.0,59.0,22.62090301513672,percentile,467,93,340,462,0.5026910656620022,0.16607142857142856,0.4569471624266145,0.23455097424099122
all_radars_all_dates,all,max_hdr_size_buffer,severe_obs,2.0,60.0,22.77863426208496,percentile,457,88,345,472,0.49192680301399355,0.1614678899082569,0.44936086529006886,0.2334302869008159
all_radars_all_dates,all,max_hdr_size_buffer,severe_obs,2.0,61.0,22.936866550445558,percentile,446,85,348,483,0.48008611410118407,0.160075329566855,0.43984220907297833,0.22786803763167193
all_radars_all_dates,all,max_hdr_size_buffer,severe_obs,2.0,62.0,23.058923034667973,percentile,434,84,349,495,0.4671689989235737,0.16216216216216217,0.42843040473840077,0.2179477771056259
all_radars_all_dates,all,max_hdr_size_buffer,severe_obs,2.0,63.0,23.23399091720581,percentile,423,81,352,506,0.45532831001076424,0.16071428571428573,0.4188118811881188,0.21256478291444814
all_radars_all_dates,all,max_hdr_size_buffer,severe_obs,2.0,64.0,23.40128036499024,percentile,413,77,356,516,0.4445640473627557,0.15714285714285714,0.4105367793240557,0.2099196093354124
all_radars_all_dates,all,max_hdr_size_buffer,severe_obs,2.0,65.0,23.591951656341553,percentile,403,74,359,526,0.43379978471474706,0.15513626834381553,0.4017946161515454,0.20560393348536898
all_radars_all_dates,all,max_hdr_size_buffer,severe_obs,2.0,66.0,23.70203399658203,percentile,395,70,363,534,0.4251883745963401,0.15053763440860216,0.3953953953953954,0.20490828853592202
all_radars_all_dates,all,max_hdr_size_buffer,severe_obs,2.0,67.0,23.860168209075926,percentile,384,66,367,545,0.4133476856835307,0.14666666666666667,0.385929648241206,0.2014359494020716
all_radars_all_dates,all,max_hdr_size_buffer,severe_obs,2.0,68.0,24.033459777832032,percentile,374,62,371,555,0.4025834230355221,0.14220183486238533,0.3773965691220989,0.19893197793796627
all_radars_all_dates,all,max_hdr_size_buffer,severe_obs,2.0,69.0,24.28611536026001,percentile,361,61,372,568,0.38858988159311086,0.14454976303317535,0.36464646464646466,0.18872219896854694
all_radars_all_dates,all,max_hdr_size_buffer,severe_obs,2.0,70.0,24.381774711608887,percentile,351,58,375,578,0.37782561894510225,0.14180929095354522,0.3556231003039514,0.184672177283483
all_radars_all_dates,all,max_hdr_size_buffer,severe_obs,2.0,71.0,24.696953964233398,percentile,339,56,377,590,0.36490850376749195,0.14177215189873418,0.34416243654822337,0.17723012816796305
all_radars_all_dates,all,max_hdr_size_buffer,severe_obs,2.0,72.0,24.897802810668946,percentile,326,56,377,603,0.35091496232508074,0.14659685863874344,0.33096446700507615,0.16570337582471514
all_radars_all_dates,all,max_hdr_size_buffer,severe_obs,2.0,73.0,24.995854835510254,percentile,315,53,380,614,0.33907427341227125,0.14402173913043478,0.32077393075356414,0.16099079213498713
all_radars_all_dates,all,max_hdr_size_buffer,severe_obs,2.0,74.0,25.212836265563965,percentile,302,52,381,627,0.32508073196986004,0.14689265536723164,0.30784913353720694,0.15133879164624847
all_radars_all_dates,all,max_hdr_size_buffer,severe_obs,2.0,75.0,25.373685836791992,percentile,291,50,383,638,0.3132400430570506,0.1466275659824047,0.2972420837589377,0.14514825363404316
all_radars_all_dates,all,max_hdr_size_buffer,severe_obs,2.0,76.0,25.541359863281247,percentile,280,47,386,649,0.3013993541442411,0.1437308868501529,0.28688524590163933,0.14065194097394085
all_radars_all_dates,all,max_hdr_size_buffer,severe_obs,2.0,77.0,25.71691150665283,percentile,270,44,389,659,0.2906350914962325,0.14012738853503184,0.2774922918807811,0.13705326644759966
all_radars_all_dates,all,max_hdr_size_buffer,severe_obs,2.0,78.0,25.89636585235596,percentile,258,42,391,671,0.27771797631862216,0.14,0.26570545829042225,0.1302214603160955
all_radars_all_dates,all,max_hdr_size_buffer,severe_obs,2.0,79.0,26.125111942291262,percentile,245,41,392,684,0.263724434876211,0.14335664335664336,0.25257731958762886,0.12104941777145593
all_radars_all_dates,all,max_hdr_size_buffer,severe_obs,2.0,80.0,26.40914154052734,percentile,233,40,393,696,0.25080731969860065,0.14652014652014653,0.24045407636738905,0.11280567134853835
all_radars_all_dates,all,max_hdr_size_buffer,severe_obs,2.0,81.0,26.63617654800415,percentile,222,37,396,707,0.23896663078579117,0.14285714285714285,0.22981366459627328,0.10864031160222161
all_radars_all_dates,all,max_hdr_size_buffer,severe_obs,2.0,82.0,26.774778366088867,percentile,211,36,397,718,0.2271259418729817,0.145748987854251,0.21865284974093263,0.1013645599438565
all_radars_all_dates,all,max_hdr_size_buffer,severe_obs,2.0,83.0,26.95293270111084,percentile,197,35,398,732,0.21205597416576966,0.15086206896551724,0.20435684647302904,0.0917837016377651
all_radars_all_dates,all,max_hdr_size_buffer,severe_obs,2.0,84.0,27.215318908691405,percentile,186,32,401,743,0.20021528525296017,0.14678899082568808,0.1935483870967742,0.08781769316522205
all_radars_all_dates,all,max_hdr_size_buffer,severe_obs,2.0,85.0,27.3812873840332,percentile,177,28,405,752,0.19052744886975242,0.13658536585365855,0.18495297805642633,0.08701996703385476
all_radars_all_dates,all,max_hdr_size_buffer,severe_obs,2.0,86.0,27.70974250793457,percentile,167,24,409,762,0.1797631862217438,0.1256544502617801,0.17523609653725078,0.08545467903451505
all_radars_all_dates,all,max_hdr_size_buffer,severe_obs,2.0,87.0,28.042939510345455,percentile,153,24,409,776,0.16469321851453175,0.13559322033898305,0.16054564533053514,0.0746543966654947
all_radars_all_dates,all,max_hdr_size_buffer,severe_obs,2.0,88.0,28.227585906982423,percentile,141,23,410,788,0.15177610333692143,0.1402439024390244,0.148109243697479,0.06703976674769459
all_radars_all_dates,all,max_hdr_size_buffer,severe_obs,2.0,89.0,28.51459503173828,percentile,131,20,413,798,0.14101184068891282,0.13245033112582782,0.1380400421496312,0.06408423372944602
all_radars_all_dates,all,max_hdr_size_buffer,severe_obs,2.0,90.0,28.89672012329102,percentile,117,20,413,812,0.12594187298170076,0.145985401459854,0.1232876712328767,0.05358684958232624
all_radars_all_dates,all,max_hdr_size_buffer,severe_obs,2.0,91.0,29.221102390289303,percentile,108,15,418,821,0.116254036598493,0.12195121951219512,0.11440677966101695,0.054520090675833896
all_radars_all_dates,all,max_hdr_size_buffer,severe_obs,2.0,92.0,29.539300384521486,percentile,97,12,421,832,0.10441334768568353,0.11009174311926606,0.1030818278427205,0.05094473900171231
all_radars_all_dates,all,max_hdr_size_buffer,severe_obs,2.0,93.0,30.020239639282227,percentile,85,11,422,844,0.09149623250807319,0.11458333333333333,0.09042553191489362,0.04366657304616476
all_radars_all_dates,all,max_hdr_size_buffer,severe_obs,2.0,94.0,30.254426956176754,percentile,71,11,422,858,0.07642626480086114,0.13414634146341464,0.07553191489361702,0.033518804924932186
all_radars_all_dates,all,max_hdr_size_buffer,severe_obs,2.0,95.0,30.574975967407227,percentile,60,10,423,869,0.06458557588805167,0.14285714285714285,0.06389776357827476,0.027125464619065186
all_radars_all_dates,all,max_hdr_size_buffer,severe_obs,2.0,96.0,31.164015274047852,percentile,46,9,424,883,0.04951560818083961,0.16363636363636364,0.04904051172707889,0.018670164731045914
all_radars_all_dates,all,max_hdr_size_buffer,severe_obs,2.0,97.0,32.099135627746584,percentile,35,6,427,894,0.03767491926803014,0.14634146341463414,0.0374331550802139,0.015391634443460925
all_radars_all_dates,all,max_hdr_size_buffer,severe_obs,2.0,98.0,33.68062736511231,percentile,22,6,427,907,0.023681377825618945,0.21428571428571427,0.023529411764705882,0.006316075466873367
all_radars_all_dates,all,max_hdr_size_buffer,severe_obs,2.0,99.0,35.24607288360597,percentile,12,2,431,917,0.012917115177610334,0.14285714285714285,0.01288936627282492,0.00530534332946055
all_radars_all_dates,all,max_hdr_size_buffer,severe_obs,2.0,100.0,41.14995574951172,percentile,1,0,433,928,0.001076426264800861,0.0,0.001076426264800861,0.0006846921494431539
all_radars_all_dates,all,max_hdr_size_buffer,sig_severe_obs,2.0,0.0,0.9113588929176332,percentile,231,1131,0,0,1.0,0.8303964757709251,0.1696035242290749,0.0
all_radars_all_dates,all,max_hdr_size_buffer,sig_severe_obs,2.0,1.0,9.55920928955078,percentile,229,1119,12,2,0.9913419913419913,0.8301186943620178,0.16962962962962963,0.0006676170391577029
all_radars_all_dates,all,max_hdr_size_buffer,sig_severe_obs,2.0,2.0,11.157961111068726,percentile,228,1106,25,3,0.987012987012987,0.8290854572713643,0.1705310396409873,0.003144093736759366
all_radars_all_dates,all,max_hdr_size_buffer,sig_severe_obs,2.0,3.0,11.61010669708252,percentile,228,1093,38,3,0.987012987012987,0.8274034822104467,0.17220543806646527,0.007163180851361004
all_radars_all_dates,all,max_hdr_size_buffer,sig_severe_obs,2.0,4.0,11.874163818359374,percentile,226,1081,50,5,0.9783549783549783,0.8270849273144606,0.1722560975609756,0.007907858358787382
all_radars_all_dates,all,max_hdr_size_buffer,sig_severe_obs,2.0,5.0,12.133334827423095,percentile,225,1068,63,6,0.974025974025974,0.8259860788863109,0.17321016166281755,0.010507859586747678
all_radars_all_dates,all,max_hdr_size_buffer,sig_severe_obs,2.0,6.0,12.365057258605956,percentile,224,1056,75,7,0.9696969696969697,0.825,0.17404817404817405,0.01282948162512222
all_radars_all_dates,all,max_hdr_size_buffer,sig_severe_obs,2.0,7.0,12.620947151184081,percentile,224,1042,89,7,0.9696969696969697,0.8230647709320695,0.17596229379418696,0.01738900786920693
all_radars_all_dates,all,max_hdr_size_buffer,sig_severe_obs,2.0,8.0,12.91013385772705,percentile,223,1030,101,8,0.9653679653679653,0.8220271348762969,0.17684377478191912,0.019805563528809793
all_radars_all_dates,all,max_hdr_size_buffer,sig_severe_obs,2.0,9.0,13.104399681091309,percentile,222,1018,113,9,0.961038961038961,0.8209677419354838,0.177742193755004,0.02226164563385716
all_radars_all_dates,all,max_hdr_size_buffer,sig_severe_obs,2.0,10.0,13.352099466323853,percentile,222,1003,128,9,0.961038961038961,0.8187755102040817,0.17990275526742303,0.027363910799493622
all_radars_all_dates,all,max_hdr_size_buffer,sig_severe_obs,2.0,11.0,13.52585041999817,percentile,221,991,140,10,0.9567099567099567,0.8176567656765676,0.18085106382978725,0.02992695432403933
all_radars_all_dates,all,max_hdr_size_buffer,sig_severe_obs,2.0,12.0,13.790637969970703,percentile,220,979,152,11,0.9523809523809523,0.8165137614678899,0.18181818181818182,0.03253303025998011
all_radars_all_dates,all,max_hdr_size_buffer,sig_severe_obs,2.0,13.0,14.067559766769412,percentile,219,966,165,12,0.948051948051948,0.8151898734177215,0.18295739348370926,0.03554066910815989
all_radars_all_dates,all,max_hdr_size_buffer,sig_severe_obs,2.0,14.0,14.372638168334962,percentile,218,953,178,13,0.9437229437229437,0.8138343296327925,0.18412162162162163,0.038603690696970894
all_radars_all_dates,all,max_hdr_size_buffer,sig_severe_obs,2.0,15.0,14.50410041809082,percentile,217,940,191,14,0.9393939393939394,0.8124459809853068,0.18531169940222034,0.04172363897038325
all_radars_all_dates,all,max_hdr_size_buffer,sig_severe_obs,2.0,16.0,14.757187767028809,percentile,216,928,203,15,0.935064935064935,0.8111888111888111,0.18636755823986195,0.04452835915496101
all_radars_all_dates,all,max_hdr_size_buffer,sig_severe_obs,2.0,17.0,15.03021292209625,percentile,216,914,217,15,0.935064935064935,0.8088495575221238,0.188646288209607,0.04980692719104971
all_radars_all_dates,all,max_hdr_size_buffer,sig_severe_obs,2.0,18.0,15.216275272369383,percentile,216,901,230,15,0.935064935064935,0.8066248880931065,0.19081272084805653,0.05479869265002023
all_radars_all_dates,all,max_hdr_size_buffer,sig_severe_obs,2.0,19.0,15.415793361663816,percentile,214,889,242,17,0.9264069264069265,0.8059836808703535,0.19107142857142856,0.05610706467113687
all_radars_all_dates,all,max_hdr_size_buffer,sig_severe_obs,2.0,20.0,15.635530281066895,percentile,214,875,256,17,0.9264069264069265,0.8034894398530762,0.19349005424954793,0.06164875548573362
all_radars_all_dates,all,max_hdr_size_buffer,sig_severe_obs,2.0,21.0,15.75966528892517,percentile,212,864,267,19,0.9177489177489178,0.8029739776951673,0.19360730593607306,0.06264584707043215
all_radars_all_dates,all,max_hdr_size_buffer,sig_severe_obs,2.0,22.0,16.108600730895997,percentile,212,850,281,19,0.9177489177489178,0.800376647834275,0.19611470860314523,0.0683583880002078
all_radars_all_dates,all,max_hdr_size_buffer,sig_severe_obs,2.0,23.0,16.377815532684327,percentile,212,836,295,19,0.9177489177489178,0.7977099236641222,0.19868791002811623,0.07418537758124759
all_radars_all_dates,all,max_hdr_size_buffer,sig_severe_obs,2.0,24.0,16.6299186706543,percentile,212,823,308,19,0.9177489177489178,0.7951690821256039,0.20113851992409867,0.07970166644999446
all_radars_all_dates,all,max_hdr_size_buffer,sig_severe_obs,2.0,25.0,16.862282752990723,percentile,212,809,322,19,0.9177489177489178,0.7923604309500489,0.20384615384615384,0.0857593135752747
all_radars_all_dates,all,max_hdr_size_buffer,sig_severe_obs,2.0,26.0,17.076617736816406,percentile,211,797,334,20,0.9134199134199135,0.7906746031746031,0.20525291828793774,0.08926668532732264
all_radars_all_dates,all,max_hdr_size_buffer,sig_severe_obs,2.0,27.0,17.29503511428833,percentile,207,787,344,24,0.8961038961038961,0.7917505030181087,0.20333988212180745,0.08653497868877676
all_radars_all_dates,all,max_hdr_size_buffer,sig_severe_obs,2.0,28.0,17.44106399536133,percentile,207,773,358,24,0.8961038961038961,0.7887755102040817,0.2061752988047809,0.09285137662519993
all_radars_all_dates,all,max_hdr_size_buffer,sig_severe_obs,2.0,29.0,17.64823007583618,percentile,205,762,369,26,0.8874458874458875,0.7880041365046536,0.20644511581067473,0.09423911447335774
all_radars_all_dates,all,max_hdr_size_buffer,sig_severe_obs,2.0,30.0,17.808705711364745,percentile,205,748,383,26,0.8874458874458875,0.7848898216159497,0.2093973442288049,0.10076924258011025
all_radars_all_dates,all,max_hdr_size_buffer,sig_severe_obs,2.0,31.0,18.08060167312622,percentile,202,738,393,29,0.8744588744588745,0.7851063829787234,0.2084623323013416,0.09991883662381033
all_radars_all_dates,all,max_hdr_size_buffer,sig_severe_obs,2.0,32.0,18.257501678466795,percentile,197,729,402,34,0.8528138528138528,0.787257019438445,0.20520833333333333,0.09478563999644606
all_radars_all_dates,all,max_hdr_size_buffer,sig_severe_obs,2.0,33.0,18.47453235626221,percentile,196,716,415,35,0.8484848484848485,0.7850877192982456,0.20696937697993664,0.09913494718263342
all_radars_all_dates,all,max_hdr_size_buffer,sig_severe_obs,2.0,34.0,18.69833724975586,percentile,192,707,424,39,0.8311688311688312,0.7864293659621802,0.2046908315565032,0.09581551308953638
all_radars_all_dates,all,max_hdr_size_buffer,sig_severe_obs,2.0,35.0,18.91368474960327,percentile,191,694,437,40,0.8268398268398268,0.784180790960452,0.2064864864864865,0.10027161733815008
all_radars_all_dates,all,max_hdr_size_buffer,sig_severe_obs,2.0,36.0,19.006511688232425,percentile,191,682,449,40,0.8268398268398268,0.7812142038946163,0.20920043811610076,0.10629433929340684
all_radars_all_dates,all,max_hdr_size_buffer,sig_severe_obs,2.0,37.0,19.259789848327635,percentile,190,668,463,41,0.8225108225108225,0.7785547785547785,0.21134593993325917,0.11148467734366806
all_radars_all_dates,all,max_hdr_size_buffer,sig_severe_obs,2.0,38.0,19.49291809082031,percentile,189,655,476,42,0.8181818181818182,0.7760663507109005,0.21331828442437922,0.11627764093455542
all_radars_all_dates,all,max_hdr_size_buffer,sig_severe_obs,2.0,39.0,19.6910369682312,percentile,186,645,486,45,0.8051948051948052,0.776173285198556,0.21232876712328766,0.11551949041996307
all_radars_all_dates,all,max_hdr_size_buffer,sig_severe_obs,2.0,40.0,19.79807472229004,percentile,185,633,498,46,0.8008658008658008,0.773838630806846,0.21412037037037038,0.11992896989214158
all_radars_all_dates,all,max_hdr_size_buffer,sig_severe_obs,2.0,41.0,19.962204990386958,percentile,185,618,513,46,0.8008658008658008,0.7696139476961394,0.21790341578327443,0.12817042345578325
all_radars_all_dates,all,max_hdr_size_buffer,sig_severe_obs,2.0,42.0,20.030252838134764,percentile,183,607,524,48,0.7922077922077922,0.7683544303797468,0.21837708830548927,0.1301766147762041
all_radars_all_dates,all,max_hdr_size_buffer,sig_severe_obs,2.0,43.0,20.187001667022706,percentile,180,596,535,51,0.7792207792207793,0.7680412371134021,0.21765417170495768,0.13011365992051505
all_radars_all_dates,all,max_hdr_size_buffer,sig_severe_obs,2.0,44.0,20.27931945800781,percentile,177,586,545,54,0.7662337662337663,0.7680209698558322,0.21664626682986537,0.12947083955011474
all_radars_all_dates,all,max_hdr_size_buffer,sig_severe_obs,2.0,45.0,20.40142126083374,percentile,174,575,556,57,0.7532467532467533,0.7676902536715621,0.21588089330024815,0.1293973432370272
all_radars_all_dates,all,max_hdr_size_buffer,sig_severe_obs,2.0,46.0,20.537239646911623,percentile,171,564,567,60,0.7402597402597403,0.7673469387755102,0.21509433962264152,0.12932194951040957
all_radars_all_dates,all,max_hdr_size_buffer,sig_severe_obs,2.0,47.0,20.669057331085206,percentile,168,554,577,63,0.7272727272727273,0.7673130193905817,0.2140127388535032,0.1286449292944375
all_radars_all_dates,all,max_hdr_size_buffer,sig_severe_obs,2.0,48.0,20.792083663940428,percentile,165,543,588,66,0.7142857142857143,0.7669491525423728,0.2131782945736434,0.12855765048506967
all_radars_all_dates,all,max_hdr_size_buffer,sig_severe_obs,2.0,49.0,20.918200969696045,percentile,164,531,600,67,0.70995670995671,0.7640287769784173,0.2152230971128609,0.1336486115631801
all_radars_all_dates,all,max_hdr_size_buffer,sig_severe_obs,2.0,50.0,21.08122062683105,percentile,160,523,608,71,0.6926406926406926,0.7657393850658858,0.21220159151193635,0.12944275504077166
all_radars_all_dates,all,max_hdr_size_buffer,sig_severe_obs,2.0,51.0,21.20644952774048,percentile,156,511,620,75,0.6753246753246753,0.7661169415292354,0.21024258760107817,0.12765022592089817
all_radars_all_dates,all,max_hdr_size_buffer,sig_severe_obs,2.0,52.0,21.325183868408203,percentile,155,500,631,76,0.670995670995671,0.7633587786259542,0.21203830369357046,0.13229409305381354
all_radars_all_dates,all,max_hdr_size_buffer,sig_severe_obs,2.0,53.0,21.487924003601076,percentile,151,489,642,80,0.6536796536796536,0.7640625,0.20972222222222223,0.1298463321139608
all_radars_all_dates,all,max_hdr_size_buffer,sig_severe_obs,2.0,54.0,21.62610643386841,percentile,146,481,650,85,0.6320346320346321,0.7671451355661882,0.2050561797752809,0.12291193075153427
all_radars_all_dates,all,max_hdr_size_buffer,sig_severe_obs,2.0,55.0,21.836706161499023,percentile,146,468,663,85,0.6320346320346321,0.762214983713355,0.2088698140200286,0.13149574157482166
all_radars_all_dates,all,max_hdr_size_buffer,sig_severe_obs,2.0,56.0,22.085107803344727,percentile,143,457,674,88,0.6190476190476191,0.7616666666666667,0.20784883720930233,0.13144056670668436
all_radars_all_dates,all,max_hdr_size_buffer,sig_severe_obs,2.0,57.0,22.31929319381714,percentile,142,444,687,89,0.6147186147186147,0.757679180887372,0.21037037037037037,0.1378538803024149
all_radars_all_dates,all,max_hdr_size_buffer,sig_severe_obs,2.0,58.0,22.50379207611084,percentile,139,433,698,92,0.6017316017316018,0.756993006993007,0.20933734939759036,0.1378936174830183
all_radars_all_dates,all,max_hdr_size_buffer,sig_severe_obs,2.0,59.0,22.62090301513672,percentile,135,425,706,96,0.5844155844155844,0.7589285714285714,0.20579268292682926,0.13317501850671007
all_radars_all_dates,all,max_hdr_size_buffer,sig_severe_obs,2.0,60.0,22.77863426208496,percentile,134,411,720,97,0.5800865800865801,0.7541284403669725,0.2087227414330218,0.1406321029607935
all_radars_all_dates,all,max_hdr_size_buffer,sig_severe_obs,2.0,61.0,22.936866550445558,percentile,133,398,733,98,0.5757575757575758,0.7495291902071564,0.21144674085850557,0.1475921173166171
all_radars_all_dates,all,max_hdr_size_buffer,sig_severe_obs,2.0,62.0,23.058923034667973,percentile,128,390,741,103,0.5541125541125541,0.752895752895753,0.20611916264090177,0.14005240631027302
all_radars_all_dates,all,max_hdr_size_buffer,sig_severe_obs,2.0,63.0,23.23399091720581,percentile,127,377,754,104,0.5497835497835498,0.748015873015873,0.20888157894736842,0.14722306833181034
all_radars_all_dates,all,max_hdr_size_buffer,sig_severe_obs,2.0,64.0,23.40128036499024,percentile,126,364,767,105,0.5454545454545454,0.7428571428571429,0.21176470588235294,0.15463287199155132
all_radars_all_dates,all,max_hdr_size_buffer,sig_severe_obs,2.0,65.0,23.591951656341553,percentile,125,352,779,106,0.5411255411255411,0.7379454926624738,0.2144082332761578,0.16147660641841483
all_radars_all_dates,all,max_hdr_size_buffer,sig_severe_obs,2.0,66.0,23.70203399658203,percentile,122,343,788,109,0.5281385281385281,0.7376344086021506,0.21254355400696864,0.16027073256565755
all_radars_all_dates,all,max_hdr_size_buffer,sig_severe_obs,2.0,67.0,23.860168209075926,percentile,119,331,800,112,0.5151515151515151,0.7355555555555555,0.2117437722419929,0.16155148119429366
all_radars_all_dates,all,max_hdr_size_buffer,sig_severe_obs,2.0,68.0,24.033459777832032,percentile,117,319,812,114,0.5064935064935064,0.731651376146789,0.21272727272727274,0.16587319772227738
all_radars_all_dates,all,max_hdr_size_buffer,sig_severe_obs,2.0,69.0,24.28611536026001,percentile,114,308,823,117,0.4935064935064935,0.7298578199052133,0.21150278293135436,0.16642905898718646
all_radars_all_dates,all,max_hdr_size_buffer,sig_severe_obs,2.0,70.0,24.381774711608887,percentile,110,299,832,121,0.47619047619047616,0.7310513447432763,0.20754716981132076,0.1621186954573018
all_radars_all_dates,all,max_hdr_size_buffer,sig_severe_obs,2.0,71.0,24.696953964233398,percentile,109,286,845,122,0.47186147186147187,0.7240506329113924,0.21083172147001933,0.17075398211072013
all_radars_all_dates,all,max_hdr_size_buffer,sig_severe_obs,2.0,72.0,24.897802810668946,percentile,105,277,854,126,0.45454545454545453,0.725130890052356,0.20669291338582677,0.16636139132653527
all_radars_all_dates,all,max_hdr_size_buffer,sig_severe_obs,2.0,73.0,24.995854835510254,percentile,105,263,868,126,0.45454545454545453,0.7146739130434783,0.2125506072874494,0.17962224885494765
all_radars_all_dates,all,max_hdr_size_buffer,sig_severe_obs,2.0,74.0,25.212836265563965,percentile,103,251,880,128,0.4458874458874459,0.7090395480225988,0.21369294605809128,0.18480722400674646
all_radars_all_dates,all,max_hdr_size_buffer,sig_severe_obs,2.0,75.0,25.373685836791992,percentile,99,242,889,132,0.42857142857142855,0.7096774193548387,0.20930232558139536,0.1804183922693002
all_radars_all_dates,all,max_hdr_size_buffer,sig_severe_obs,2.0,76.0,25.541359863281247,percentile,97,230,901,134,0.4199134199134199,0.7033639143730887,0.210412147505423,0.1858267561362539
all_radars_all_dates,all,max_hdr_size_buffer,sig_severe_obs,2.0,77.0,25.71691150665283,percentile,93,221,910,138,0.4025974025974026,0.7038216560509554,0.20575221238938052,0.18127932326672494
all_radars_all_dates,all,max_hdr_size_buffer,sig_severe_obs,2.0,78.0,25.89636585235596,percentile,90,210,921,141,0.38961038961038963,0.7,0.20408163265306123,0.18227162166322855
all_radars_all_dates,all,max_hdr_size_buffer,sig_severe_obs,2.0,79.0,26.125111942291262,percentile,85,201,930,146,0.36796536796536794,0.7027972027972028,0.19675925925925927,0.17378352580844791
all_radars_all_dates,all,max_hdr_size_buffer,sig_severe_obs,2.0,80.0,26.40914154052734,percentile,83,190,941,148,0.3593073593073593,0.6959706959706959,0.19714964370546317,0.17840812961118785
all_radars_all_dates,all,max_hdr_size_buffer,sig_severe_obs,2.0,81.0,26.63617654800415,percentile,80,179,952,151,0.3463203463203463,0.6911196911196911,0.1951219512195122,0.17940122909067008
all_radars_all_dates,all,max_hdr_size_buffer,sig_severe_obs,2.0,82.0,26.774778366088867,percentile,78,169,962,153,0.33766233766233766,0.6842105263157895,0.195,0.1831886195760278
all_radars_all_dates,all,max_hdr_size_buffer,sig_severe_obs,2.0,83.0,26.95293270111084,percentile,74,158,973,157,0.3203463203463203,0.6810344827586207,0.19023136246786632,0.18033632518312184
all_radars_all_dates,all,max_hdr_size_buffer,sig_severe_obs,2.0,84.0,27.215318908691405,percentile,70,148,983,161,0.30303030303030304,0.6788990825688074,0.18469656992084432,0.17611614221783714
all_radars_all_dates,all,max_hdr_size_buffer,sig_severe_obs,2.0,85.0,27.3812873840332,percentile,68,137,994,163,0.2943722943722944,0.6682926829268293,0.18478260869565216,0.181362472501713
all_radars_all_dates,all,max_hdr_size_buffer,sig_severe_obs,2.0,86.0,27.70974250793457,percentile,65,126,1005,166,0.2813852813852814,0.6596858638743456,0.18207282913165265,0.1825570066718463
all_radars_all_dates,all,max_hdr_size_buffer,sig_severe_obs,2.0,87.0,28.042939510345455,percentile,57,120,1011,174,0.24675324675324675,0.6779661016949152,0.1623931623931624,0.15507615177181056
all_radars_all_dates,all,max_hdr_size_buffer,sig_severe_obs,2.0,88.0,28.227585906982423,percentile,53,111,1020,178,0.22943722943722944,0.676829268292683,0.15497076023391812,0.14842218674143592
all_radars_all_dates,all,max_hdr_size_buffer,sig_severe_obs,2.0,89.0,28.51459503173828,percentile,51,100,1031,180,0.22077922077922077,0.6622516556291391,0.1540785498489426,0.15351525563679466
all_radars_all_dates,all,max_hdr_size_buffer,sig_severe_obs,2.0,90.0,28.89672012329102,percentile,45,92,1039,186,0.19480519480519481,0.6715328467153284,0.1393188854489164,0.13538027319933688
all_radars_all_dates,all,max_hdr_size_buffer,sig_severe_obs,2.0,91.0,29.221102390289303,percentile,42,81,1050,189,0.18181818181818182,0.6585365853658537,0.1346153846153846,0.13538448516653265
all_radars_all_dates,all,max_hdr_size_buffer,sig_severe_obs,2.0,92.0,29.539300384521486,percentile,42,67,1064,189,0.18181818181818182,0.6146788990825688,0.14093959731543623,0.15518920726300028
all_radars_all_dates,all,max_hdr_size_buffer,sig_severe_obs,2.0,93.0,30.020239639282227,percentile,40,56,1075,191,0.17316017316017315,0.5833333333333334,0.13937282229965156,0.16110836811945478
all_radars_all_dates,all,max_hdr_size_buffer,sig_severe_obs,2.0,94.0,30.254426956176754,percentile,34,48,1083,197,0.1471861471861472,0.5853658536585366,0.12186379928315412,0.14090859940992015
all_radars_all_dates,all,max_hdr_size_buffer,sig_severe_obs,2.0,95.0,30.574975967407227,percentile,31,39,1092,200,0.1341991341991342,0.5571428571428572,0.11481481481481481,0.1379792490903602
all_radars_all_dates,all,max_hdr_size_buffer,sig_severe_obs,2.0,96.0,31.164015274047852,percentile,29,26,1105,202,0.12554112554112554,0.4727272727272727,0.11284046692607004,0.14716496119432498
all_radars_all_dates,all,max_hdr_size_buffer,sig_severe_obs,2.0,97.0,32.099135627746584,percentile,23,18,1113,208,0.09956709956709957,0.43902439024390244,0.09236947791164658,0.12434499120965402
all_radars_all_dates,all,max_hdr_size_buffer,sig_severe_obs,2.0,98.0,33.68062736511231,percentile,15,13,1118,216,0.06493506493506493,0.4642857142857143,0.06147540983606557,0.08217243144940586
all_radars_all_dates,all,max_hdr_size_buffer,sig_severe_obs,2.0,99.0,35.24607288360597,percentile,11,3,1128,220,0.047619047619047616,0.21428571428571427,0.04700854700854701,0.07180446302510222
all_radars_all_dates,all,max_hdr_size_buffer,sig_severe_obs,2.0,100.0,41.14995574951172,percentile,1,0,1131,230,0.004329004329004329,0.0,0.004329004329004329,0.007169072204156921
all_radars_all_dates,all,max_hsda_buffer,severe_obs,2.0,,2.0,hsda_class,278,58,366,645,0.30119176598049835,0.17261904761904762,0.28338430173292556,0.11962994262827754
all_radars_all_dates,all,max_hsda_buffer,sig_severe_obs,2.0,,3.0,hsda_class,39,100,1017,191,0.16956521739130434,0.7194244604316546,0.11818181818181818,0.09495662694555337
all_radars_all_dates,all,max_mesh_75_mh19_buffer,severe_obs,2.0,0.0,3.572307969938067,percentile,925,429,0,0,1.0,0.3168389955686854,0.6831610044313147,0.0
all_radars_all_dates,all,max_mesh_75_mh19_buffer,severe_obs,2.0,1.0,11.028587881803258,percentile,919,421,8,6,0.9935135135135135,0.31417910447761194,0.6827637444279346,0.016420271856552288
all_radars_all_dates,all,max_mesh_75_mh19_buffer,severe_obs,2.0,2.0,12.986257046531987,percentile,915,411,18,10,0.9891891891891892,0.30995475113122173,0.6848802395209581,0.041563402684134956
all_radars_all_dates,all,max_mesh_75_mh19_buffer,severe_obs,2.0,3.0,14.369112451197827,percentile,909,404,25,16,0.9827027027027027,0.3076923076923077,0.6839729119638827,0.05409496309060848
all_radars_all_dates,all,max_mesh_75_mh19_buffer,severe_obs,2.0,4.0,15.015237245647063,percentile,901,398,31,24,0.9740540540540541,0.30638953040800615,0.6810279667422524,0.06044272263568288
all_radars_all_dates,all,max_mesh_75_mh19_buffer,severe_obs,2.0,5.0,15.670694164413815,percentile,896,390,39,29,0.9686486486486486,0.30326594090202175,0.6813688212927757,0.07690930923503972
all_radars_all_dates,all,max_mesh_75_mh19_buffer,severe_obs,2.0,6.0,16.304988120791066,percentile,889,383,46,36,0.961081081081081,0.3011006289308176,0.6796636085626911,0.0872223419967886
all_radars_all_dates,all,max_mesh_75_mh19_buffer,severe_obs,2.0,7.0,16.729172244902955,percentile,888,371,58,37,0.96,0.2946783161239079,0.6851851851851852,0.12031159930316918
all_radars_all_dates,all,max_mesh_75_mh19_buffer,severe_obs,2.0,8.0,17.505872982601705,percentile,882,363,66,43,0.9535135135135135,0.29156626506024097,0.6847826086956522,0.13419747058730883
all_radars_all_dates,all,max_mesh_75_mh19_buffer,severe_obs,2.0,9.0,18.194152015364057,percentile,878,354,75,47,0.9491891891891892,0.28733766233766234,0.6864738076622361,0.15345708770802866
all_radars_all_dates,all,max_mesh_75_mh19_buffer,severe_obs,2.0,10.0,18.492899280920668,percentile,873,345,84,52,0.9437837837837838,0.2832512315270936,0.6874015748031496,0.17087805133868664
all_radars_all_dates,all,max_mesh_75_mh19_buffer,severe_obs,2.0,11.0,18.97213512940512,percentile,869,337,92,56,0.9394594594594594,0.27943615257048093,0.6885895404120443,0.1866985391441506
all_radars_all_dates,all,max_mesh_75_mh19_buffer,severe_obs,2.0,12.0,19.37746296275301,percentile,866,326,103,59,0.9362162162162162,0.27348993288590606,0.6922462030375699,0.21162158319948943
all_radars_all_dates,all,max_mesh_75_mh19_buffer,severe_obs,2.0,13.0,19.635313502784328,percentile,862,316,113,63,0.9318918918918919,0.26825127334465193,0.6946011281224819,0.23197368302896604
all_radars_all_dates,all,max_mesh_75_mh19_buffer,severe_obs,2.0,14.0,20.126411632788095,percentile,856,308,121,69,0.9254054054054054,0.2646048109965636,0.6942416869424168,0.24388466403794368
all_radars_all_dates,all,max_mesh_75_mh19_buffer,severe_obs,2.0,15.0,20.696508520108065,percentile,847,304,125,78,0.9156756756756756,0.26411815812337097,0.6891781936533767,0.2411048867734618
all_radars_all_dates,all,max_mesh_75_mh19_buffer,severe_obs,2.0,16.0,21.457498840801033,percentile,842,295,134,83,0.9102702702702703,0.2594547053649956,0.6901639344262295,0.2566252915767366
all_radars_all_dates,all,max_mesh_75_mh19_buffer,severe_obs,2.0,17.0,22.218978328927214,percentile,832,291,138,93,0.8994594594594595,0.2591273374888691,0.6842105263157895,0.25236612111434165
all_radars_all_dates,all,max_mesh_75_mh19_buffer,severe_obs,2.0,18.0,22.5668366570541,percentile,829,282,147,96,0.8962162162162162,0.2538253825382538,0.6868268434134217,0.27029315905183104
all_radars_all_dates,all,max_mesh_75_mh19_buffer,severe_obs,2.0,19.0,22.9281659040751,percentile,820,276,153,105,0.8864864864864865,0.2518248175182482,0.6827643630308077,0.27222170494079007
all_radars_all_dates,all,max_mesh_75_mh19_buffer,severe_obs,2.0,20.0,23.36343265349597,percentile,813,270,159,112,0.8789189189189189,0.24930747922437674,0.6803347280334728,0.27688939467231105
all_radars_all_dates,all,max_mesh_75_mh19_buffer,severe_obs,2.0,21.0,23.758434384186206,percentile,804,265,164,121,0.8691891891891892,0.24789522918615528,0.6756302521008404,0.2763428622065669
all_radars_all_dates,all,max_mesh_75_mh19_buffer,severe_obs,2.0,22.0,24.20370169103337,percentile,798,258,171,127,0.8627027027027027,0.24431818181818182,0.6745562130177515,0.2846046380137071
all_radars_all_dates,all,max_mesh_75_mh19_buffer,severe_obs,2.0,23.0,24.457647208823875,percentile,790,253,176,135,0.8540540540540541,0.24256951102588686,0.6706281833616299,0.2853539956633049
all_radars_all_dates,all,max_mesh_75_mh19_buffer,severe_obs,2.0,24.0,24.652182489201593,percentile,784,245,184,141,0.8475675675675676,0.23809523809523808,0.67008547008547,0.2956906798047613
all_radars_all_dates,all,max_mesh_75_mh19_buffer,severe_obs,2.0,25.0,24.986700665895405,percentile,776,239,190,149,0.8389189189189189,0.2354679802955665,0.6666666666666666,0.2986048250357138
all_radars_all_dates,all,max_mesh_75_mh19_buffer,severe_obs,2.0,26.0,25.57326217625462,percentile,771,231,198,154,0.8335135135135135,0.23053892215568864,0.666955017301038,0.30996825766621044
all_radars_all_dates,all,max_mesh_75_mh19_buffer,severe_obs,2.0,27.0,25.779501484394178,percentile,764,224,205,161,0.825945945945946,0.22672064777327935,0.6649260226283725,0.3162531053171424
all_radars_all_dates,all,max_mesh_75_mh19_buffer,severe_obs,2.0,28.0,26.097267565974768,percentile,759,216,213,166,0.8205405405405405,0.22153846153846155,0.6652059596844873,0.32727059894647853
all_radars_all_dates,all,max_mesh_75_mh19_buffer,severe_obs,2.0,29.0,26.479648980990646,percentile,753,208,221,172,0.8140540540540541,0.21644120707596254,0.6646072374227714,0.3367827026246658
all_radars_all_dates,all,max_mesh_75_mh19_buffer,severe_obs,2.0,30.0,26.83386569156004,percentile,748,200,229,177,0.8086486486486486,0.2109704641350211,0.6648888888888889,0.3474423515996328
all_radars_all_dates,all,max_mesh_75_mh19_buffer,severe_obs,2.0,31.0,27.07260824020895,percentile,737,197,232,188,0.7967567567567567,0.21092077087794434,0.6568627450980392,0.33945863205885557
all_radars_all_dates,all,max_mesh_75_mh19_buffer,severe_obs,2.0,32.0,27.36075218270555,percentile,729,192,237,196,0.7881081081081082,0.20846905537459284,0.6526410026857654,0.3397064479396305
all_radars_all_dates,all,max_mesh_75_mh19_buffer,severe_obs,2.0,33.0,27.570986325826624,percentile,721,187,242,204,0.7794594594594595,0.20594713656387664,0.6483812949640287,0.33995027939786704
all_radars_all_dates,all,max_mesh_75_mh19_buffer,severe_obs,2.0,34.0,27.926556033679432,percentile,710,183,246,215,0.7675675675675676,0.20492721164613661,0.6407942238267148,0.33430839433641085
all_radars_all_dates,all,max_mesh_75_mh19_buffer,severe_obs,2.0,35.0,28.175984408717586,percentile,703,177,252,222,0.76,0.20113636363636364,0.6379310344827587,0.33790948196624876
all_radars_all_dates,all,max_mesh_75_mh19_buffer,severe_obs,2.0,36.0,28.398272947752762,percentile,693,173,256,232,0.7491891891891892,0.1997690531177829,0.6311475409836066,0.33362416971882847
all_radars_all_dates,all,max_mesh_75_mh19_buffer,severe_obs,2.0,37.0,28.59776825183983,percentile,688,165,264,237,0.7437837837837837,0.19343493552168817,0.6311926605504588,0.34370274982456395
all_radars_all_dates,all,max_mesh_75_mh19_buffer,severe_obs,2.0,38.0,28.807507818216653,percentile,677,162,267,248,0.7318918918918919,0.19308700834326578,0.6228150873965042,0.33619990768929076
all_radars_all_dates,all,max_mesh_75_mh19_buffer,severe_obs,2.0,39.0,29.15610322819815,percentile,669,157,272,256,0.7232432432432433,0.1900726392251816,0.6182994454713494,0.3364588005515251
all_radars_all_dates,all,max_mesh_75_mh19_buffer,severe_obs,2.0,40.0,29.30768258604385,percentile,660,152,277,265,0.7135135135135136,0.18719211822660098,0.6128133704735376,0.33550743911366154
all_radars_all_dates,all,max_mesh_75_mh19_buffer,severe_obs,2.0,41.0,29.485174877715995,percentile,650,149,280,275,0.7027027027027027,0.18648310387984982,0.6052141527001862,0.32944147376732474
all_radars_all_dates,all,max_mesh_75_mh19_buffer,severe_obs,2.0,42.0,29.64795321267553,percentile,641,145,284,284,0.692972972972973,0.18447837150127228,0.5990654205607476,0.32660556414721176
all_radars_all_dates,all,max_mesh_75_mh19_buffer,severe_obs,2.0,43.0,29.75609212995451,percentile,629,143,286,296,0.68,0.18523316062176165,0.5889513108614233,0.3164117036863254
all_radars_all_dates,all,max_mesh_75_mh19_buffer,severe_obs,2.0,44.0,29.90020378058108,percentile,618,140,289,307,0.6681081081081081,0.18469656992084432,0.5802816901408451,0.3094689908064284
all_radars_all_dates,all,max_mesh_75_mh19_buffer,severe_obs,2.0,45.0,30.093564969810927,percentile,612,133,296,313,0.6616216216216216,0.17852348993288591,0.5784499054820416,0.3160454396158246
all_radars_all_dates,all,max_mesh_75_mh19_buffer,severe_obs,2.0,46.0,30.288102991013467,percentile,600,131,298,325,0.6486486486486487,0.17920656634746923,0.5681818181818182,0.3061669404882039
all_radars_all_dates,all,max_mesh_75_mh19_buffer,severe_obs,2.0,47.0,30.590693323738904,percentile,593,125,304,332,0.6410810810810811,0.17409470752089137,0.5647619047619048,0.309647648947588
all_radars_all_dates,all,max_mesh_75_mh19_buffer,severe_obs,2.0,48.0,30.748378981934657,percentile,583,121,308,342,0.6302702702702703,0.171875,0.5573613766730402,0.30596081331523606
all_radars_all_dates,all,max_mesh_75_mh19_buffer,severe_obs,2.0,49.0,30.92178828887174,percentile,570,121,308,355,0.6162162162162163,0.17510853835021709,0.5449330783938815,0.2915311845261258
all_radars_all_dates,all,max_mesh_75_mh19_buffer,severe_obs,2.0,50.0,31.21623495268841,percentile,563,114,315,362,0.6086486486486486,0.16838995568685378,0.5418671799807507,0.2968980797636632
all_radars_all_dates,all,max_mesh_75_mh19_buffer,severe_obs,2.0,51.0,31.406575242718,percentile,552,111,318,373,0.5967567567567568,0.167420814479638,0.5328185328185329,0.2904562787867501
all_radars_all_dates,all,max_mesh_75_mh19_buffer,severe_obs,2.0,52.0,31.590737730657423,percentile,543,107,322,382,0.587027027027027,0.1646153846153846,0.5261627906976745,0.28809633890651043
all_radars_all_dates,all,max_mesh_75_mh19_buffer,severe_obs,2.0,53.0,31.735506260856795,percentile,536,100,329,389,0.5794594594594594,0.15723270440251572,0.5229268292682927,0.2933722094271682
all_radars_all_dates,all,max_mesh_75_mh19_buffer,severe_obs,2.0,54.0,31.872108585503824,percentile,525,98,331,400,0.5675675675675675,0.15730337078651685,0.5131964809384164,0.28528515796413556
all_radars_all_dates,all,max_mesh_75_mh19_buffer,severe_obs,2.0,55.0,32.09179497772446,percentile,513,96,333,412,0.5545945945945946,0.15763546798029557,0.5024485798237023,0.2762603826234814
all_radars_all_dates,all,max_mesh_75_mh19_buffer,severe_obs,2.0,56.0,32.40248985115122,percentile,503,93,336,422,0.5437837837837838,0.15604026845637584,0.49410609037328096,0.27123200053509805
all_radars_all_dates,all,max_mesh_75_mh19_buffer,severe_obs,2.0,57.0,32.55434610988141,percentile,493,89,340,432,0.532972972972973,0.15292096219931273,0.48619329388560156,0.26805343139187654
all_radars_all_dates,all,max_mesh_75_mh19_buffer,severe_obs,2.0,58.0,32.800859776016445,percentile,482,87,342,443,0.5210810810810811,0.15289982425307558,0.4762845849802372,0.260357895995366
all_radars_all_dates,all,max_mesh_75_mh19_buffer,severe_obs,2.0,59.0,33.00355024544187,percentile,470,85,344,455,0.5081081081081081,0.15315315315315314,0.46534653465346537,0.25175762661563494
all_radars_all_dates,all,max_mesh_75_mh19_buffer,severe_obs,2.0,60.0,33.12258532388555,percentile,458,84,345,467,0.49513513513513513,0.15498154981549817,0.45391476709613476,0.24152059031046605
all_radars_all_dates,all,max_mesh_75_mh19_buffer,severe_obs,2.0,61.0,33.24957444758265,percentile,448,81,348,477,0.4843243243243243,0.15311909262759923,0.44532803180914515,0.23688723782050894
all_radars_all_dates,all,max_mesh_75_mh19_buffer,severe_obs,2.0,62.0,33.41395075770244,percentile,438,77,352,487,0.4735135135135135,0.14951456310679612,0.437125748502994,0.23405382092456445
all_radars_all_dates,all,max_mesh_75_mh19_buffer,severe_obs,2.0,63.0,33.62316863375034,percentile,428,73,356,497,0.4627027027027027,0.14570858283433133,0.4288577154308617,0.2312595995434054
all_radars_all_dates,all,max_mesh_75_mh19_buffer,severe_obs,2.0,64.0,33.805849971492805,percentile,417,71,358,508,0.4508108108108108,0.14549180327868852,0.4186746987951807,0.22410486123344966
all_radars_all_dates,all,max_mesh_75_mh19_buffer,severe_obs,2.0,65.0,33.998262992564065,percentile,405,69,360,520,0.43783783783783786,0.14556962025316456,0.4074446680080483,0.21609167382581737
all_radars_all_dates,all,max_mesh_75_mh19_buffer,severe_obs,2.0,66.0,34.26985944226582,percentile,394,67,362,531,0.4259459459459459,0.14533622559652928,0.3971774193548387,0.20912605465552642
all_radars_all_dates,all,max_mesh_75_mh19_buffer,severe_obs,2.0,67.0,34.60937173436408,percentile,381,66,363,544,0.4118918918918919,0.1476510067114094,0.384460141271443,0.19869064689571939
all_radars_all_dates,all,max_mesh_75_mh19_buffer,severe_obs,2.0,68.0,34.79160415066695,percentile,370,63,366,555,0.4,0.14549653579676675,0.37449392712550605,0.1936142286365187
all_radars_all_dates,all,max_mesh_75_mh19_buffer,severe_obs,2.0,69.0,34.99451203223944,percentile,359,61,368,566,0.3881081081081081,0.14523809523809525,0.3640973630831643,0.18692308429027038
all_radars_all_dates,all,max_mesh_75_mh19_buffer,severe_obs,2.0,70.0,35.161183261597124,percentile,348,59,370,577,0.3762162162162162,0.14496314496314497,0.35365853658536583,0.18031407472838762
all_radars_all_dates,all,max_mesh_75_mh19_buffer,severe_obs,2.0,71.0,35.406229502130024,percentile,334,59,370,591,0.36108108108108106,0.15012722646310434,0.3394308943089431,0.1677714506175758
all_radars_all_dates,all,max_mesh_75_mh19_buffer,severe_obs,2.0,72.0,35.717154441873866,percentile,322,57,372,603,0.3481081081081081,0.1503957783641161,0.32790224032586557,0.1604804662619567
all_radars_all_dates,all,max_mesh_75_mh19_buffer,severe_obs,2.0,73.0,35.919190571652614,percentile,312,54,375,613,0.3372972972972973,0.14754098360655737,0.31869254341164455,0.15668485051087203
all_radars_all_dates,all,max_mesh_75_mh19_buffer,severe_obs,2.0,74.0,36.060460668745584,percentile,301,51,378,624,0.3254054054054054,0.14488636363636365,0.3084016393442623,0.1520682687329871
all_radars_all_dates,all,max_mesh_75_mh19_buffer,severe_obs,2.0,75.0,36.24154014968223,percentile,293,46,383,632,0.31675675675675674,0.13569321533923304,0.30175077239958803,0.15336445615905472
all_radars_all_dates,all,max_mesh_75_mh19_buffer,severe_obs,2.0,76.0,36.48003874117112,percentile,282,43,386,643,0.30486486486486486,0.13230769230769232,0.29132231404958675,0.14882565864833905
all_radars_all_dates,all,max_mesh_75_mh19_buffer,severe_obs,2.0,77.0,36.76603971779873,percentile,272,41,388,653,0.29405405405405405,0.13099041533546327,0.2815734989648033,0.14357064606152742
all_radars_all_dates,all,max_mesh_75_mh19_buffer,severe_obs,2.0,78.0,36.897833630279294,percentile,261,37,392,664,0.28216216216216217,0.12416107382550336,0.2713097713097713,0.1407587254513227
all_radars_all_dates,all,max_mesh_75_mh19_buffer,severe_obs,2.0,79.0,37.29235467244599,percentile,248,37,392,677,0.2681081081081081,0.12982456140350876,0.2577962577962578,0.129903068158295
all_radars_all_dates,all,max_mesh_75_mh19_buffer,severe_obs,2.0,80.0,37.694191733973696,percentile,238,33,396,687,0.2572972972972973,0.12177121771217712,0.24843423799582465,0.12804082881200393
all_radars_all_dates,all,max_mesh_75_mh19_buffer,severe_obs,2.0,81.0,38.00289231084214,percentile,229,30,399,696,0.24756756756756756,0.11583011583011583,0.23979057591623038,0.12543038792298125
all_radars_all_dates,all,max_mesh_75_mh19_buffer,severe_obs,2.0,82.0,38.28691689164036,percentile,216,28,401,709,0.23351351351351352,0.11475409836065574,0.2266526757607555,0.11801743993862612
all_radars_all_dates,all,max_mesh_75_mh19_buffer,severe_obs,2.0,83.0,38.529980508114456,percentile,203,28,401,722,0.21945945945945947,0.12121212121212122,0.2130115424973767,0.10754617822359945
all_radars_all_dates,all,max_mesh_75_mh19_buffer,severe_obs,2.0,84.0,38.753659585802694,percentile,191,26,403,734,0.2064864864864865,0.11981566820276497,0.20084121976866456,0.10113223237230722
all_radars_all_dates,all,max_mesh_75_mh19_buffer,severe_obs,2.0,85.0,39.501979345247996,percentile,178,25,404,747,0.19243243243243244,0.12315270935960591,0.18736842105263157,0.0924444459879732
all_radars_all_dates,all,max_mesh_75_mh19_buffer,severe_obs,2.0,86.0,39.81407609378678,percentile,169,21,408,756,0.1827027027027027,0.11052631578947368,0.17864693446088795,0.09165177299453467
all_radars_all_dates,all,max_mesh_75_mh19_buffer,severe_obs,2.0,87.0,40.28320570255926,percentile,158,18,411,767,0.17081081081081081,0.10227272727272728,0.16755037115588547,0.0877686554738687
all_radars_all_dates,all,max_mesh_75_mh19_buffer,severe_obs,2.0,88.0,40.57584808673711,percentile,148,15,414,777,0.16,0.09202453987730061,0.1574468085106383,0.08469941157492049
all_radars_all_dates,all,max_mesh_75_mh19_buffer,severe_obs,2.0,89.0,40.83553535587749,percentile,135,14,415,790,0.14594594594594595,0.09395973154362416,0.14376996805111822,0.07630588878160038
all_radars_all_dates,all,max_mesh_75_mh19_buffer,severe_obs,2.0,90.0,41.649194653953685,percentile,123,13,416,802,0.13297297297297297,0.09558823529411764,0.13113006396588486,0.06876321736650143
all_radars_all_dates,all,max_mesh_75_mh19_buffer,severe_obs,2.0,91.0,41.92447817855021,percentile,111,11,418,814,0.12,0.09016393442622951,0.11858974358974358,0.06282877129515126
all_radars_all_dates,all,max_mesh_75_mh19_buffer,severe_obs,2.0,92.0,42.45148579396416,percentile,100,9,420,825,0.10810810810810811,0.08256880733944955,0.10706638115631692,0.057702610010464075
all_radars_all_dates,all,max_mesh_75_mh19_buffer,severe_obs,2.0,93.0,43.15203815729893,percentile,88,7,422,837,0.09513513513513513,0.07368421052631578,0.0944206008583691,0.05189782051388416
all_radars_all_dates,all,max_mesh_75_mh19_buffer,severe_obs,2.0,94.0,43.84691837385284,percentile,75,7,422,850,0.08108108108108109,0.08536585365853659,0.08047210300429185,0.0424170103764881
all_radars_all_dates,all,max_mesh_75_mh19_buffer,severe_obs,2.0,95.0,44.61391393987578,percentile,63,5,424,862,0.0681081081081081,0.07352941176470588,0.06774193548387097,0.03676310101893623
all_radars_all_dates,all,max_mesh_75_mh19_buffer,severe_obs,2.0,96.0,45.26877438406972,percentile,51,4,425,874,0.055135135135135134,0.07272727272727272,0.05489773950484392,0.02967588171437433
all_radars_all_dates,all,max_mesh_75_mh19_buffer,severe_obs,2.0,97.0,46.41141903238765,percentile,38,3,426,887,0.04108108108108108,0.07317073170731707,0.040948275862068964,0.021957383813510763
all_radars_all_dates,all,max_mesh_75_mh19_buffer,severe_obs,2.0,98.0,47.14293359848458,percentile,27,1,428,898,0.02918918918918919,0.03571428571428571,0.029157667386609073,0.017210280954849253
all_radars_all_dates,all,max_mesh_75_mh19_buffer,severe_obs,2.0,99.0,49.13673560578301,percentile,14,0,429,911,0.015135135135135135,0.0,0.015135135135135135,0.00964427309061538
all_radars_all_dates,all,max_mesh_75_mh19_buffer,severe_obs,2.0,100.0,56.792417204643925,percentile,1,0,429,924,0.001081081081081081,0.0,0.001081081081081081,0.0006853286941852497
all_radars_all_dates,all,max_mesh_75_mh19_buffer,sig_severe_obs,2.0,0.0,3.572307969938067,percentile,230,1124,0,0,1.0,0.8301329394387001,0.16986706056129985,0.0
all_radars_all_dates,all,max_mesh_75_mh19_buffer,sig_severe_obs,2.0,1.0,11.028587881803258,percentile,230,1110,14,0,1.0,0.8283582089552238,0.17164179104477612,0.004266652532828048
all_radars_all_dates,all,max_mesh_75_mh19_buffer,sig_severe_obs,2.0,2.0,12.986257046531987,percentile,227,1099,25,3,0.9869565217391304,0.8288084464555053,0.1708051166290444,0.003177309361438314
all_radars_all_dates,all,max_mesh_75_mh19_buffer,sig_severe_obs,2.0,3.0,14.369112451197827,percentile,226,1087,37,4,0.9826086956521739,0.8278750952018279,0.1716021260440395,0.005405179761951251
all_radars_all_dates,all,max_mesh_75_mh19_buffer,sig_severe_obs,2.0,4.0,15.015237245647063,percentile,225,1074,50,5,0.9782608695652174,0.8267898383371824,0.17254601226993865,0.007985192085968469
all_radars_all_dates,all,max_mesh_75_mh19_buffer,sig_severe_obs,2.0,5.0,15.670694164413815,percentile,223,1063,61,7,0.9695652173913043,0.8265940902021773,0.17246713070378963,0.008434717857181967
all_radars_all_dates,all,max_mesh_75_mh19_buffer,sig_severe_obs,2.0,6.0,16.304988120791066,percentile,221,1051,73,9,0.9608695652173913,0.8262578616352201,0.1725214676034348,0.009214490248435028
all_radars_all_dates,all,max_mesh_75_mh19_buffer,sig_severe_obs,2.0,7.0,16.729172244902955,percentile,221,1038,86,9,0.9608695652173913,0.8244638602065131,0.17429022082018927,0.013450561808699718
all_radars_all_dates,all,max_mesh_75_mh19_buffer,sig_severe_obs,2.0,8.0,17.505872982601705,percentile,220,1025,99,10,0.9565217391304348,0.8232931726907631,0.1752988047808765,0.01618870441222928
all_radars_all_dates,all,max_mesh_75_mh19_buffer,sig_severe_obs,2.0,9.0,18.194152015364057,percentile,220,1012,112,10,0.9565217391304348,0.8214285714285714,0.17713365539452497,0.020554519021423696
all_radars_all_dates,all,max_mesh_75_mh19_buffer,sig_severe_obs,2.0,10.0,18.492899280920668,percentile,220,998,126,10,0.9565217391304348,0.819376026272578,0.1791530944625407,0.025337210564502766
all_radars_all_dates,all,max_mesh_75_mh19_buffer,sig_severe_obs,2.0,11.0,18.97213512940512,percentile,219,987,137,11,0.9521739130434783,0.818407960199005,0.1799506984387839,0.02755644854863038
all_radars_all_dates,all,max_mesh_75_mh19_buffer,sig_severe_obs,2.0,12.0,19.37746296275301,percentile,219,973,151,11,0.9521739130434783,0.8162751677852349,0.18204488778054864,0.03248350843967037
all_radars_all_dates,all,max_mesh_75_mh19_buffer,sig_severe_obs,2.0,13.0,19.635313502784328,percentile,219,959,165,11,0.9521739130434783,0.8140916808149405,0.184188393608074,0.037500952693631316
all_radars_all_dates,all,max_mesh_75_mh19_buffer,sig_severe_obs,2.0,14.0,20.126411632788095,percentile,219,945,179,11,0.9521739130434783,0.8118556701030928,0.18638297872340426,0.042611291415317346
all_radars_all_dates,all,max_mesh_75_mh19_buffer,sig_severe_obs,2.0,15.0,20.696508520108065,percentile,218,933,191,12,0.9478260869565217,0.8105994787141616,0.1874462596732588,0.04542178759696631
all_radars_all_dates,all,max_mesh_75_mh19_buffer,sig_severe_obs,2.0,16.0,21.457498840801033,percentile,218,919,205,12,0.9478260869565217,0.8082673702726473,0.18973020017406442,0.0506996772342454
all_radars_all_dates,all,max_mesh_75_mh19_buffer,sig_severe_obs,2.0,17.0,22.218978328927214,percentile,217,906,218,13,0.9434782608695652,0.8067675868210151,0.19102112676056338,0.05401928869332255
all_radars_all_dates,all,max_mesh_75_mh19_buffer,sig_severe_obs,2.0,18.0,22.5668366570541,percentile,217,894,230,13,0.9434782608695652,0.8046804680468047,0.19306049822064056,0.05869448911358874
all_radars_all_dates,all,max_mesh_75_mh19_buffer,sig_severe_obs,2.0,19.0,22.9281659040751,percentile,217,879,245,13,0.9434782608695652,0.802007299270073,0.1956717763751127,0.06464773505239908
all_radars_all_dates,all,max_mesh_75_mh19_buffer,sig_severe_obs,2.0,20.0,23.36343265349597,percentile,216,867,257,14,0.9391304347826087,0.8005540166204986,0.19690063810391978,0.06779189479393133
all_radars_all_dates,all,max_mesh_75_mh19_buffer,sig_severe_obs,2.0,21.0,23.758434384186206,percentile,215,854,270,15,0.9347826086956522,0.7988774555659495,0.19833948339483395,0.07140681205834397
all_radars_all_dates,all,max_mesh_75_mh19_buffer,sig_severe_obs,2.0,22.0,24.20370169103337,percentile,215,841,283,15,0.9347826086956522,0.7964015151515151,0.20074696545284781,0.07683092735550592
all_radars_all_dates,all,max_mesh_75_mh19_buffer,sig_severe_obs,2.0,23.0,24.457647208823875,percentile,213,830,294,17,0.9260869565217391,0.7957813998082455,0.2009433962264151,0.07800222211145609
all_radars_all_dates,all,max_mesh_75_mh19_buffer,sig_severe_obs,2.0,24.0,24.652182489201593,percentile,212,817,307,18,0.9217391304347826,0.793974732750243,0.20248328557784145,0.08182590433558073
all_radars_all_dates,all,max_mesh_75_mh19_buffer,sig_severe_obs,2.0,25.0,24.986700665895405,percentile,211,804,320,19,0.9173913043478261,0.7921182266009852,0.20406189555125726,0.08572811630826284
all_radars_all_dates,all,max_mesh_75_mh19_buffer,sig_severe_obs,2.0,26.0,25.57326217625462,percentile,211,791,333,19,0.9173913043478261,0.7894211576846307,0.20666013712047013,0.09150701453270688
all_radars_all_dates,all,max_mesh_75_mh19_buffer,sig_severe_obs,2.0,27.0,25.779501484394178,percentile,211,777,347,19,0.9173913043478261,0.7864372469635628,0.20953326713008938,0.09785618385324418
all_radars_all_dates,all,max_mesh_75_mh19_buffer,sig_severe_obs,2.0,28.0,26.097267565974768,percentile,210,765,359,20,0.9130434782608695,0.7846153846153846,0.21105527638190955,0.10158316921230358
all_radars_all_dates,all,max_mesh_75_mh19_buffer,sig_severe_obs,2.0,29.0,26.479648980990646,percentile,210,751,373,20,0.9130434782608695,0.7814776274713839,0.21406727828746178,0.10817100279013185
all_radars_all_dates,all,max_mesh_75_mh19_buffer,sig_severe_obs,2.0,30.0,26.83386569156004,percentile,209,739,385,21,0.908695652173913,0.7795358649789029,0.21568627450980393,0.11207905209278887
all_radars_all_dates,all,max_mesh_75_mh19_buffer,sig_severe_obs,2.0,31.0,27.07260824020895,percentile,208,726,398,22,0.9043478260869565,0.7773019271948608,0.2175732217573222,0.11655803826883086
all_radars_all_dates,all,max_mesh_75_mh19_buffer,sig_severe_obs,2.0,32.0,27.36075218270555,percentile,206,715,409,24,0.8956521739130435,0.7763300760043431,0.21798941798941798,0.11824877466747269
all_radars_all_dates,all,max_mesh_75_mh19_buffer,sig_severe_obs,2.0,33.0,27.570986325826624,percentile,203,705,419,27,0.8826086956521739,0.776431718061674,0.21711229946524063,0.11756347202387524
all_radars_all_dates,all,max_mesh_75_mh19_buffer,sig_severe_obs,2.0,34.0,27.926556033679432,percentile,202,691,433,28,0.8782608695652174,0.7737961926091825,0.21932681867535286,0.1227614569610421
all_radars_all_dates,all,max_mesh_75_mh19_buffer,sig_severe_obs,2.0,35.0,28.175984408717586,percentile,200,680,444,30,0.8695652173913043,0.7727272727272727,0.21978021978021978,0.12457428014642942
all_radars_all_dates,all,max_mesh_75_mh19_buffer,sig_severe_obs,2.0,36.0,28.398272947752762,percentile,200,666,458,30,0.8695652173913043,0.76905311778291,0.22321428571428573,0.1319425510121368
all_radars_all_dates,all,max_mesh_75_mh19_buffer,sig_severe_obs,2.0,37.0,28.59776825183983,percentile,199,654,470,31,0.8652173913043478,0.7667057444314185,0.2251131221719457,0.13641687818085999
all_radars_all_dates,all,max_mesh_75_mh19_buffer,sig_severe_obs,2.0,38.0,28.807507818216653,percentile,198,641,483,32,0.8608695652173913,0.7640047675804529,0.22732491389207807,0.14154119790557765
all_radars_all_dates,all,max_mesh_75_mh19_buffer,sig_severe_obs,2.0,39.0,29.15610322819815,percentile,197,629,495,33,0.8565217391304348,0.761501210653753,0.22933643771827705,0.14622465385992853
all_radars_all_dates,all,max_mesh_75_mh19_buffer,sig_severe_obs,2.0,40.0,29.30768258604385,percentile,195,617,507,35,0.8478260869565217,0.7598522167487685,0.23022432113341204,0.14897604275517956
all_radars_all_dates,all,max_mesh_75_mh19_buffer,sig_severe_obs,2.0,41.0,29.485174877715995,percentile,193,606,518,37,0.8391304347826087,0.7584480600750939,0.23086124401913877,0.15121387193071054
all_radars_all_dates,all,max_mesh_75_mh19_buffer,sig_severe_obs,2.0,42.0,29.64795321267553,percentile,190,596,528,40,0.8260869565217391,0.7582697201017812,0.23002421307506055,0.1508326562167194
all_radars_all_dates,all,max_mesh_75_mh19_buffer,sig_severe_obs,2.0,43.0,29.75609212995451,percentile,189,583,541,41,0.8217391304347826,0.7551813471502591,0.23247232472324722,0.15644356761462797
all_radars_all_dates,all,max_mesh_75_mh19_buffer,sig_severe_obs,2.0,44.0,29.90020378058108,percentile,187,571,553,43,0.8130434782608695,0.7532981530343008,0.23345817727840198,0.1594585631784137
all_radars_all_dates,all,max_mesh_75_mh19_buffer,sig_severe_obs,2.0,45.0,30.093564969810927,percentile,186,559,565,44,0.808695652173913,0.7503355704697987,0.23574144486692014,0.16470203079441403
all_radars_all_dates,all,max_mesh_75_mh19_buffer,sig_severe_obs,2.0,46.0,30.288102991013467,percentile,184,547,577,46,0.8,0.7482900136798906,0.23680823680823682,0.16789956618794652
all_radars_all_dates,all,max_mesh_75_mh19_buffer,sig_severe_obs,2.0,47.0,30.590693323738904,percentile,183,535,589,47,0.7956521739130434,0.745125348189415,0.23921568627450981,0.1733787049780135
all_radars_all_dates,all,max_mesh_75_mh19_buffer,sig_severe_obs,2.0,48.0,30.748378981934657,percentile,181,523,601,49,0.7869565217391304,0.7428977272727273,0.2403718459495352,0.1767737107725798
all_radars_all_dates,all,max_mesh_75_mh19_buffer,sig_severe_obs,2.0,49.0,30.92178828887174,percentile,175,516,608,55,0.7608695652173914,0.7467438494934877,0.23458445040214476,0.16793410060978892
all_radars_all_dates,all,max_mesh_75_mh19_buffer,sig_severe_obs,2.0,50.0,31.21623495268841,percentile,174,503,621,56,0.7565217391304347,0.7429837518463811,0.2373806275579809,0.17429837518463812
all_radars_all_dates,all,max_mesh_75_mh19_buffer,sig_severe_obs,2.0,51.0,31.406575242718,percentile,170,493,631,60,0.7391304347826086,0.7435897435897436,0.2351313969571231,0.17185353628080544
all_radars_all_dates,all,max_mesh_75_mh19_buffer,sig_severe_obs,2.0,52.0,31.590737730657423,percentile,165,485,639,65,0.717391304347826,0.7461538461538462,0.23076923076923078,0.1656209384663649
all_radars_all_dates,all,max_mesh_75_mh19_buffer,sig_severe_obs,2.0,53.0,31.735506260856795,percentile,163,473,651,67,0.7086956521739131,0.7437106918238994,0.23186344238975817,0.16914014027208968
all_radars_all_dates,all,max_mesh_75_mh19_buffer,sig_severe_obs,2.0,54.0,31.872108585503824,percentile,160,463,661,70,0.6956521739130435,0.7431781701444623,0.23088023088023088,0.16893486967716972
all_radars_all_dates,all,max_mesh_75_mh19_buffer,sig_severe_obs,2.0,55.0,32.09179497772446,percentile,160,449,675,70,0.6956521739130435,0.7372742200328407,0.23564064801178203,0.17892987921006326
all_radars_all_dates,all,max_mesh_75_mh19_buffer,sig_severe_obs,2.0,56.0,32.40248985115122,percentile,157,439,685,73,0.6826086956521739,0.7365771812080537,0.23467862481315396,0.17885350680608925
all_radars_all_dates,all,max_mesh_75_mh19_buffer,sig_severe_obs,2.0,57.0,32.55434610988141,percentile,153,429,695,77,0.6652173913043479,0.7371134020618557,0.2321699544764795,0.17626435565473328
all_radars_all_dates,all,max_mesh_75_mh19_buffer,sig_severe_obs,2.0,58.0,32.800859776016445,percentile,150,419,705,80,0.6521739130434783,0.7363796133567663,0.23112480739599384,0.17614796136109234
all_radars_all_dates,all,max_mesh_75_mh19_buffer,sig_severe_obs,2.0,59.0,33.00355024544187,percentile,149,406,718,81,0.6478260869565218,0.7315315315315315,0.23427672955974843,0.18349905273715622
all_radars_all_dates,all,max_mesh_75_mh19_buffer,sig_severe_obs,2.0,60.0,33.12258532388555,percentile,143,399,725,87,0.6217391304347826,0.7361623616236163,0.2273449920508744,0.1732783227466431
all_radars_all_dates,all,max_mesh_75_mh19_buffer,sig_severe_obs,2.0,61.0,33.24957444758265,percentile,142,387,737,88,0.6173913043478261,0.7315689981096408,0.23014586709886548,0.18001749228019268
all_radars_all_dates,all,max_mesh_75_mh19_buffer,sig_severe_obs,2.0,62.0,33.41395075770244,percentile,141,374,750,89,0.6130434782608696,0.7262135922330097,0.23344370860927152,0.18777191868675744
all_radars_all_dates,all,max_mesh_75_mh19_buffer,sig_severe_obs,2.0,63.0,33.62316863375034,percentile,138,363,761,92,0.6,0.7245508982035929,0.2327150084317032,0.18864922811906537
all_radars_all_dates,all,max_mesh_75_mh19_buffer,sig_severe_obs,2.0,64.0,33.805849971492805,percentile,133,355,769,97,0.5782608695652174,0.7274590163934426,0.22735042735042735,0.18147044504956586
all_radars_all_dates,all,max_mesh_75_mh19_buffer,sig_severe_obs,2.0,65.0,33.998262992564065,percentile,129,345,779,101,0.5608695652173913,0.7278481012658228,0.22434782608695653,0.17858580802420101
all_radars_all_dates,all,max_mesh_75_mh19_buffer,sig_severe_obs,2.0,66.0,34.26985944226582,percentile,127,334,790,103,0.5521739130434783,0.7245119305856833,0.225177304964539,0.18223380701371286
all_radars_all_dates,all,max_mesh_75_mh19_buffer,sig_severe_obs,2.0,67.0,34.60937173436408,percentile,124,323,801,106,0.5391304347826087,0.7225950782997763,0.22423146473779385,0.18307319721308848
all_radars_all_dates,all,max_mesh_75_mh19_buffer,sig_severe_obs,2.0,68.0,34.79160415066695,percentile,122,311,813,108,0.5304347826086957,0.7182448036951501,0.2255083179297597,0.18781942444189303
all_radars_all_dates,all,max_mesh_75_mh19_buffer,sig_severe_obs,2.0,69.0,34.99451203223944,percentile,119,301,823,111,0.5173913043478261,0.7166666666666667,0.224105461393597,0.18787596447808996
all_radars_all_dates,all,max_mesh_75_mh19_buffer,sig_severe_obs,2.0,70.0,35.161183261597124,percentile,115,292,832,115,0.5,0.7174447174447175,0.22030651340996169,0.18392425045684888
all_radars_all_dates,all,max_mesh_75_mh19_buffer,sig_severe_obs,2.0,71.0,35.406229502130024,percentile,112,281,843,118,0.48695652173913045,0.7150127226463104,0.2191780821917808,0.18485670572543386
all_radars_all_dates,all,max_mesh_75_mh19_buffer,sig_severe_obs,2.0,72.0,35.717154441873866,percentile,109,270,854,121,0.47391304347826085,0.712401055408971,0.218,0.18582505697843585
all_radars_all_dates,all,max_mesh_75_mh19_buffer,sig_severe_obs,2.0,73.0,35.919190571652614,percentile,107,259,865,123,0.4652173913043478,0.7076502732240437,0.21881390593047034,0.19008994337826327
all_radars_all_dates,all,max_mesh_75_mh19_buffer,sig_severe_obs,2.0,74.0,36.060460668745584,percentile,103,249,875,127,0.44782608695652176,0.7073863636363636,0.2150313152400835,0.18687510780887642
all_radars_all_dates,all,max_mesh_75_mh19_buffer,sig_severe_obs,2.0,75.0,36.24154014968223,percentile,99,240,884,131,0.43043478260869567,0.7079646017699115,0.21063829787234042,0.18251351536080562
all_radars_all_dates,all,max_mesh_75_mh19_buffer,sig_severe_obs,2.0,76.0,36.48003874117112,percentile,97,228,896,133,0.4217391304347826,0.7015384615384616,0.21179039301310043,0.18800936923766964
all_radars_all_dates,all,max_mesh_75_mh19_buffer,sig_severe_obs,2.0,77.0,36.76603971779873,percentile,94,219,905,136,0.40869565217391307,0.6996805111821086,0.20935412026726058,0.1870164839439688
all_radars_all_dates,all,max_mesh_75_mh19_buffer,sig_severe_obs,2.0,78.0,36.897833630279294,percentile,91,207,917,139,0.39565217391304347,0.6946308724832215,0.20823798627002288,0.18923839455066524
all_radars_all_dates,all,max_mesh_75_mh19_buffer,sig_severe_obs,2.0,79.0,37.29235467244599,percentile,87,198,926,143,0.3782608695652174,0.6947368421052632,0.20327102803738317,0.1845534342381802
all_radars_all_dates,all,max_mesh_75_mh19_buffer,sig_severe_obs,2.0,80.0,37.694191733973696,percentile,82,189,935,148,0.3565217391304348,0.6974169741697417,0.1957040572792363,0.17590221313577536
all_radars_all_dates,all,max_mesh_75_mh19_buffer,sig_severe_obs,2.0,81.0,38.00289231084214,percentile,79,180,944,151,0.34347826086956523,0.694980694980695,0.1926829268292683,0.17458183385331677
all_radars_all_dates,all,max_mesh_75_mh19_buffer,sig_severe_obs,2.0,82.0,38.28691689164036,percentile,77,167,957,153,0.3347826086956522,0.6844262295081968,0.19395465994962216,0.1818051348677005
all_radars_all_dates,all,max_mesh_75_mh19_buffer,sig_severe_obs,2.0,83.0,38.529980508114456,percentile,71,160,964,159,0.30869565217391304,0.6926406926406926,0.18205128205128204,0.1660597682330181
all_radars_all_dates,all,max_mesh_75_mh19_buffer,sig_severe_obs,2.0,84.0,38.753659585802694,percentile,68,149,975,162,0.2956521739130435,0.6866359447004609,0.17941952506596306,0.1668401204547523
all_radars_all_dates,all,max_mesh_75_mh19_buffer,sig_severe_obs,2.0,85.0,39.501979345247996,percentile,65,138,986,165,0.2826086956521739,0.6798029556650246,0.1766304347826087,0.16766010281962743
all_radars_all_dates,all,max_mesh_75_mh19_buffer,sig_severe_obs,2.0,86.0,39.81407609378678,percentile,61,129,995,169,0.26521739130434785,0.6789473684210526,0.16991643454038996,0.16162732712765956
all_radars_all_dates,all,max_mesh_75_mh19_buffer,sig_severe_obs,2.0,87.0,40.28320570255926,percentile,58,118,1006,172,0.25217391304347825,0.6704545454545454,0.16666666666666666,0.1623503511361794
all_radars_all_dates,all,max_mesh_75_mh19_buffer,sig_severe_obs,2.0,88.0,40.57584808673711,percentile,57,106,1018,173,0.24782608695652175,0.6503067484662577,0.16964285714285715,0.17363532556623543
all_radars_all_dates,all,max_mesh_75_mh19_buffer,sig_severe_obs,2.0,89.0,40.83553535587749,percentile,55,94,1030,175,0.2391304347826087,0.6308724832214765,0.1697530864197531,0.1808261325248636
all_radars_all_dates,all,max_mesh_75_mh19_buffer,sig_severe_obs,2.0,90.0,41.649194653953685,percentile,52,84,1040,178,0.22608695652173913,0.6176470588235294,0.16560509554140126,0.18072812260394824
all_radars_all_dates,all,max_mesh_75_mh19_buffer,sig_severe_obs,2.0,91.0,41.92447817855021,percentile,46,76,1048,184,0.2,0.6229508196721312,0.1503267973856209,0.16278229105230113
all_radars_all_dates,all,max_mesh_75_mh19_buffer,sig_severe_obs,2.0,92.0,42.45148579396416,percentile,42,67,1057,188,0.1826086956521739,0.6146788990825688,0.1414141414141414,0.15554240264536548
all_radars_all_dates,all,max_mesh_75_mh19_buffer,sig_severe_obs,2.0,93.0,43.15203815729893,percentile,38,57,1067,192,0.16521739130434782,0.6,0.13240418118466898,0.14937302888860857
all_radars_all_dates,all,max_mesh_75_mh19_buffer,sig_severe_obs,2.0,94.0,43.84691837385284,percentile,36,46,1078,194,0.1565217391304348,0.5609756097560976,0.13043478260869565,0.15535131313551392
all_radars_all_dates,all,max_mesh_75_mh19_buffer,sig_severe_obs,2.0,95.0,44.61391393987578,percentile,33,35,1089,197,0.14347826086956522,0.5147058823529411,0.12452830188679245,0.15605085273983643
all_radars_all_dates,all,max_mesh_75_mh19_buffer,sig_severe_obs,2.0,96.0,45.26877438406972,percentile,26,29,1095,204,0.11304347826086956,0.5272727272727272,0.10038610038610038,0.12509498322194182
all_radars_all_dates,all,max_mesh_75_mh19_buffer,sig_severe_obs,2.0,97.0,46.41141903238765,percentile,22,19,1105,208,0.09565217391304348,0.4634146341463415,0.08835341365461848,0.1169751259789585
all_radars_all_dates,all,max_mesh_75_mh19_buffer,sig_severe_obs,2.0,98.0,47.14293359848458,percentile,19,9,1115,211,0.08260869565217391,0.32142857142857145,0.0794979079497908,0.11464339638343657
all_radars_all_dates,all,max_mesh_75_mh19_buffer,sig_severe_obs,2.0,99.0,49.13673560578301,percentile,13,1,1123,217,0.05652173913043478,0.07142857142857142,0.05627705627705628,0.08879531759359874
all_radars_all_dates,all,max_mesh_75_mh19_buffer,sig_severe_obs,2.0,100.0,56.792417204643925,percentile,1,0,1124,229,0.004347826086956522,0.0,0.004347826086956522,0.0071978841806643315
