scope,scope_value,field,obs_col,spatial_buffer_km,percentile,threshold,threshold_source,tp,fp,tn,fn,POD,FAR,CSI,HSS
by_radar,KCRI,max_reflectivity,severe_obs,0.0,0.0,40.0,percentile,601,307,0,0,1.0,0.3381057268722467,0.6618942731277533,0.0
by_radar,KCRI,max_reflectivity,severe_obs,0.0,1.0,41.66999671936035,percentile,592,306,1,9,0.9850249584026622,0.34075723830734966,0.6527012127894156,-0.015349880722480972
by_radar,KCRI,max_reflectivity,severe_obs,0.0,2.0,45.70000175476074,percentile,590,299,8,11,0.9816971713810316,0.3363329583802025,0.6555555555555556,0.010065343846494714
by_radar,KCRI,max_reflectivity,severe_obs,0.0,3.0,47.0839775466919,percentile,587,293,14,14,0.9767054908485857,0.33295454545454545,0.656599552572707,0.02868412616555396
by_radar,KCRI,max_reflectivity,severe_obs,0.0,4.0,47.68115310668945,percentile,581,290,17,20,0.9667221297836939,0.33295063145809417,0.6520763187429854,0.028152772119295386
by_radar,KCRI,max_reflectivity,severe_obs,0.0,5.0,48.19565410614014,percentile,577,285,22,24,0.9600665557404326,0.3306264501160093,0.6512415349887133,0.04005747912960175
by_radar,KCRI,max_reflectivity,severe_obs,0.0,6.0,49.05566665649414,percentile,575,278,29,26,0.956738768718802,0.32590855803048063,0.6541524459613197,0.06406352780019395
by_radar,KCRI,max_reflectivity,severe_obs,0.0,7.0,49.75434951782226,percentile,574,270,37,27,0.9550748752079867,0.31990521327014215,0.6590126291618829,0.09374537926955494
by_radar,KCRI,max_reflectivity,severe_obs,0.0,8.0,50.006842041015624,percentile,570,265,42,31,0.9484193011647255,0.31736526946107785,0.6581986143187067,0.10475720976090708
by_radar,KCRI,max_reflectivity,severe_obs,0.0,9.0,50.320461692810056,percentile,568,258,49,33,0.9450915141430949,0.31234866828087166,0.6612339930151339,0.12756880976279783
by_radar,KCRI,max_reflectivity,severe_obs,0.0,10.0,50.82655982971191,percentile,564,253,54,37,0.9384359400998337,0.30966952264381886,0.6604215456674473,0.1380969526365749
by_radar,KCRI,max_reflectivity,severe_obs,0.0,11.0,51.18873348236084,percentile,560,248,59,41,0.9317803660565723,0.3069306930693069,0.6595995288574794,0.14844429444826646
by_radar,KCRI,max_reflectivity,severe_obs,0.0,12.0,51.797701110839846,percentile,555,244,63,46,0.9234608985024958,0.3053817271589487,0.6568047337278107,0.15277250468143705
by_radar,KCRI,max_reflectivity,severe_obs,0.0,13.0,52.10762321472168,percentile,555,235,72,46,0.9234608985024958,0.2974683544303797,0.6638755980861244,0.18599576325259692
by_radar,KCRI,max_reflectivity,severe_obs,0.0,14.0,52.32553329467773,percentile,554,227,80,47,0.9217970049916805,0.2906530089628681,0.6690821256038647,0.21291767638740375
by_radar,KCRI,max_reflectivity,severe_obs,0.0,15.0,52.47674102783204,percentile,550,221,86,51,0.9151414309484193,0.28664072632944226,0.6690997566909975,0.22586307415510573
by_radar,KCRI,max_reflectivity,severe_obs,0.0,16.0,52.64707321166992,percentile,546,216,91,55,0.908485856905158,0.28346456692913385,0.6682986536107711,0.2350534692862472
by_radar,KCRI,max_reflectivity,severe_obs,0.0,17.0,52.748037376403815,percentile,543,210,97,58,0.9034941763727121,0.2788844621513944,0.6695437731196054,0.24969320991841543
by_radar,KCRI,max_reflectivity,severe_obs,0.0,18.0,52.898789138793944,percentile,538,206,101,63,0.8951747088186356,0.2768817204301075,0.6666666666666666,0.2529880234393159
by_radar,KCRI,max_reflectivity,severe_obs,0.0,19.0,53.0687837600708,percentile,532,203,104,69,0.8851913477537438,0.2761904761904762,0.6616915422885572,0.25072053103896025
by_radar,KCRI,max_reflectivity,severe_obs,0.0,20.0,53.37137680053711,percentile,526,200,107,75,0.8752079866888519,0.27548209366391185,0.6566791510611736,0.24848915320347675
by_radar,KCRI,max_reflectivity,severe_obs,0.0,21.0,53.50653961181641,percentile,523,194,113,78,0.870216306156406,0.2705718270571827,0.6578616352201258,0.2625600907706548
by_radar,KCRI,max_reflectivity,severe_obs,0.0,22.0,53.77741050720215,percentile,518,190,117,83,0.8618968386023295,0.268361581920904,0.6548672566371682,0.26565073647039306
by_radar,KCRI,max_reflectivity,severe_obs,0.0,23.0,53.98703006744385,percentile,513,186,121,88,0.8535773710482529,0.26609442060085836,0.6518424396442185,0.26869330574188277
by_radar,KCRI,max_reflectivity,severe_obs,0.0,24.0,54.099185638427734,percentile,505,185,122,96,0.8402662229617305,0.26811594202898553,0.6424936386768448,0.2557984879596789
by_radar,KCRI,max_reflectivity,severe_obs,0.0,25.0,54.241719245910645,percentile,500,181,126,101,0.831946755407654,0.2657856093979442,0.639386189258312,0.2588699080157687
by_radar,KCRI,max_reflectivity,severe_obs,0.0,26.0,54.36127937316895,percentile,499,173,134,102,0.8302828618968386,0.25744047619047616,0.6447028423772609,0.2827598092721319
by_radar,KCRI,max_reflectivity,severe_obs,0.0,27.0,54.46059871673584,percentile,494,169,138,107,0.8219633943427621,0.2549019607843137,0.6415584415584416,0.28558152263773356
by_radar,KCRI,max_reflectivity,severe_obs,0.0,28.0,54.690570678710934,percentile,493,161,146,108,0.8202995008319468,0.24617737003058104,0.6469816272965879,0.30891373729600036
by_radar,KCRI,max_reflectivity,severe_obs,0.0,29.0,54.82160800933838,percentile,490,154,153,111,0.8153078202995009,0.2391304347826087,0.6490066225165563,0.32480666270077335
by_radar,KCRI,max_reflectivity,severe_obs,0.0,30.0,54.949636459350586,percentile,484,151,156,117,0.8053244592346089,0.2377952755905512,0.6436170212765957,0.32219554451308846
by_radar,KCRI,max_reflectivity,severe_obs,0.0,31.0,55.020340347290045,percentile,478,148,159,123,0.7953410981697171,0.2364217252396166,0.6381842456608812,0.3196226331622722
by_radar,KCRI,max_reflectivity,severe_obs,0.0,32.0,55.124250946044924,percentile,472,145,162,129,0.7853577371048253,0.23500810372771475,0.6327077747989276,0.317087096154374
by_radar,KCRI,max_reflectivity,severe_obs,0.0,33.0,55.33318286895752,percentile,468,140,167,133,0.778702163061564,0.23026315789473684,0.631578947368421,0.32448576941104657
by_radar,KCRI,max_reflectivity,severe_obs,0.0,34.0,55.47522552490234,percentile,464,135,172,137,0.7720465890183028,0.22537562604340566,0.6304347826086957,0.33177850769205797
by_radar,KCRI,max_reflectivity,severe_obs,0.0,35.0,55.57483348846436,percentile,459,131,176,142,0.7637271214642263,0.22203389830508474,0.6270491803278688,0.3340891018890632
by_radar,KCRI,max_reflectivity,severe_obs,0.0,36.0,55.74501022338867,percentile,453,128,179,148,0.7537437603993344,0.22030981067125646,0.6213991769547325,0.33152304384706077
by_radar,KCRI,max_reflectivity,severe_obs,0.0,37.0,55.985681037902836,percentile,446,126,181,155,0.7420965058236273,0.2202797202797203,0.6134800550206327,0.3241828680404725
by_radar,KCRI,max_reflectivity,severe_obs,0.0,38.0,56.09790824890137,percentile,438,125,182,163,0.7287853577371048,0.22202486678507993,0.6033057851239669,0.31216825448596214
by_radar,KCRI,max_reflectivity,severe_obs,0.0,39.0,56.277694129943846,percentile,433,121,186,168,0.7204658901830283,0.2184115523465704,0.5997229916897507,0.31455050779454174
by_radar,KCRI,max_reflectivity,severe_obs,0.0,40.0,56.452694702148435,percentile,428,117,190,173,0.7121464226289518,0.21467889908256882,0.596100278551532,0.31690005655316256
by_radar,KCRI,max_reflectivity,severe_obs,0.0,41.0,56.55138637542725,percentile,423,113,194,178,0.7038269550748752,0.21082089552238806,0.592436974789916,0.3192175696426915
by_radar,KCRI,max_reflectivity,severe_obs,0.0,42.0,56.64041931152344,percentile,420,107,200,181,0.6988352745424293,0.2030360531309298,0.5932203389830508,0.33079816772014226
by_radar,KCRI,max_reflectivity,severe_obs,0.0,43.0,56.76266288757324,percentile,415,102,205,186,0.6905158069883528,0.19729206963249515,0.5903271692745377,0.3357953823880521
by_radar,KCRI,max_reflectivity,severe_obs,0.0,44.0,57.002786560058595,percentile,408,100,207,193,0.6788685524126455,0.1968503937007874,0.5820256776034237,0.32877514153942416
by_radar,KCRI,max_reflectivity,severe_obs,0.0,45.0,57.17241992950439,percentile,401,98,209,200,0.6672212978369384,0.1963927855711423,0.5736766809728183,0.32184801078691333
by_radar,KCRI,max_reflectivity,severe_obs,0.0,46.0,57.296387176513676,percentile,396,94,213,205,0.6589018302828619,0.19183673469387755,0.5697841726618705,0.32405489383738995
by_radar,KCRI,max_reflectivity,severe_obs,0.0,47.0,57.417569122314454,percentile,389,92,215,212,0.6472545757071547,0.19126819126819128,0.5613275613275613,0.31724932845899273
by_radar,KCRI,max_reflectivity,severe_obs,0.0,48.0,57.55636535644531,percentile,382,90,217,219,0.6356073211314476,0.1906779661016949,0.552821997105644,0.3105322651988008
by_radar,KCRI,max_reflectivity,severe_obs,0.0,49.0,57.69372425079346,percentile,376,87,220,225,0.6256239600665557,0.1879049676025918,0.5465116279069767,0.3083357341315377
by_radar,KCRI,max_reflectivity,severe_obs,0.0,50.0,57.77680206298828,percentile,372,82,225,229,0.6189683860232945,0.18061674008810572,0.5446559297218155,0.31497797356828194
by_radar,KCRI,max_reflectivity,severe_obs,0.0,51.0,57.89618309020996,percentile,365,80,227,236,0.6073211314475874,0.1797752808988764,0.5359765051395007,0.3084039163320301
by_radar,KCRI,max_reflectivity,severe_obs,0.0,52.0,58.029208221435546,percentile,361,75,232,240,0.6006655574043261,0.1720183486238532,0.5340236686390533,0.3149615351452851
by_radar,KCRI,max_reflectivity,severe_obs,0.0,53.0,58.15632335662842,percentile,353,74,233,248,0.5873544093178037,0.17330210772833723,0.522962962962963,0.30414832091772376
by_radar,KCRI,max_reflectivity,severe_obs,0.0,54.0,58.24909439086914,percentile,348,70,237,253,0.5790349417637272,0.1674641148325359,0.518628912071535,0.30635548323620676
by_radar,KCRI,max_reflectivity,severe_obs,0.0,55.0,58.49392147064209,percentile,341,68,239,260,0.56738768718802,0.16625916870415647,0.5097159940209267,0.2999985897682989
by_radar,KCRI,max_reflectivity,severe_obs,0.0,56.0,58.628219757080075,percentile,334,66,241,267,0.5557404326123128,0.165,0.5007496251874063,0.2937202761919889
by_radar,KCRI,max_reflectivity,severe_obs,0.0,57.0,58.75086574554443,percentile,327,64,243,274,0.5440931780366056,0.1636828644501279,0.4917293233082707,0.2875190944251243
by_radar,KCRI,max_reflectivity,severe_obs,0.0,58.0,58.844733810424806,percentile,320,61,246,281,0.5324459234608985,0.16010498687664043,0.48338368580060426,0.2839744151406291
by_radar,KCRI,max_reflectivity,severe_obs,0.0,59.0,58.97626468658447,percentile,314,58,249,287,0.5224625623960066,0.15591397849462366,0.4764795144157815,0.28207361232066736
by_radar,KCRI,max_reflectivity,severe_obs,0.0,60.0,59.089953613281246,percentile,307,56,251,294,0.5108153078202995,0.15426997245179064,0.4672754946727549,0.27605891759646095
by_radar,KCRI,max_reflectivity,severe_obs,0.0,61.0,59.31105968475342,percentile,300,54,253,301,0.49916805324459235,0.15254237288135594,0.4580152671755725,0.27011629592058545
by_radar,KCRI,max_reflectivity,severe_obs,0.0,62.0,59.397670898437504,percentile,293,52,255,308,0.4875207986688852,0.15072463768115943,0.44869831546707506,0.2642444595501015
by_radar,KCRI,max_reflectivity,severe_obs,0.0,63.0,59.54281093597412,percentile,286,50,257,315,0.47587354409317806,0.1488095238095238,0.4393241167434716,0.2584421512382418
by_radar,KCRI,max_reflectivity,severe_obs,0.0,64.0,59.70730010986328,percentile,278,49,258,323,0.46256239600665555,0.14984709480122324,0.4276923076923077,0.24866872789554464
by_radar,KCRI,max_reflectivity,severe_obs,0.0,65.0,59.8848819732666,percentile,273,45,262,328,0.454242928452579,0.14150943396226415,0.42260061919504643,0.2510570170007253
by_radar,KCRI,max_reflectivity,severe_obs,0.0,66.0,60.02227836608887,percentile,264,45,262,337,0.43926788685524126,0.14563106796116504,0.4086687306501548,0.23744784132330246
by_radar,KCRI,max_reflectivity,severe_obs,0.0,67.0,60.17629379272461,percentile,257,43,264,344,0.4276206322795341,0.14333333333333334,0.39906832298136646,0.23193474212472787
by_radar,KCRI,max_reflectivity,severe_obs,0.0,68.0,60.29662719726562,percentile,252,39,268,349,0.4193011647254576,0.13402061855670103,0.39375,0.23437805604210765
by_radar,KCRI,max_reflectivity,severe_obs,0.0,69.0,60.42562999725342,percentile,245,37,270,356,0.40765391014975044,0.13120567375886524,0.384012539184953,0.2289455488331893
by_radar,KCRI,max_reflectivity,severe_obs,0.0,70.0,60.50924835205079,percentile,238,35,272,363,0.39600665557404324,0.1282051282051282,0.3742138364779874,0.2235748078187373
by_radar,KCRI,max_reflectivity,severe_obs,0.0,71.0,60.684121131896966,percentile,232,32,275,369,0.3860232945091514,0.12121212121212122,0.3665086887835703,0.22214436478299138
by_radar,KCRI,max_reflectivity,severe_obs,0.0,72.0,60.86381469726563,percentile,224,30,277,377,0.37271214642262895,0.11811023622047244,0.3549920760697306,0.21543334635438782
by_radar,KCRI,max_reflectivity,severe_obs,0.0,73.0,61.07382167816162,percentile,218,27,280,383,0.3627287853577371,0.11020408163265306,0.3471337579617834,0.21406525107773636
by_radar,KCRI,max_reflectivity,severe_obs,0.0,74.0,61.17915779113769,percentile,211,25,282,390,0.35108153078202997,0.1059322033898305,0.33706070287539935,0.20889982448921324
by_radar,KCRI,max_reflectivity,severe_obs,0.0,75.0,61.33623695373535,percentile,203,24,283,398,0.33777038269550747,0.10572687224669604,0.3248,0.2
by_radar,KCRI,max_reflectivity,severe_obs,0.0,76.0,61.47914489746094,percentile,196,22,285,405,0.3261231281198003,0.10091743119266056,0.3146067415730337,0.194968605694163
by_radar,KCRI,max_reflectivity,severe_obs,0.0,77.0,61.645527305603025,percentile,189,20,287,412,0.3144758735440932,0.09569377990430622,0.30434782608695654,0.18999219430803987
by_radar,KCRI,max_reflectivity,severe_obs,0.0,78.0,61.76742721557617,percentile,181,19,288,420,0.3011647254575707,0.095,0.29193548387096774,0.1813402121139928
by_radar,KCRI,max_reflectivity,severe_obs,0.0,79.0,61.9216548538208,percentile,174,17,290,427,0.2895174708818636,0.08900523560209424,0.2815533980582524,0.1764912553058498
by_radar,KCRI,max_reflectivity,severe_obs,0.0,80.0,62.08487091064453,percentile,167,15,292,434,0.2778702163061564,0.08241758241758242,0.2711038961038961,0.17169443315725316
by_radar,KCRI,max_reflectivity,severe_obs,0.0,81.0,62.384540214538575,percentile,158,15,292,443,0.2628951747088186,0.08670520231213873,0.2564935064935065,0.1596092521713826
by_radar,KCRI,max_reflectivity,severe_obs,0.0,82.0,62.561147689819336,percentile,151,13,294,450,0.2512479201331115,0.07926829268292683,0.24592833876221498,0.1549532454793243
by_radar,KCRI,max_reflectivity,severe_obs,0.0,83.0,62.832784385681144,percentile,143,12,295,458,0.23793677204658903,0.07741935483870968,0.233278955954323,0.14671550652020043
by_radar,KCRI,max_reflectivity,severe_obs,0.0,84.0,63.04586044311523,percentile,135,11,296,466,0.22462562396006655,0.07534246575342465,0.22058823529411764,0.13856447301425662
by_radar,KCRI,max_reflectivity,severe_obs,0.0,85.0,63.18920707702636,percentile,127,10,297,474,0.2113144758735441,0.072992700729927,0.2078559738134206,0.13049878321429279
by_radar,KCRI,max_reflectivity,severe_obs,0.0,86.0,63.273963928222656,percentile,117,10,297,484,0.194675540765391,0.07874015748031496,0.19148936170212766,0.11766626669551704
by_radar,KCRI,max_reflectivity,severe_obs,0.0,87.0,63.65829368591308,percentile,109,9,298,492,0.18136439267886856,0.07627118644067797,0.17868852459016393,0.10979695352004634
by_radar,KCRI,max_reflectivity,severe_obs,0.0,88.0,63.96032180786133,percentile,101,8,299,500,0.16805324459234608,0.07339449541284404,0.16584564860426929,0.10200871390135927
by_radar,KCRI,max_reflectivity,severe_obs,0.0,89.0,64.1606664276123,percentile,93,7,300,508,0.15474209650582363,0.07,0.15296052631578946,0.09430030137049977
by_radar,KCRI,max_reflectivity,severe_obs,0.0,90.0,64.34473724365235,percentile,84,7,300,517,0.13976705490848584,0.07692307692307693,0.13815789473684212,0.08317114811717416
by_radar,KCRI,max_reflectivity,severe_obs,0.0,91.0,64.66894149780273,percentile,76,6,301,525,0.1264559068219634,0.07317073170731707,0.12520593080724876,0.07563650306748466
by_radar,KCRI,max_reflectivity,severe_obs,0.0,92.0,64.95763549804688,percentile,67,6,301,534,0.11148086522462562,0.0821917808219178,0.11037891268533773,0.06471389385898986
by_radar,KCRI,max_reflectivity,severe_obs,0.0,93.0,65.36771415710449,percentile,60,4,303,541,0.09983361064891846,0.0625,0.09917355371900827,0.06079424246335113
by_radar,KCRI,max_reflectivity,severe_obs,0.0,94.0,65.92137466430664,percentile,51,4,303,550,0.08485856905158069,0.07272727272727272,0.08429752066115702,0.0500549535632948
by_radar,KCRI,max_reflectivity,severe_obs,0.0,95.0,66.07596817016602,percentile,44,2,305,557,0.07321131447587355,0.043478260869565216,0.07296849087893864,0.046247162635479455
by_radar,KCRI,max_reflectivity,severe_obs,0.0,96.0,66.42204498291015,percentile,35,2,305,566,0.05823627287853577,0.05405405405405406,0.05804311774461028,0.03568610586541518
by_radar,KCRI,max_reflectivity,severe_obs,0.0,97.0,66.89904380798339,percentile,27,1,306,574,0.04492512479201331,0.03571428571428571,0.044850498338870434,0.02860778899895065
by_radar,KCRI,max_reflectivity,severe_obs,0.0,98.0,67.12794830322265,percentile,18,1,306,583,0.029950083194675542,0.05263157894736842,0.029900332225913623,0.01823662061534246
by_radar,KCRI,max_reflectivity,severe_obs,0.0,99.0,68.24152175903319,percentile,9,1,306,592,0.014975041597337771,0.1,0.014950166112956811,0.007966571352769507
by_radar,KCRI,max_reflectivity,severe_obs,0.0,100.0,71.3469009399414,percentile,0,1,306,601,0.0,1.0,0.0,-0.0022038304847326984
by_radar,KCRI,max_reflectivity,sig_severe_obs,0.0,0.0,40.0,percentile,134,774,0,0,1.0,0.8524229074889867,0.14757709251101322,0.0
by_radar,KCRI,max_reflectivity,sig_severe_obs,0.0,1.0,41.66999671936035,percentile,133,765,9,1,0.9925373134328358,0.8518930957683741,0.14794215795328142,0.0012406805362496984
by_radar,KCRI,max_reflectivity,sig_severe_obs,0.0,2.0,45.70000175476074,percentile,133,756,18,1,0.9925373134328358,0.8503937007874016,0.149438202247191,0.004743481333039882
by_radar,KCRI,max_reflectivity,sig_severe_obs,0.0,3.0,47.0839775466919,percentile,131,749,25,3,0.9776119402985075,0.8511363636363637,0.14835787089467722,0.0030020208155684567
by_radar,KCRI,max_reflectivity,sig_severe_obs,0.0,4.0,47.68115310668945,percentile,128,743,31,6,0.9552238805970149,0.8530424799081515,0.1459521094640821,-0.0014430609384019132
by_radar,KCRI,max_reflectivity,sig_severe_obs,0.0,5.0,48.19565410614014,percentile,125,737,37,9,0.9328358208955224,0.8549883990719258,0.14351320321469574,-0.00596419109173211
by_radar,KCRI,max_reflectivity,sig_severe_obs,0.0,6.0,49.05566665649414,percentile,125,728,46,9,0.9328358208955224,0.8534583821805393,0.14501160092807425,-0.0024026651008400342
by_radar,KCRI,max_reflectivity,sig_severe_obs,0.0,7.0,49.75434951782226,percentile,125,719,55,9,0.9328358208955224,0.8518957345971564,0.14654161781946073,0.0012208536305285934
by_radar,KCRI,max_reflectivity,sig_severe_obs,0.0,8.0,50.006842041015624,percentile,125,710,64,9,0.9328358208955224,0.8502994011976048,0.1481042654028436,0.00490799790266922
by_radar,KCRI,max_reflectivity,sig_severe_obs,0.0,9.0,50.320461692810056,percentile,125,701,73,9,0.9328358208955224,0.8486682808716707,0.1497005988023952,0.008660458364600377
by_radar,KCRI,max_reflectivity,sig_severe_obs,0.0,10.0,50.82655982971191,percentile,124,693,81,10,0.9253731343283582,0.8482252141982864,0.14993954050785974,0.00966252528888282
by_radar,KCRI,max_reflectivity,sig_severe_obs,0.0,11.0,51.18873348236084,percentile,124,684,90,10,0.9253731343283582,0.8465346534653465,0.15158924205378974,0.013525529436811982
by_radar,KCRI,max_reflectivity,sig_severe_obs,0.0,12.0,51.797701110839846,percentile,123,676,98,11,0.917910447761194,0.8460575719649562,0.15185185185185185,0.014590099710599148
by_radar,KCRI,max_reflectivity,sig_severe_obs,0.0,13.0,52.10762321472168,percentile,123,667,107,11,0.917910447761194,0.8443037974683544,0.15355805243445692,0.018569296891938425
by_radar,KCRI,max_reflectivity,sig_severe_obs,0.0,14.0,52.32553329467773,percentile,122,659,115,12,0.9104477611940298,0.8437900128040973,0.15384615384615385,0.019700343677998174
by_radar,KCRI,max_reflectivity,sig_severe_obs,0.0,15.0,52.47674102783204,percentile,121,650,124,13,0.9029850746268657,0.8430609597924773,0.15433673469387754,0.021309940303554476
by_radar,KCRI,max_reflectivity,sig_severe_obs,0.0,16.0,52.64707321166992,percentile,121,641,133,13,0.9029850746268657,0.8412073490813649,0.15612903225806452,0.025469679265843058
by_radar,KCRI,max_reflectivity,sig_severe_obs,0.0,17.0,52.748037376403815,percentile,120,633,141,14,0.8955223880597015,0.8406374501992032,0.15645371577574968,0.026700155071637796
by_radar,KCRI,max_reflectivity,sig_severe_obs,0.0,18.0,52.898789138793944,percentile,119,625,149,15,0.8880597014925373,0.8400537634408602,0.15678524374176547,0.02795434168796585
by_radar,KCRI,max_reflectivity,sig_severe_obs,0.0,19.0,53.0687837600708,percentile,118,617,157,16,0.8805970149253731,0.8394557823129252,0.15712383488681758,0.029232931129997704
by_radar,KCRI,max_reflectivity,sig_severe_obs,0.0,20.0,53.37137680053711,percentile,117,609,165,17,0.8731343283582089,0.8388429752066116,0.15746971736204576,0.030536642606666758
by_radar,KCRI,max_reflectivity,sig_severe_obs,0.0,21.0,53.50653961181641,percentile,117,600,174,17,0.8731343283582089,0.8368200836820083,0.15940054495912806,0.03499428130468933
by_radar,KCRI,max_reflectivity,sig_severe_obs,0.0,22.0,53.77741050720215,percentile,115,593,181,19,0.8582089552238806,0.8375706214689266,0.15818431911966988,0.03322245264373895
by_radar,KCRI,max_reflectivity,sig_severe_obs,0.0,23.0,53.98703006744385,percentile,113,586,188,21,0.8432835820895522,0.8383404864091559,0.15694444444444444,0.03141475347607867
by_radar,KCRI,max_reflectivity,sig_severe_obs,0.0,24.0,54.099185638427734,percentile,113,577,197,21,0.8432835820895522,0.836231884057971,0.1589310829817159,0.03601812268317971
by_radar,KCRI,max_reflectivity,sig_severe_obs,0.0,25.0,54.241719245910645,percentile,113,568,206,21,0.8432835820895522,0.8340675477239354,0.16096866096866097,0.04071661237785016
by_radar,KCRI,max_reflectivity,sig_severe_obs,0.0,26.0,54.36127937316895,percentile,113,559,215,21,0.8432835820895522,0.8318452380952381,0.16305916305916307,0.04551320158332004
by_radar,KCRI,max_reflectivity,sig_severe_obs,0.0,27.0,54.46059871673584,percentile,112,551,223,22,0.835820895522388,0.8310708898944194,0.1635036496350365,0.047084938973464815
by_radar,KCRI,max_reflectivity,sig_severe_obs,0.0,28.0,54.690570678710934,percentile,112,542,232,22,0.835820895522388,0.8287461773700305,0.16568047337278108,0.05205171111670542
by_radar,KCRI,max_reflectivity,sig_severe_obs,0.0,29.0,54.82160800933838,percentile,111,533,241,23,0.8283582089552238,0.827639751552795,0.1664167916041979,0.0542942348903775
by_radar,KCRI,max_reflectivity,sig_severe_obs,0.0,30.0,54.949636459350586,percentile,108,527,247,26,0.8059701492537313,0.8299212598425196,0.16338880484114976,0.04913723886136739
by_radar,KCRI,max_reflectivity,sig_severe_obs,0.0,31.0,55.020340347290045,percentile,107,519,255,27,0.7985074626865671,0.829073482428115,0.1638591117917305,0.0508201994210357
by_radar,KCRI,max_reflectivity,sig_severe_obs,0.0,32.0,55.124250946044924,percentile,105,512,262,29,0.7835820895522388,0.8298217179902755,0.16253869969040247,0.04902507395189642
by_radar,KCRI,max_reflectivity,sig_severe_obs,0.0,33.0,55.33318286895752,percentile,103,505,269,31,0.7686567164179104,0.8305921052631579,0.16118935837245696,0.047189462638412505
by_radar,KCRI,max_reflectivity,sig_severe_obs,0.0,34.0,55.47522552490234,percentile,103,496,278,31,0.7686567164179104,0.8280467445742905,0.1634920634920635,0.05250360373204074
by_radar,KCRI,max_reflectivity,sig_severe_obs,0.0,35.0,55.57483348846436,percentile,103,487,287,31,0.7686567164179104,0.8254237288135593,0.16586151368760063,0.05794036116585749
by_radar,KCRI,max_reflectivity,sig_severe_obs,0.0,36.0,55.74501022338867,percentile,102,479,295,32,0.7611940298507462,0.8244406196213425,0.16639477977161501,0.05982427985540372
by_radar,KCRI,max_reflectivity,sig_severe_obs,0.0,37.0,55.985681037902836,percentile,101,471,303,33,0.753731343283582,0.8234265734265734,0.1669421487603306,0.061752693992028734
by_radar,KCRI,max_reflectivity,sig_severe_obs,0.0,38.0,56.09790824890137,percentile,101,462,312,33,0.753731343283582,0.8206039076376554,0.16946308724832215,0.06749489618084947
by_radar,KCRI,max_reflectivity,sig_severe_obs,0.0,39.0,56.277694129943846,percentile,99,455,319,35,0.7388059701492538,0.8212996389891697,0.16808149405772496,0.06574946664650842
by_radar,KCRI,max_reflectivity,sig_severe_obs,0.0,40.0,56.452694702148435,percentile,99,446,328,35,0.7388059701492538,0.818348623853211,0.1706896551724138,0.07168120525769865
by_radar,KCRI,max_reflectivity,sig_severe_obs,0.0,41.0,56.55138637542725,percentile,99,437,337,35,0.7388059701492538,0.8152985074626866,0.1733800350262697,0.07775998898242352
by_radar,KCRI,max_reflectivity,sig_severe_obs,0.0,42.0,56.64041931152344,percentile,98,429,345,36,0.7313432835820896,0.8140417457305503,0.17406749555950266,0.08003451341316739
by_radar,KCRI,max_reflectivity,sig_severe_obs,0.0,43.0,56.76266288757324,percentile,98,419,355,36,0.7313432835820896,0.8104448742746615,0.17721518987341772,0.08708833460022274
by_radar,KCRI,max_reflectivity,sig_severe_obs,0.0,44.0,57.002786560058595,percentile,96,412,362,38,0.7164179104477612,0.8110236220472441,0.17582417582417584,0.08548049204103923
by_radar,KCRI,max_reflectivity,sig_severe_obs,0.0,45.0,57.17241992950439,percentile,94,405,369,40,0.7014925373134329,0.811623246492986,0.17439703153988867,0.08383065174409113
by_radar,KCRI,max_reflectivity,sig_severe_obs,0.0,46.0,57.296387176513676,percentile,93,397,377,41,0.6940298507462687,0.810204081632653,0.1751412429378531,0.08630925030785348
by_radar,KCRI,max_reflectivity,sig_severe_obs,0.0,47.0,57.417569122314454,percentile,91,390,384,43,0.6791044776119403,0.8108108108108109,0.1736641221374046,0.08462627353834119
by_radar,KCRI,max_reflectivity,sig_severe_obs,0.0,48.0,57.55636535644531,percentile,88,384,390,46,0.6567164179104478,0.8135593220338984,0.16988416988416988,0.07861201835035588
by_radar,KCRI,max_reflectivity,sig_severe_obs,0.0,49.0,57.69372425079346,percentile,86,377,397,48,0.6417910447761194,0.8142548596112311,0.16829745596868884,0.07677658902562728
by_radar,KCRI,max_reflectivity,sig_severe_obs,0.0,50.0,57.77680206298828,percentile,85,369,405,49,0.6343283582089553,0.8127753303964758,0.16898608349900596,0.07929515418502203
by_radar,KCRI,max_reflectivity,sig_severe_obs,0.0,51.0,57.89618309020996,percentile,82,363,411,52,0.6119402985074627,0.8157303370786517,0.16498993963782696,0.07294967427030644
by_radar,KCRI,max_reflectivity,sig_severe_obs,0.0,52.0,58.029208221435546,percentile,80,356,418,54,0.5970149253731343,0.8165137614678899,0.16326530612244897,0.07095370240971072
by_radar,KCRI,max_reflectivity,sig_severe_obs,0.0,53.0,58.15632335662842,percentile,78,349,425,56,0.582089552238806,0.8173302107728337,0.16149068322981366,0.0688995118394134
by_radar,KCRI,max_reflectivity,sig_severe_obs,0.0,54.0,58.24909439086914,percentile,76,342,432,58,0.5671641791044776,0.8181818181818182,0.15966386554621848,0.06678451766737241
by_radar,KCRI,max_reflectivity,sig_severe_obs,0.0,55.0,58.49392147064209,percentile,74,335,439,60,0.5522388059701493,0.8190709046454768,0.15778251599147122,0.06460597967827411
by_radar,KCRI,max_reflectivity,sig_severe_obs,0.0,56.0,58.628219757080075,percentile,73,327,447,61,0.5447761194029851,0.8175,0.15835140997830802,0.06716939566608061
by_radar,KCRI,max_reflectivity,sig_severe_obs,0.0,57.0,58.75086574554443,percentile,73,318,456,61,0.5447761194029851,0.8132992327365729,0.16150442477876106,0.07469508916087676
by_radar,KCRI,max_reflectivity,sig_severe_obs,0.0,58.0,58.844733810424806,percentile,70,311,463,64,0.5223880597014925,0.8162729658792651,0.15730337078651685,0.06843003786469391
by_radar,KCRI,max_reflectivity,sig_severe_obs,0.0,59.0,58.97626468658447,percentile,69,303,471,65,0.5149253731343284,0.8145161290322581,0.15789473684210525,0.07118237007716427
by_radar,KCRI,max_reflectivity,sig_severe_obs,0.0,60.0,59.089953613281246,percentile,67,296,478,67,0.5,0.8154269972451791,0.1558139534883721,0.06889421229858302
by_radar,KCRI,max_reflectivity,sig_severe_obs,0.0,61.0,59.31105968475342,percentile,67,287,487,67,0.5,0.8107344632768362,0.15914489311163896,0.07696018746123275
by_radar,KCRI,max_reflectivity,sig_severe_obs,0.0,62.0,59.397670898437504,percentile,64,281,493,70,0.47761194029850745,0.8144927536231884,0.15421686746987953,0.06938961433343456
by_radar,KCRI,max_reflectivity,sig_severe_obs,0.0,63.0,59.54281093597412,percentile,63,273,501,71,0.4701492537313433,0.8125,0.1547911547911548,0.07234669391052294
by_radar,KCRI,max_reflectivity,sig_severe_obs,0.0,64.0,59.70730010986328,percentile,62,265,509,72,0.4626865671641791,0.8103975535168195,0.15538847117794485,0.07540670550412144
by_radar,KCRI,max_reflectivity,sig_severe_obs,0.0,65.0,59.8848819732666,percentile,61,257,517,73,0.4552238805970149,0.8081761006289309,0.15601023017902813,0.078575118699107
by_radar,KCRI,max_reflectivity,sig_severe_obs,0.0,66.0,60.02227836608887,percentile,58,251,523,76,0.43283582089552236,0.8122977346278317,0.15064935064935064,0.07048761551754364
by_radar,KCRI,max_reflectivity,sig_severe_obs,0.0,67.0,60.17629379272461,percentile,55,245,529,79,0.41044776119402987,0.8166666666666667,0.14511873350923482,0.06210308857660231
by_radar,KCRI,max_reflectivity,sig_severe_obs,0.0,68.0,60.29662719726562,percentile,54,237,537,80,0.40298507462686567,0.8144329896907216,0.14555256064690028,0.06520044688092702
by_radar,KCRI,max_reflectivity,sig_severe_obs,0.0,69.0,60.42562999725342,percentile,53,229,545,81,0.39552238805970147,0.8120567375886525,0.14600550964187328,0.06841589663480632
by_radar,KCRI,max_reflectivity,sig_severe_obs,0.0,70.0,60.50924835205079,percentile,53,220,554,81,0.39552238805970147,0.8058608058608059,0.1497175141242938,0.07788334367999136
by_radar,KCRI,max_reflectivity,sig_severe_obs,0.0,71.0,60.684121131896966,percentile,51,213,561,83,0.3805970149253731,0.8068181818181818,0.14697406340057637,0.07522915577087176
by_radar,KCRI,max_reflectivity,sig_severe_obs,0.0,72.0,60.86381469726563,percentile,51,203,571,83,0.3805970149253731,0.7992125984251969,0.1513353115727003,0.08635199414562751
by_radar,KCRI,max_reflectivity,sig_severe_obs,0.0,73.0,61.07382167816162,percentile,51,194,580,83,0.3805970149253731,0.7918367346938775,0.15548780487804878,0.09679967824413227
by_radar,KCRI,max_reflectivity,sig_severe_obs,0.0,74.0,61.17915779113769,percentile,49,187,587,85,0.3656716417910448,0.7923728813559322,0.1526479750778816,0.09437061808794626
by_radar,KCRI,max_reflectivity,sig_severe_obs,0.0,75.0,61.33623695373535,percentile,49,178,596,85,0.3656716417910448,0.7841409691629956,0.15705128205128205,0.1054421768707483
by_radar,KCRI,max_reflectivity,sig_severe_obs,0.0,76.0,61.47914489746094,percentile,47,171,603,87,0.35074626865671643,0.7844036697247706,0.1540983606557377,0.10309657263622163
by_radar,KCRI,max_reflectivity,sig_severe_obs,0.0,77.0,61.645527305603025,percentile,45,164,610,89,0.3358208955223881,0.784688995215311,0.15100671140939598,0.10064518149644523
by_radar,KCRI,max_reflectivity,sig_severe_obs,0.0,78.0,61.76742721557617,percentile,45,155,619,89,0.3358208955223881,0.775,0.15570934256055363,0.11262776763113204
by_radar,KCRI,max_reflectivity,sig_severe_obs,0.0,79.0,61.9216548538208,percentile,45,146,628,89,0.3358208955223881,0.7643979057591623,0.16071428571428573,0.12517629308931089
by_radar,KCRI,max_reflectivity,sig_severe_obs,0.0,80.0,62.08487091064453,percentile,42,140,634,92,0.31343283582089554,0.7692307692307693,0.15328467153284672,0.11545567536699251
by_radar,KCRI,max_reflectivity,sig_severe_obs,0.0,81.0,62.384540214538575,percentile,40,133,641,94,0.29850746268656714,0.7687861271676301,0.149812734082397,0.11306757547592
by_radar,KCRI,max_reflectivity,sig_severe_obs,0.0,82.0,62.561147689819336,percentile,38,126,648,96,0.2835820895522388,0.7682926829268293,0.14615384615384616,0.11055808535423065
by_radar,KCRI,max_reflectivity,sig_severe_obs,0.0,83.0,62.832784385681144,percentile,37,118,656,97,0.27611940298507465,0.7612903225806451,0.14682539682539683,0.1161396646021225
by_radar,KCRI,max_reflectivity,sig_severe_obs,0.0,84.0,63.04586044311523,percentile,34,112,662,100,0.2537313432835821,0.7671232876712328,0.13821138211382114,0.10513592919037525
by_radar,KCRI,max_reflectivity,sig_severe_obs,0.0,85.0,63.18920707702636,percentile,33,104,670,101,0.2462686567164179,0.7591240875912408,0.13865546218487396,0.11087546333447973
by_radar,KCRI,max_reflectivity,sig_severe_obs,0.0,86.0,63.273963928222656,percentile,30,97,677,104,0.22388059701492538,0.7637795275590551,0.12987012987012986,0.1007331782884623
by_radar,KCRI,max_reflectivity,sig_severe_obs,0.0,87.0,63.65829368591308,percentile,27,91,683,107,0.20149253731343283,0.7711864406779662,0.12,0.08827944338512718
by_radar,KCRI,max_reflectivity,sig_severe_obs,0.0,88.0,63.96032180786133,percentile,27,82,692,107,0.20149253731343283,0.7522935779816514,0.125,0.10353545906640478
by_radar,KCRI,max_reflectivity,sig_severe_obs,0.0,89.0,64.1606664276123,percentile,25,75,699,109,0.1865671641791045,0.75,0.11961722488038277,0.10017665560773838
by_radar,KCRI,max_reflectivity,sig_severe_obs,0.0,90.0,64.34473724365235,percentile,24,67,707,110,0.1791044776119403,0.7362637362637363,0.11940298507462686,0.10669660723020143
by_radar,KCRI,max_reflectivity,sig_severe_obs,0.0,91.0,64.66894149780273,percentile,20,62,712,114,0.14925373134328357,0.7560975609756098,0.10204081632653061,0.08236483072258717
by_radar,KCRI,max_reflectivity,sig_severe_obs,0.0,92.0,64.95763549804688,percentile,18,55,719,116,0.13432835820895522,0.7534246575342466,0.09523809523809523,0.07793719416599364
by_radar,KCRI,max_reflectivity,sig_severe_obs,0.0,93.0,65.36771415710449,percentile,17,47,727,117,0.12686567164179105,0.734375,0.09392265193370165,0.08436224113335629
by_radar,KCRI,max_reflectivity,sig_severe_obs,0.0,94.0,65.92137466430664,percentile,15,40,734,119,0.11194029850746269,0.7272727272727273,0.08620689655172414,0.07968279871487582
by_radar,KCRI,max_reflectivity,sig_severe_obs,0.0,95.0,66.07596817016602,percentile,15,31,743,119,0.11194029850746269,0.6739130434782609,0.09090909090909091,0.09868177246016199
by_radar,KCRI,max_reflectivity,sig_severe_obs,0.0,96.0,66.42204498291015,percentile,11,26,748,123,0.08208955223880597,0.7027027027027027,0.06875,0.06921129396224338
by_radar,KCRI,max_reflectivity,sig_severe_obs,0.0,97.0,66.89904380798339,percentile,7,21,753,127,0.05223880597014925,0.75,0.04516129032258064,0.037308728293885034
by_radar,KCRI,max_reflectivity,sig_severe_obs,0.0,98.0,67.12794830322265,percentile,3,16,758,131,0.022388059701492536,0.8421052631578947,0.02,0.002660051407735071
by_radar,KCRI,max_reflectivity,sig_severe_obs,0.0,99.0,68.24152175903319,percentile,2,8,766,132,0.014925373134328358,0.8,0.014084507042253521,0.007433318758198513
by_radar,KCRI,max_reflectivity,sig_severe_obs,0.0,100.0,71.3469009399414,percentile,0,1,773,134,0.0,1.0,0.0,-0.0021911177971090327
by_radar,KCRI,max_hdr_size,severe_obs,0.0,0.0,0.0,percentile,601,307,0,0,1.0,0.3381057268722467,0.6618942731277533,0.0
by_radar,KCRI,max_hdr_size,severe_obs,0.0,1.0,1.8676865887641911,percentile,593,305,2,8,0.9866888519134775,0.33964365256124723,0.6545253863134658,-0.008903214813131886
by_radar,KCRI,max_hdr_size,severe_obs,0.0,2.0,10.104647350311279,percentile,585,304,3,16,0.9733777038269551,0.34195725534308213,0.6464088397790055,-0.02186803215845707
by_radar,KCRI,max_hdr_size,severe_obs,0.0,3.0,10.998600912094116,percentile,581,299,8,20,0.9667221297836939,0.3397727272727273,0.6455555555555555,-0.009282618088561194
by_radar,KCRI,max_hdr_size,severe_obs,0.0,4.0,11.6048770904541,percentile,579,292,15,22,0.9633943427620633,0.33524684270952926,0.6483762597984323,0.015612807888576618
by_radar,KCRI,max_hdr_size,severe_obs,0.0,5.0,11.932979345321655,percentile,574,288,19,27,0.9550748752079867,0.33410672853828305,0.6456692913385826,0.021417818530176543
by_radar,KCRI,max_hdr_size,severe_obs,0.0,6.0,12.180780963897705,percentile,573,280,27,28,0.9534109816971714,0.32825322391559203,0.6503972758229285,0.05174857421861755
by_radar,KCRI,max_hdr_size,severe_obs,0.0,7.0,12.391637229919432,percentile,570,274,33,31,0.9484193011647255,0.3246445497630332,0.6514285714285715,0.0693344803946608
by_radar,KCRI,max_hdr_size,severe_obs,0.0,8.0,12.622077026367187,percentile,568,267,40,33,0.9450915141430949,0.3197604790419162,0.6543778801843319,0.09265933421713554
by_radar,KCRI,max_hdr_size,severe_obs,0.0,9.0,12.877323865890503,percentile,566,260,47,35,0.9417637271214643,0.31476997578692495,0.6573751451800233,0.11557662845369539
by_radar,KCRI,max_hdr_size,severe_obs,0.0,10.0,13.111347961425782,percentile,564,253,54,37,0.9384359400998337,0.30966952264381886,0.6604215456674473,0.1380969526365749
by_radar,KCRI,max_hdr_size,severe_obs,0.0,11.0,13.423262014389037,percentile,563,245,62,38,0.9367720465890182,0.3032178217821782,0.66548463356974,0.16612365165695298
by_radar,KCRI,max_hdr_size,severe_obs,0.0,12.0,13.850405197143553,percentile,561,238,69,40,0.9334442595673876,0.2978723404255319,0.6686531585220501,0.18783019414289484
by_radar,KCRI,max_hdr_size,severe_obs,0.0,13.0,14.154888792037964,percentile,558,232,75,43,0.9284525790349417,0.2936708860759494,0.6698679471788715,0.20337663663510375
by_radar,KCRI,max_hdr_size,severe_obs,0.0,14.0,14.518380718231203,percentile,555,226,81,46,0.9234608985024958,0.2893725992317542,0.6711003627569528,0.21866280283713072
by_radar,KCRI,max_hdr_size,severe_obs,0.0,15.0,14.78419361114502,percentile,552,219,88,49,0.9184692179700499,0.2840466926070039,0.6731707317073171,0.2372474407116483
by_radar,KCRI,max_hdr_size,severe_obs,0.0,16.0,15.143006591796873,percentile,551,211,96,50,0.9168053244592346,0.2769028871391076,0.6785714285714286,0.2632802785376772
by_radar,KCRI,max_hdr_size,severe_obs,0.0,17.0,15.426354284286498,percentile,548,205,102,53,0.9118136439267887,0.27224435590969454,0.6799007444168734,0.277689731936385
by_radar,KCRI,max_hdr_size,severe_obs,0.0,18.0,15.69136848449707,percentile,542,202,105,59,0.9018302828618968,0.271505376344086,0.6749688667496887,0.2752039930024589
by_radar,KCRI,max_hdr_size,severe_obs,0.0,19.0,15.952734088897706,percentile,537,198,109,64,0.8935108153078203,0.2693877551020408,0.672090112640801,0.27826757033899846
by_radar,KCRI,max_hdr_size,severe_obs,0.0,20.0,16.125605010986327,percentile,533,193,114,68,0.8868552412645591,0.26584022038567495,0.6712846347607053,0.28674788722220884
by_radar,KCRI,max_hdr_size,severe_obs,0.0,21.0,16.340384311676026,percentile,526,191,116,75,0.8752079866888519,0.26638772663877264,0.6641414141414141,0.27882714759189037
by_radar,KCRI,max_hdr_size,severe_obs,0.0,22.0,16.67212387084961,percentile,522,186,121,79,0.8685524126455907,0.2627118644067797,0.6632782719186785,0.287170128808257
by_radar,KCRI,max_hdr_size,severe_obs,0.0,23.0,16.90729257583618,percentile,519,180,127,82,0.8635607321131448,0.2575107296137339,0.6645326504481434,0.30072133614734775
by_radar,KCRI,max_hdr_size,severe_obs,0.0,24.0,17.150572738647462,percentile,514,176,131,87,0.8552412645590682,0.25507246376811593,0.6615186615186616,0.3034697591935785
by_radar,KCRI,max_hdr_size,severe_obs,0.0,25.0,17.34764289855957,percentile,510,171,136,91,0.848585690515807,0.2511013215859031,0.6606217616580311,0.3114323258869908
by_radar,KCRI,max_hdr_size,severe_obs,0.0,26.0,17.52505443572998,percentile,504,168,139,97,0.8386023294509152,0.25,0.6553966189856957,0.30884127075314527
by_radar,KCRI,max_hdr_size,severe_obs,0.0,27.0,17.734924278259278,percentile,503,160,147,98,0.8369384359400999,0.24132730015082957,0.6609724047306176,0.3321740320309248
by_radar,KCRI,max_hdr_size,severe_obs,0.0,28.0,17.905643692016604,percentile,499,155,152,102,0.8302828618968386,0.23700305810397554,0.66005291005291,0.3397428642567736
by_radar,KCRI,max_hdr_size,severe_obs,0.0,29.0,18.119116954803467,percentile,497,147,160,104,0.826955074875208,0.22826086956521738,0.6644385026737968,0.36047725410526077
by_radar,KCRI,max_hdr_size,severe_obs,0.0,30.0,18.321905899047852,percentile,493,142,165,108,0.8202995008319468,0.22362204724409449,0.6635262449528937,0.36771972435922434
by_radar,KCRI,max_hdr_size,severe_obs,0.0,31.0,18.442447566986086,percentile,488,138,169,113,0.8119800332778702,0.22044728434504793,0.6603518267929634,0.36983498495841444
by_radar,KCRI,max_hdr_size,severe_obs,0.0,32.0,18.661542892456055,percentile,483,134,173,118,0.8036605657237936,0.2171799027552674,0.6571428571428571,0.3719195190908841
by_radar,KCRI,max_hdr_size,severe_obs,0.0,33.0,18.98942022323608,percentile,481,127,180,120,0.800332778702163,0.20888157894736842,0.6607142857142857,0.3888204580385659
by_radar,KCRI,max_hdr_size,severe_obs,0.0,34.0,19.112267303466798,percentile,474,125,182,127,0.7886855241264559,0.20868113522537562,0.6528925619834711,0.3809124409499949
by_radar,KCRI,max_hdr_size,severe_obs,0.0,35.0,19.30440263748169,percentile,465,125,182,136,0.7737104825291181,0.211864406779661,0.640495867768595,0.36335991059723627
by_radar,KCRI,max_hdr_size,severe_obs,0.0,36.0,19.49097961425781,percentile,461,120,187,140,0.7670549084858569,0.20654044750430292,0.6393897364771152,0.3702753311602746
by_radar,KCRI,max_hdr_size,severe_obs,0.0,37.0,19.690260505676267,percentile,455,117,190,146,0.757071547420965,0.20454545454545456,0.6337047353760445,0.36747364517667
by_radar,KCRI,max_hdr_size,severe_obs,0.0,38.0,19.93092720031738,percentile,449,114,193,152,0.7470881863560732,0.2024866785079929,0.627972027972028,0.36471095726828445
by_radar,KCRI,max_hdr_size,severe_obs,0.0,39.0,20.115562553405763,percentile,443,111,196,158,0.7371048252911814,0.2003610108303249,0.6221910112359551,0.3619864588122205
by_radar,KCRI,max_hdr_size,severe_obs,0.0,40.0,20.32191162109375,percentile,438,107,200,163,0.7287853577371048,0.1963302752293578,0.6186440677966102,0.36401039748053066
by_radar,KCRI,max_hdr_size,severe_obs,0.0,41.0,20.51588788986206,percentile,431,105,202,170,0.7171381031613977,0.1958955223880597,0.6104815864022662,0.35664890601972565
by_radar,KCRI,max_hdr_size,severe_obs,0.0,42.0,20.669739570617676,percentile,425,102,205,176,0.7071547420965059,0.1935483870967742,0.604551920341394,0.35403434245208176
by_radar,KCRI,max_hdr_size,severe_obs,0.0,43.0,20.835203342437744,percentile,417,100,207,184,0.6938435940099834,0.19342359767891681,0.5948644793152639,0.3450204465215514
by_radar,KCRI,max_hdr_size,severe_obs,0.0,44.0,21.042887420654296,percentile,409,99,208,192,0.6805324459234608,0.19488188976377951,0.5842857142857143,0.3333568811876192
by_radar,KCRI,max_hdr_size,severe_obs,0.0,45.0,21.234675788879397,percentile,403,96,211,198,0.670549084858569,0.19238476953907815,0.5781922525107605,0.33095072205151854
by_radar,KCRI,max_hdr_size,severe_obs,0.0,46.0,21.44988265991211,percentile,395,95,212,206,0.6572379367720466,0.19387755102040816,0.5675287356321839,0.319533521889814
by_radar,KCRI,max_hdr_size,severe_obs,0.0,47.0,21.72440097808838,percentile,389,92,215,212,0.6472545757071547,0.19126819126819128,0.5613275613275613,0.31724932845899273
by_radar,KCRI,max_hdr_size,severe_obs,0.0,48.0,21.922401428222656,percentile,384,88,219,217,0.6389351081530782,0.1864406779661017,0.5573294629898403,0.3194574138693665
by_radar,KCRI,max_hdr_size,severe_obs,0.0,49.0,22.255426959991457,percentile,378,85,222,223,0.6289517470881864,0.183585313174946,0.5510204081632653,0.3172032247195949
by_radar,KCRI,max_hdr_size,severe_obs,0.0,50.0,22.457475662231445,percentile,371,83,224,230,0.6173044925124792,0.1828193832599119,0.5423976608187134,0.31057268722466963
by_radar,KCRI,max_hdr_size,severe_obs,0.0,51.0,22.60342264175415,percentile,365,80,227,236,0.6073211314475874,0.1797752808988764,0.5359765051395007,0.3084039163320301
by_radar,KCRI,max_hdr_size,severe_obs,0.0,52.0,22.850262451171872,percentile,361,75,232,240,0.6006655574043261,0.1720183486238532,0.5340236686390533,0.3149615351452851
by_radar,KCRI,max_hdr_size,severe_obs,0.0,53.0,23.094251480102542,percentile,354,73,234,247,0.589018302828619,0.17096018735362997,0.5252225519287834,0.30847038103624724
by_radar,KCRI,max_hdr_size,severe_obs,0.0,54.0,23.284495162963868,percentile,347,71,236,254,0.5773710482529119,0.16985645933014354,0.5163690476190477,0.3020604707485053
by_radar,KCRI,max_hdr_size,severe_obs,0.0,55.0,23.450279140472414,percentile,340,69,238,261,0.5657237936772047,0.1687041564792176,0.5074626865671642,0.2957302884863983
by_radar,KCRI,max_hdr_size,severe_obs,0.0,56.0,23.887294998168954,percentile,331,69,238,270,0.5507487520798668,0.1725,0.49402985074626865,0.2809945154026554
by_radar,KCRI,max_hdr_size,severe_obs,0.0,57.0,24.072214221954347,percentile,322,69,238,279,0.5357737104825291,0.17647058823529413,0.48059701492537316,0.26643977769213983
by_radar,KCRI,max_hdr_size,severe_obs,0.0,58.0,24.29521263122558,percentile,315,66,241,286,0.5241264559068219,0.1732283464566929,0.47226386806596704,0.263037994530706
by_radar,KCRI,max_hdr_size,severe_obs,0.0,59.0,24.54914197921753,percentile,309,63,244,292,0.5141430948419301,0.1693548387096774,0.46536144578313254,0.26126415180822293
by_radar,KCRI,max_hdr_size,severe_obs,0.0,60.0,24.6714485168457,percentile,305,58,249,296,0.5074875207986689,0.15977961432506887,0.4628224582701062,0.26778530522613475
by_radar,KCRI,max_hdr_size,severe_obs,0.0,61.0,24.778961181640625,percentile,297,57,250,304,0.49417637271214643,0.16101694915254236,0.4513677811550152,0.25778023331642635
by_radar,KCRI,max_hdr_size,severe_obs,0.0,62.0,24.966838569641116,percentile,291,54,253,310,0.4841930116472546,0.1565217391304348,0.4442748091603053,0.2560693979895471
by_radar,KCRI,max_hdr_size,severe_obs,0.0,63.0,25.260355281829835,percentile,284,52,255,317,0.47254575707154745,0.15476190476190477,0.4349157733537519,0.2503154898819486
by_radar,KCRI,max_hdr_size,severe_obs,0.0,64.0,25.49862174987793,percentile,277,50,257,324,0.46089850249584025,0.1529051987767584,0.4254992319508449,0.24462931245412284
by_radar,KCRI,max_hdr_size,severe_obs,0.0,65.0,25.690649318695073,percentile,269,49,258,332,0.4475873544093178,0.1540880503144654,0.41384615384615386,0.2349938967219205
by_radar,KCRI,max_hdr_size,severe_obs,0.0,66.0,26.04610824584961,percentile,262,47,260,339,0.43594009983361065,0.15210355987055016,0.404320987654321,0.22946300196543126
by_radar,KCRI,max_hdr_size,severe_obs,0.0,67.0,26.292893505096437,percentile,256,44,263,345,0.4259567387687188,0.14666666666666667,0.39689922480620154,0.22796541262666445
by_radar,KCRI,max_hdr_size,severe_obs,0.0,68.0,26.616713943481447,percentile,248,43,264,353,0.41264559068219636,0.14776632302405499,0.38509316770186336,0.21859203657905832
by_radar,KCRI,max_hdr_size,severe_obs,0.0,69.0,27.18807312011719,percentile,241,41,266,360,0.40099833610648916,0.1453900709219858,0.37538940809968846,0.21324978392394123
by_radar,KCRI,max_hdr_size,severe_obs,0.0,70.0,27.37407665252686,percentile,233,40,267,368,0.3876871880199667,0.14652014652014653,0.36349453978159124,0.20406663716091664
by_radar,KCRI,max_hdr_size,severe_obs,0.0,71.0,27.654310359954827,percentile,224,40,267,377,0.37271214642262895,0.15151515151515152,0.3494539781591264,0.19110773095887132
by_radar,KCRI,max_hdr_size,severe_obs,0.0,72.0,27.949526748657224,percentile,215,39,268,386,0.3577371048252912,0.15354330708661418,0.3359375,0.18073506683197746
by_radar,KCRI,max_hdr_size,severe_obs,0.0,73.0,28.35127489089966,percentile,208,37,270,393,0.34608985024958405,0.1510204081632653,0.32601880877742945,0.17572697064250398
by_radar,KCRI,max_hdr_size,severe_obs,0.0,74.0,28.545360984802244,percentile,202,34,273,399,0.33610648918469216,0.1440677966101695,0.31811023622047246,0.1745870457923598
by_radar,KCRI,max_hdr_size,severe_obs,0.0,75.0,28.745169639587402,percentile,194,33,274,407,0.3227953410981697,0.14537444933920704,0.305993690851735,0.16587677725118483
by_radar,KCRI,max_hdr_size,severe_obs,0.0,76.0,29.053388519287115,percentile,188,30,277,413,0.31281198003327787,0.13761467889908258,0.2979397781299525,0.16480349490050164
by_radar,KCRI,max_hdr_size,severe_obs,0.0,77.0,29.429374294281008,percentile,180,29,278,421,0.2995008319467554,0.13875598086124402,0.2857142857142857,0.15624186907087487
by_radar,KCRI,max_hdr_size,severe_obs,0.0,78.0,29.559145469665527,percentile,174,26,281,427,0.2895174708818636,0.13,0.27751196172248804,0.15523261067799254
by_radar,KCRI,max_hdr_size,severe_obs,0.0,79.0,29.793795471191412,percentile,165,26,281,436,0.27454242928452577,0.13612565445026178,0.2631578947368421,0.14310576565608696
by_radar,KCRI,max_hdr_size,severe_obs,0.0,80.0,30.11977882385254,percentile,159,23,284,442,0.26455906821963393,0.12637362637362637,0.2548076923076923,0.1421779764323446
by_radar,KCRI,max_hdr_size,severe_obs,0.0,81.0,30.410533142089854,percentile,154,19,288,447,0.2562396006655574,0.10982658959537572,0.24838709677419354,0.14492993779883034
by_radar,KCRI,max_hdr_size,severe_obs,0.0,82.0,30.653641510009766,percentile,147,17,290,454,0.24459234608985025,0.10365853658536585,0.23786407766990292,0.14035200566039252
by_radar,KCRI,max_hdr_size,severe_obs,0.0,83.0,30.902409038543702,percentile,139,16,291,462,0.23128119800332778,0.1032258064516129,0.2252836304700162,0.13219151514182087
by_radar,KCRI,max_hdr_size,severe_obs,0.0,84.0,31.265036163330077,percentile,130,16,291,471,0.21630615640599002,0.1095890410958904,0.2106969205834684,0.12050502800407333
by_radar,KCRI,max_hdr_size,severe_obs,0.0,85.0,31.693439960479733,percentile,124,13,294,477,0.20632279534109818,0.0948905109489051,0.20195439739413681,0.11971984251033774
by_radar,KCRI,max_hdr_size,severe_obs,0.0,86.0,32.00106224060059,percentile,116,11,296,485,0.1930116472545757,0.08661417322834646,0.1895424836601307,0.11409406534610618
by_radar,KCRI,max_hdr_size,severe_obs,0.0,87.0,32.60227607727051,percentile,108,10,297,493,0.17970049916805325,0.0847457627118644,0.176759410801964,0.10624324874367926
by_radar,KCRI,max_hdr_size,severe_obs,0.0,88.0,32.78172134399414,percentile,99,10,297,502,0.16472545757071547,0.09174311926605505,0.16202945990180032,0.09493791637302351
by_radar,KCRI,max_hdr_size,severe_obs,0.0,89.0,33.16848258972168,percentile,91,9,298,510,0.15141430948419302,0.09,0.14918032786885246,0.0872657406044454
by_radar,KCRI,max_hdr_size,severe_obs,0.0,90.0,33.7295639038086,percentile,84,7,300,517,0.13976705490848584,0.07692307692307693,0.13815789473684212,0.08317114811717416
by_radar,KCRI,max_hdr_size,severe_obs,0.0,91.0,34.33797153472901,percentile,76,6,301,525,0.1264559068219634,0.07317073170731707,0.12520593080724876,0.07563650306748466
by_radar,KCRI,max_hdr_size,severe_obs,0.0,92.0,34.93890930175781,percentile,67,6,301,534,0.11148086522462562,0.0821917808219178,0.11037891268533773,0.06471389385898986
by_radar,KCRI,max_hdr_size,severe_obs,0.0,93.0,35.26644901275635,percentile,59,5,302,542,0.09816971713810316,0.078125,0.09735973597359736,0.05734761583018911
by_radar,KCRI,max_hdr_size,severe_obs,0.0,94.0,36.109724044799805,percentile,50,5,302,551,0.08319467554076539,0.09090909090909091,0.08250825082508251,0.0466255490635233
by_radar,KCRI,max_hdr_size,severe_obs,0.0,95.0,36.94280948638916,percentile,42,4,303,559,0.06988352745424292,0.08695652173913043,0.06942148760330578,0.0394224553913684
by_radar,KCRI,max_hdr_size,severe_obs,0.0,96.0,37.5584939575195,percentile,33,4,303,568,0.05490848585690516,0.10810810810810811,0.05454545454545454,0.02889516294897444
by_radar,KCRI,max_hdr_size,severe_obs,0.0,97.0,38.06428176879883,percentile,25,3,304,576,0.04159733777038269,0.10714285714285714,0.041390728476821195,0.021850277965899872
by_radar,KCRI,max_hdr_size,severe_obs,0.0,98.0,39.20970504760742,percentile,18,1,306,583,0.029950083194675542,0.05263157894736842,0.029900332225913623,0.01823662061534246
by_radar,KCRI,max_hdr_size,severe_obs,0.0,99.0,41.12810253143308,percentile,9,1,306,592,0.014975041597337771,0.1,0.014950166112956811,0.007966571352769507
by_radar,KCRI,max_hdr_size,severe_obs,0.0,100.0,51.35952377319336,percentile,0,1,306,601,0.0,1.0,0.0,-0.0022038304847326984
by_radar,KCRI,max_hdr_size,sig_severe_obs,0.0,0.0,0.0,percentile,134,774,0,0,1.0,0.8524229074889867,0.14757709251101322,0.0
by_radar,KCRI,max_hdr_size,sig_severe_obs,0.0,1.0,1.8676865887641911,percentile,133,765,9,1,0.9925373134328358,0.8518930957683741,0.14794215795328142,0.0012406805362496984
by_radar,KCRI,max_hdr_size,sig_severe_obs,0.0,2.0,10.104647350311279,percentile,131,758,16,3,0.9776119402985075,0.8526434195725534,0.1468609865470852,-0.0005154698884499994
by_radar,KCRI,max_hdr_size,sig_severe_obs,0.0,3.0,10.998600912094116,percentile,130,750,24,4,0.9701492537313433,0.8522727272727273,0.14705882352941177,0.0003504304453970961
by_radar,KCRI,max_hdr_size,sig_severe_obs,0.0,4.0,11.6048770904541,percentile,130,741,33,4,0.9701492537313433,0.8507462686567164,0.14857142857142858,0.003905099600654973
by_radar,KCRI,max_hdr_size,sig_severe_obs,0.0,5.0,11.932979345321655,percentile,128,734,40,6,0.9552238805970149,0.851508120649652,0.14746543778801843,0.0021266737159761906
by_radar,KCRI,max_hdr_size,sig_severe_obs,0.0,6.0,12.180780963897705,percentile,128,725,49,6,0.9552238805970149,0.8499413833528722,0.1490104772991851,0.005758007885055543
by_radar,KCRI,max_hdr_size,sig_severe_obs,0.0,7.0,12.391637229919432,percentile,128,716,58,6,0.9552238805970149,0.8483412322274881,0.15058823529411763,0.009452549891815445
by_radar,KCRI,max_hdr_size,sig_severe_obs,0.0,8.0,12.622077026367187,percentile,126,709,65,8,0.9402985074626866,0.8491017964071856,0.1494661921708185,0.007675986781938568
by_radar,KCRI,max_hdr_size,sig_severe_obs,0.0,9.0,12.877323865890503,percentile,126,700,74,8,0.9402985074626866,0.847457627118644,0.1510791366906475,0.011452964115686009
by_radar,KCRI,max_hdr_size,sig_severe_obs,0.0,10.0,13.111347961425782,percentile,125,692,82,9,0.9328358208955224,0.847001223990208,0.1513317191283293,0.012479986098871774
by_radar,KCRI,max_hdr_size,sig_severe_obs,0.0,11.0,13.423262014389037,percentile,125,683,91,9,0.9328358208955224,0.8452970297029703,0.15299877600979192,0.016368395346215984
by_radar,KCRI,max_hdr_size,sig_severe_obs,0.0,12.0,13.850405197143553,percentile,124,675,99,10,0.9253731343283582,0.8448060075093867,0.15327564894932014,0.01745883304477499
by_radar,KCRI,max_hdr_size,sig_severe_obs,0.0,13.0,14.154888792037964,percentile,124,666,108,10,0.9253731343283582,0.8430379746835444,0.155,0.021464372712316188
by_radar,KCRI,max_hdr_size,sig_severe_obs,0.0,14.0,14.518380718231203,percentile,123,658,116,11,0.917910447761194,0.8425096030729834,0.1553030303030303,0.022622250254218743
by_radar,KCRI,max_hdr_size,sig_severe_obs,0.0,15.0,14.78419361114502,percentile,123,648,126,11,0.917910447761194,0.8404669260700389,0.15728900255754474,0.02721455604832941
by_radar,KCRI,max_hdr_size,sig_severe_obs,0.0,16.0,15.143006591796873,percentile,122,640,134,12,0.9104477611940298,0.8398950131233596,0.15762273901808785,0.028449894313959747
by_radar,KCRI,max_hdr_size,sig_severe_obs,0.0,17.0,15.426354284286498,percentile,122,631,143,12,0.9104477611940298,0.8379814077025233,0.15947712418300652,0.032717464777531846
by_radar,KCRI,max_hdr_size,sig_severe_obs,0.0,18.0,15.69136848449707,percentile,121,623,151,13,0.9029850746268657,0.8373655913978495,0.15984147952443858,0.034029627052416064
by_radar,KCRI,max_hdr_size,sig_severe_obs,0.0,19.0,15.952734088897706,percentile,120,615,159,14,0.8955223880597015,0.8367346938775511,0.1602136181575434,0.03536732019078761
by_radar,KCRI,max_hdr_size,sig_severe_obs,0.0,20.0,16.125605010986327,percentile,120,606,168,14,0.8955223880597015,0.8347107438016529,0.16216216216216217,0.039828623667944714
by_radar,KCRI,max_hdr_size,sig_severe_obs,0.0,21.0,16.340384311676026,percentile,120,597,177,14,0.8955223880597015,0.8326359832635983,0.16415868673050615,0.044378453609668043
by_radar,KCRI,max_hdr_size,sig_severe_obs,0.0,22.0,16.67212387084961,percentile,120,588,186,14,0.8955223880597015,0.8305084745762712,0.16620498614958448,0.049019471391390276
by_radar,KCRI,max_hdr_size,sig_severe_obs,0.0,23.0,16.90729257583618,percentile,119,580,194,15,0.8880597014925373,0.8297567954220315,0.16666666666666666,0.050563061479846474
by_radar,KCRI,max_hdr_size,sig_severe_obs,0.0,24.0,17.150572738647462,percentile,117,573,201,17,0.8731343283582089,0.8304347826086956,0.16548797736916548,0.04891420130949169
by_radar,KCRI,max_hdr_size,sig_severe_obs,0.0,25.0,17.34764289855957,percentile,117,564,210,17,0.8731343283582089,0.8281938325991189,0.167621776504298,0.05374592833876222
by_radar,KCRI,max_hdr_size,sig_severe_obs,0.0,26.0,17.52505443572998,percentile,116,556,218,18,0.8656716417910447,0.8273809523809523,0.1681159420289855,0.05538720294625121
by_radar,KCRI,max_hdr_size,sig_severe_obs,0.0,27.0,17.734924278259278,percentile,116,547,227,18,0.8656716417910447,0.8250377073906485,0.17033773861967694,0.06038916321118258
by_radar,KCRI,max_hdr_size,sig_severe_obs,0.0,28.0,17.905643692016604,percentile,114,540,234,20,0.8507462686567164,0.8256880733944955,0.16913946587537093,0.058774748626516014
by_radar,KCRI,max_hdr_size,sig_severe_obs,0.0,29.0,18.119116954803467,percentile,114,530,244,20,0.8507462686567164,0.8229813664596274,0.1716867469879518,0.06449969278724392
by_radar,KCRI,max_hdr_size,sig_severe_obs,0.0,30.0,18.321905899047852,percentile,111,524,250,23,0.8283582089552238,0.8251968503937008,0.16869300911854104,0.059454013846596675
by_radar,KCRI,max_hdr_size,sig_severe_obs,0.0,31.0,18.442447566986086,percentile,111,515,259,23,0.8283582089552238,0.8226837060702875,0.17103235747303544,0.06472759576651503
by_radar,KCRI,max_hdr_size,sig_severe_obs,0.0,32.0,18.661542892456055,percentile,111,506,268,23,0.8283582089552238,0.820097244732577,0.1734375,0.07011878765351794
by_radar,KCRI,max_hdr_size,sig_severe_obs,0.0,33.0,18.98942022323608,percentile,111,497,277,23,0.8283582089552238,0.8174342105263158,0.17591125198098256,0.07563156823129571
by_radar,KCRI,max_hdr_size,sig_severe_obs,0.0,34.0,19.112267303466798,percentile,109,490,284,25,0.8134328358208955,0.8180300500834724,0.17467948717948717,0.07407847423529598
by_radar,KCRI,max_hdr_size,sig_severe_obs,0.0,35.0,19.30440263748169,percentile,108,482,292,26,0.8059701492537313,0.8169491525423729,0.17532467532467533,0.07612684068003013
by_radar,KCRI,max_hdr_size,sig_severe_obs,0.0,36.0,19.49097961425781,percentile,107,474,300,27,0.7985074626865671,0.8158347676419966,0.17598684210526316,0.07822302193259738
by_radar,KCRI,max_hdr_size,sig_severe_obs,0.0,37.0,19.690260505676267,percentile,106,466,308,28,0.7910447761194029,0.8146853146853147,0.17666666666666667,0.08036871196837737
by_radar,KCRI,max_hdr_size,sig_severe_obs,0.0,38.0,19.93092720031738,percentile,105,458,316,29,0.7835820895522388,0.8134991119005328,0.17736486486486486,0.08256568573752261
by_radar,KCRI,max_hdr_size,sig_severe_obs,0.0,39.0,20.115562553405763,percentile,103,451,323,31,0.7686567164179104,0.8140794223826715,0.17606837606837608,0.08100253657881033
by_radar,KCRI,max_hdr_size,sig_severe_obs,0.0,40.0,20.32191162109375,percentile,101,444,330,33,0.753731343283582,0.8146788990825689,0.17474048442906576,0.07940111207468245
by_radar,KCRI,max_hdr_size,sig_severe_obs,0.0,41.0,20.51588788986206,percentile,99,437,337,35,0.7388059701492538,0.8152985074626866,0.1733800350262697,0.07775998898242352
by_radar,KCRI,max_hdr_size,sig_severe_obs,0.0,42.0,20.669739570617676,percentile,98,429,345,36,0.7313432835820896,0.8140417457305503,0.17406749555950266,0.08003451341316739
by_radar,KCRI,max_hdr_size,sig_severe_obs,0.0,43.0,20.835203342437744,percentile,96,421,353,38,0.7164179104477612,0.8143133462282398,0.17297297297297298,0.07906273754176316
by_radar,KCRI,max_hdr_size,sig_severe_obs,0.0,44.0,21.042887420654296,percentile,93,415,359,41,0.6940298507462687,0.8169291338582677,0.16939890710382513,0.07328689860158642
by_radar,KCRI,max_hdr_size,sig_severe_obs,0.0,45.0,21.234675788879397,percentile,92,407,367,42,0.6865671641791045,0.8156312625250501,0.17005545286506468,0.0755954216474088
by_radar,KCRI,max_hdr_size,sig_severe_obs,0.0,46.0,21.44988265991211,percentile,90,400,374,44,0.6716417910447762,0.8163265306122449,0.16853932584269662,0.07379293866823504
by_radar,KCRI,max_hdr_size,sig_severe_obs,0.0,47.0,21.72440097808838,percentile,89,392,382,45,0.664179104477612,0.814968814968815,0.16920152091254753,0.0761701652107508
by_radar,KCRI,max_hdr_size,sig_severe_obs,0.0,48.0,21.922401428222656,percentile,89,383,391,45,0.664179104477612,0.8114406779661016,0.172147001934236,0.08289754384640073
by_radar,KCRI,max_hdr_size,sig_severe_obs,0.0,49.0,22.255426959991457,percentile,87,376,398,47,0.6492537313432836,0.8120950323974082,0.17058823529411765,0.08112116978315374
by_radar,KCRI,max_hdr_size,sig_severe_obs,0.0,50.0,22.457475662231445,percentile,84,370,404,50,0.6268656716417911,0.8149779735682819,0.16666666666666666,0.07488986784140969
by_radar,KCRI,max_hdr_size,sig_severe_obs,0.0,51.0,22.60342264175415,percentile,84,361,413,50,0.6268656716417911,0.8112359550561797,0.1696969696969697,0.08188509909661675
by_radar,KCRI,max_hdr_size,sig_severe_obs,0.0,52.0,22.850262451171872,percentile,84,352,422,50,0.6268656716417911,0.8073394495412844,0.1728395061728395,0.0890814350456188
by_radar,KCRI,max_hdr_size,sig_severe_obs,0.0,53.0,23.094251480102542,percentile,81,346,428,53,0.6044776119402985,0.810304449648712,0.16875,0.08269359314549617
by_radar,KCRI,max_hdr_size,sig_severe_obs,0.0,54.0,23.284495162963868,percentile,81,337,437,53,0.6044776119402985,0.80622009569378,0.17197452229299362,0.09011490472568809
by_radar,KCRI,max_hdr_size,sig_severe_obs,0.0,55.0,23.450279140472414,percentile,80,329,445,54,0.5970149253731343,0.80440097799511,0.17278617710583152,0.0930230132070354
by_radar,KCRI,max_hdr_size,sig_severe_obs,0.0,56.0,23.887294998168954,percentile,79,321,453,55,0.5895522388059702,0.8025,0.17362637362637362,0.09601982672795442
by_radar,KCRI,max_hdr_size,sig_severe_obs,0.0,57.0,24.072214221954347,percentile,76,315,459,58,0.5671641791044776,0.8056265984654731,0.16926503340757237,0.08934371571769666
by_radar,KCRI,max_hdr_size,sig_severe_obs,0.0,58.0,24.29521263122558,percentile,76,305,469,58,0.5671641791044776,0.800524934383202,0.17312072892938496,0.0982402766530237
by_radar,KCRI,max_hdr_size,sig_severe_obs,0.0,59.0,24.54914197921753,percentile,74,298,476,60,0.5522388059701493,0.8010752688172043,0.1712962962962963,0.09642197958593698
by_radar,KCRI,max_hdr_size,sig_severe_obs,0.0,60.0,24.6714485168457,percentile,73,290,484,61,0.5447761194029851,0.7988980716253443,0.1721698113207547,0.09967456891681167
by_radar,KCRI,max_hdr_size,sig_severe_obs,0.0,61.0,24.778961181640625,percentile,73,281,493,61,0.5447761194029851,0.7937853107344632,0.17590361445783131,0.10824967263203841
by_radar,KCRI,max_hdr_size,sig_severe_obs,0.0,62.0,24.966838569641116,percentile,70,275,499,64,0.5223880597014925,0.7971014492753623,0.17114914425427874,0.10120535401434277
by_radar,KCRI,max_hdr_size,sig_severe_obs,0.0,63.0,25.260355281829835,percentile,67,269,505,67,0.5,0.8005952380952381,0.1662531017369727,0.09392002661027822
by_radar,KCRI,max_hdr_size,sig_severe_obs,0.0,64.0,25.49862174987793,percentile,66,261,513,68,0.4925373134328358,0.7981651376146789,0.1670886075949367,0.09735550774734705
by_radar,KCRI,max_hdr_size,sig_severe_obs,0.0,65.0,25.690649318695073,percentile,65,253,521,69,0.48507462686567165,0.7955974842767296,0.16795865633074936,0.10091269157912863
by_radar,KCRI,max_hdr_size,sig_severe_obs,0.0,66.0,26.04610824584961,percentile,62,247,527,72,0.4626865671641791,0.7993527508090615,0.16272965879265092,0.09322797966390343
by_radar,KCRI,max_hdr_size,sig_severe_obs,0.0,67.0,26.292893505096437,percentile,61,239,535,73,0.4552238805970149,0.7966666666666666,0.16353887399463807,0.09684001122191334
by_radar,KCRI,max_hdr_size,sig_severe_obs,0.0,68.0,26.616713943481447,percentile,57,234,540,77,0.4253731343283582,0.8041237113402062,0.15489130434782608,0.08289381381693471
by_radar,KCRI,max_hdr_size,sig_severe_obs,0.0,69.0,27.18807312011719,percentile,56,226,548,78,0.417910447761194,0.8014184397163121,0.15555555555555556,0.0864465566999391
by_radar,KCRI,max_hdr_size,sig_severe_obs,0.0,70.0,27.37407665252686,percentile,54,219,555,80,0.40298507462686567,0.8021978021978022,0.1529745042492918,0.08401036465221734
by_radar,KCRI,max_hdr_size,sig_severe_obs,0.0,71.0,27.654310359954827,percentile,53,211,563,81,0.39552238805970147,0.7992424242424242,0.1536231884057971,0.08772605907126538
by_radar,KCRI,max_hdr_size,sig_severe_obs,0.0,72.0,27.949526748657224,percentile,50,204,570,84,0.373134328358209,0.8031496062992126,0.14792899408284024,0.079962847251541
by_radar,KCRI,max_hdr_size,sig_severe_obs,0.0,73.0,28.35127489089966,percentile,49,196,578,85,0.3656716417910448,0.8,0.1484848484848485,0.0837570743198598
by_radar,KCRI,max_hdr_size,sig_severe_obs,0.0,74.0,28.545360984802244,percentile,49,187,587,85,0.3656716417910448,0.7923728813559322,0.1526479750778816,0.09437061808794626
by_radar,KCRI,max_hdr_size,sig_severe_obs,0.0,75.0,28.745169639587402,percentile,48,179,595,86,0.3582089552238806,0.788546255506608,0.15335463258785942,0.09863945578231292
by_radar,KCRI,max_hdr_size,sig_severe_obs,0.0,76.0,29.053388519287115,percentile,46,172,602,88,0.34328358208955223,0.7889908256880734,0.1503267973856209,0.0961438328892156
by_radar,KCRI,max_hdr_size,sig_severe_obs,0.0,77.0,29.429374294281008,percentile,45,164,610,89,0.3358208955223881,0.784688995215311,0.15100671140939598,0.10064518149644523
by_radar,KCRI,max_hdr_size,sig_severe_obs,0.0,78.0,29.559145469665527,percentile,41,159,615,93,0.30597014925373134,0.795,0.13993174061433447,0.08353359607805441
by_radar,KCRI,max_hdr_size,sig_severe_obs,0.0,79.0,29.793795471191412,percentile,39,152,622,95,0.291044776119403,0.7958115183246073,0.13636363636363635,0.08050444422578634
by_radar,KCRI,max_hdr_size,sig_severe_obs,0.0,80.0,30.11977882385254,percentile,38,144,630,96,0.2835820895522388,0.7912087912087912,0.1366906474820144,0.08495414693137156
by_radar,KCRI,max_hdr_size,sig_severe_obs,0.0,81.0,30.410533142089854,percentile,38,135,639,96,0.2835820895522388,0.7803468208092486,0.1412639405204461,0.09743881028606836
by_radar,KCRI,max_hdr_size,sig_severe_obs,0.0,82.0,30.653641510009766,percentile,37,127,647,97,0.27611940298507465,0.774390243902439,0.1417624521072797,0.10254509513219669
by_radar,KCRI,max_hdr_size,sig_severe_obs,0.0,83.0,30.902409038543702,percentile,36,119,655,98,0.26865671641791045,0.7677419354838709,0.1422924901185771,0.10791770799377015
by_radar,KCRI,max_hdr_size,sig_severe_obs,0.0,84.0,31.265036163330077,percentile,36,110,664,98,0.26865671641791045,0.7534246575342466,0.14754098360655737,0.12202015694150024
by_radar,KCRI,max_hdr_size,sig_severe_obs,0.0,85.0,31.693439960479733,percentile,35,102,672,99,0.26119402985074625,0.7445255474452555,0.1483050847457627,0.12822423478161182
by_radar,KCRI,max_hdr_size,sig_severe_obs,0.0,86.0,32.00106224060059,percentile,31,96,678,103,0.23134328358208955,0.7559055118110236,0.13478260869565217,0.10968110686270645
by_radar,KCRI,max_hdr_size,sig_severe_obs,0.0,87.0,32.60227607727051,percentile,27,91,683,107,0.20149253731343283,0.7711864406779662,0.12,0.08827944338512718
by_radar,KCRI,max_hdr_size,sig_severe_obs,0.0,88.0,32.78172134399414,percentile,23,86,688,111,0.17164179104477612,0.7889908256880734,0.10454545454545454,0.06558987003217853
by_radar,KCRI,max_hdr_size,sig_severe_obs,0.0,89.0,33.16848258972168,percentile,21,79,695,113,0.15671641791044777,0.79,0.09859154929577464,0.061053901503727005
by_radar,KCRI,max_hdr_size,sig_severe_obs,0.0,90.0,33.7295639038086,percentile,20,71,703,114,0.14925373134328357,0.7802197802197802,0.0975609756097561,0.06632131264173596
by_radar,KCRI,max_hdr_size,sig_severe_obs,0.0,91.0,34.33797153472901,percentile,17,65,709,117,0.12686567164179105,0.7926829268292683,0.08542713567839195,0.05108181358812991
by_radar,KCRI,max_hdr_size,sig_severe_obs,0.0,92.0,34.93890930175781,percentile,15,58,716,119,0.11194029850746269,0.7945205479452054,0.078125,0.04558411325953727
by_radar,KCRI,max_hdr_size,sig_severe_obs,0.0,93.0,35.26644901275635,percentile,14,50,724,120,0.1044776119402985,0.78125,0.07608695652173914,0.050863298735796154
by_radar,KCRI,max_hdr_size,sig_severe_obs,0.0,94.0,36.109724044799805,percentile,14,41,733,120,0.1044776119402985,0.7454545454545455,0.08,0.06810648171757866
by_radar,KCRI,max_hdr_size,sig_severe_obs,0.0,95.0,36.94280948638916,percentile,12,34,740,122,0.08955223880597014,0.7391304347826086,0.07142857142857142,0.06262904335856848
by_radar,KCRI,max_hdr_size,sig_severe_obs,0.0,96.0,37.5584939575195,percentile,9,28,746,125,0.06716417910447761,0.7567567567567568,0.05555555555555555,0.044223677692773404
by_radar,KCRI,max_hdr_size,sig_severe_obs,0.0,97.0,38.06428176879883,percentile,7,21,753,127,0.05223880597014925,0.75,0.04516129032258064,0.037308728293885034
by_radar,KCRI,max_hdr_size,sig_severe_obs,0.0,98.0,39.20970504760742,percentile,5,14,760,129,0.03731343283582089,0.7368421052631579,0.033783783783783786,0.02979855341024568
by_radar,KCRI,max_hdr_size,sig_severe_obs,0.0,99.0,41.12810253143308,percentile,3,7,767,131,0.022388059701492536,0.7,0.02127659574468085,0.021612842775938536
by_radar,KCRI,max_hdr_size,sig_severe_obs,0.0,100.0,51.35952377319336,percentile,0,1,773,134,0.0,1.0,0.0,-0.0021911177971090327
by_radar,KCRI,max_hsda,severe_obs,0.0,,2.0,hsda_class,248,56,235,337,0.4239316239316239,0.18421052631578946,0.3868954758190328,0.18628924752531412
by_radar,KCRI,max_hsda,sig_severe_obs,0.0,,3.0,hsda_class,40,130,615,91,0.3053435114503817,0.7647058823529411,0.1532567049808429,0.1165486273364486
by_radar,KCRI,max_mesh_75_mh19,severe_obs,0.0,0.0,0.0,percentile,601,307,0,0,1.0,0.3381057268722467,0.6618942731277533,0.0
by_radar,KCRI,max_mesh_75_mh19,severe_obs,0.0,1.0,0.41703720521456555,percentile,593,305,2,8,0.9866888519134775,0.33964365256124723,0.6545253863134658,-0.008903214813131886
by_radar,KCRI,max_mesh_75_mh19,severe_obs,0.0,2.0,10.24439046466965,percentile,587,302,5,14,0.9767054908485857,0.33970753655793023,0.6500553709856035,-0.009094681756476356
by_radar,KCRI,max_mesh_75_mh19,severe_obs,0.0,3.0,12.319792404214448,percentile,580,300,7,21,0.9650582362728786,0.3409090909090909,0.6437291897891232,-0.015610408797580386
by_radar,KCRI,max_mesh_75_mh19,severe_obs,0.0,4.0,13.647835817209764,percentile,577,294,13,24,0.9600665557404326,0.3375430539609644,0.6446927374301676,0.003072843657857848
by_radar,KCRI,max_mesh_75_mh19,severe_obs,0.0,5.0,14.617057505393396,percentile,574,288,19,27,0.9550748752079867,0.33410672853828305,0.6456692913385826,0.021417818530176543
by_radar,KCRI,max_mesh_75_mh19,severe_obs,0.0,6.0,15.585690940757232,percentile,573,280,27,28,0.9534109816971714,0.32825322391559203,0.6503972758229285,0.05174857421861755
by_radar,KCRI,max_mesh_75_mh19,severe_obs,0.0,7.0,16.116255411329643,percentile,572,272,35,29,0.9517470881863561,0.3222748815165877,0.6552119129438717,0.08153992983210787
by_radar,KCRI,max_mesh_75_mh19,severe_obs,0.0,8.0,17.428576118180626,percentile,571,264,43,30,0.9500831946755408,0.3161676646706587,0.6601156069364161,0.11080614753279283
by_radar,KCRI,max_mesh_75_mh19,severe_obs,0.0,9.0,18.159855664373655,percentile,567,259,48,34,0.9434276206322796,0.3135593220338983,0.6593023255813953,0.1215727191082466
by_radar,KCRI,max_mesh_75_mh19,severe_obs,0.0,10.0,19.130182193561346,percentile,566,251,56,35,0.9417637271214643,0.3072215422276622,0.6643192488262911,0.14998527053124283
by_radar,KCRI,max_mesh_75_mh19,severe_obs,0.0,11.0,19.622318487172166,percentile,563,245,62,38,0.9367720465890182,0.3032178217821782,0.66548463356974,0.16612365165695298
by_radar,KCRI,max_mesh_75_mh19,severe_obs,0.0,12.0,20.269093082109332,percentile,562,237,70,39,0.9351081530782029,0.29662077596996245,0.6706443914081146,0.19367314238647113
by_radar,KCRI,max_mesh_75_mh19,severe_obs,0.0,13.0,20.77462994738206,percentile,556,234,73,45,0.9251247920133111,0.29620253164556964,0.665868263473054,0.19178938771343254
by_radar,KCRI,max_mesh_75_mh19,severe_obs,0.0,14.0,21.239143098913743,percentile,553,228,79,48,0.9201331114808652,0.2919334186939821,0.6670687575392038,0.20717254993767675
by_radar,KCRI,max_mesh_75_mh19,severe_obs,0.0,15.0,21.722092793926766,percentile,552,219,88,49,0.9184692179700499,0.2840466926070039,0.6731707317073171,0.2372474407116483
by_radar,KCRI,max_mesh_75_mh19,severe_obs,0.0,16.0,22.321295241162897,percentile,547,215,92,54,0.9101497504159733,0.2821522309711286,0.6703431372549019,0.2406988311365332
by_radar,KCRI,max_mesh_75_mh19,severe_obs,0.0,17.0,22.616386556066363,percentile,543,210,97,58,0.9034941763727121,0.2788844621513944,0.6695437731196054,0.24969320991841543
by_radar,KCRI,max_mesh_75_mh19,severe_obs,0.0,18.0,22.972684436096404,percentile,536,208,99,65,0.891846921797005,0.27956989247311825,0.6625463535228677,0.2418800386577444
by_radar,KCRI,max_mesh_75_mh19,severe_obs,0.0,19.0,23.306118494480426,percentile,532,203,104,69,0.8851913477537438,0.2761904761904762,0.6616915422885572,0.25072053103896025
by_radar,KCRI,max_mesh_75_mh19,severe_obs,0.0,20.0,23.548832962575794,percentile,531,195,112,70,0.8835274542429284,0.26859504132231404,0.6670854271356784,0.27581682035971394
by_radar,KCRI,max_mesh_75_mh19,severe_obs,0.0,21.0,23.826305616925012,percentile,528,189,118,73,0.8785357737104825,0.26359832635983266,0.6683544303797468,0.28967185213938074
by_radar,KCRI,max_mesh_75_mh19,severe_obs,0.0,22.0,24.28634529103576,percentile,526,182,125,75,0.8752079866888519,0.2570621468926554,0.6717752234993615,0.3086895211461209
by_radar,KCRI,max_mesh_75_mh19,severe_obs,0.0,23.0,24.84678863055505,percentile,519,180,127,82,0.8635607321131448,0.2575107296137339,0.6645326504481434,0.30072133614734775
by_radar,KCRI,max_mesh_75_mh19,severe_obs,0.0,24.0,25.2675906173712,percentile,514,176,131,87,0.8552412645590682,0.25507246376811593,0.6615186615186616,0.3034697591935785
by_radar,KCRI,max_mesh_75_mh19,severe_obs,0.0,25.0,25.654555532969088,percentile,511,170,137,90,0.8502495840266223,0.24963289280469897,0.6627756160830091,0.316688567674113
by_radar,KCRI,max_mesh_75_mh19,severe_obs,0.0,26.0,26.155167073028476,percentile,507,165,142,94,0.8435940099833611,0.24553571428571427,0.6618798955613577,0.3244901476417533
by_radar,KCRI,max_mesh_75_mh19,severe_obs,0.0,27.0,26.670522503303932,percentile,504,159,148,97,0.8386023294509152,0.2398190045248869,0.6631578947368421,0.3373509775190572
by_radar,KCRI,max_mesh_75_mh19,severe_obs,0.0,28.0,26.87671735424272,percentile,498,156,151,103,0.8286189683860233,0.23853211009174313,0.6578599735799208,0.33460467642997804
by_radar,KCRI,max_mesh_75_mh19,severe_obs,0.0,29.0,27.156796112769168,percentile,493,151,156,108,0.8202995008319468,0.234472049689441,0.6555851063829787,0.34009405901698225
by_radar,KCRI,max_mesh_75_mh19,severe_obs,0.0,30.0,27.361114014260956,percentile,488,147,160,113,0.8119800332778702,0.231496062992126,0.6524064171122995,0.3424285133335933
by_radar,KCRI,max_mesh_75_mh19,severe_obs,0.0,31.0,27.88905170410281,percentile,484,142,165,117,0.8053244592346089,0.2268370607028754,0.6514131897711979,0.34975004423995754
by_radar,KCRI,max_mesh_75_mh19,severe_obs,0.0,32.0,28.19570437486701,percentile,481,136,171,120,0.800332778702163,0.22042139384116693,0.6526458616010855,0.3619499876478823
by_radar,KCRI,max_mesh_75_mh19,severe_obs,0.0,33.0,28.412225200923963,percentile,477,131,176,124,0.7936772046589018,0.21546052631578946,0.6516393442622951,0.3690251692300984
by_radar,KCRI,max_mesh_75_mh19,severe_obs,0.0,34.0,28.821136973537545,percentile,471,128,179,130,0.78369384359401,0.21368948247078465,0.6460905349794238,0.3661722609726138
by_radar,KCRI,max_mesh_75_mh19,severe_obs,0.0,35.0,29.0736208643686,percentile,465,125,182,136,0.7737104825291181,0.211864406779661,0.640495867768595,0.36335991059723627
by_radar,KCRI,max_mesh_75_mh19,severe_obs,0.0,36.0,29.506492650612543,percentile,458,123,184,143,0.762063227953411,0.2117039586919105,0.6325966850828729,0.35574322341781944
by_radar,KCRI,max_mesh_75_mh19,severe_obs,0.0,37.0,29.7130809614535,percentile,453,119,188,148,0.7537437603993344,0.20804195804195805,0.6291666666666667,0.35785347247973726
by_radar,KCRI,max_mesh_75_mh19,severe_obs,0.0,38.0,30.248642867407078,percentile,449,114,193,152,0.7470881863560732,0.2024866785079929,0.627972027972028,0.36471095726828445
by_radar,KCRI,max_mesh_75_mh19,severe_obs,0.0,39.0,30.627759227524276,percentile,443,111,196,158,0.7371048252911814,0.2003610108303249,0.6221910112359551,0.3619864588122205
by_radar,KCRI,max_mesh_75_mh19,severe_obs,0.0,40.0,31.016229455371594,percentile,437,108,199,164,0.7271214642262895,0.1981651376146789,0.616361071932299,0.35929936338779384
by_radar,KCRI,max_mesh_75_mh19,severe_obs,0.0,41.0,31.410547645429755,percentile,432,104,203,169,0.718801996672213,0.19402985074626866,0.6127659574468085,0.3613278230668549
by_radar,KCRI,max_mesh_75_mh19,severe_obs,0.0,42.0,31.89714518414687,percentile,425,102,205,176,0.7071547420965059,0.1935483870967742,0.604551920341394,0.35403434245208176
by_radar,KCRI,max_mesh_75_mh19,severe_obs,0.0,43.0,32.090453552835655,percentile,417,100,207,184,0.6938435940099834,0.19342359767891681,0.5948644793152639,0.3450204465215514
by_radar,KCRI,max_mesh_75_mh19,severe_obs,0.0,44.0,32.411731336482624,percentile,412,96,211,189,0.6855241264559068,0.1889763779527559,0.5911047345767575,0.3471021001322044
by_radar,KCRI,max_mesh_75_mh19,severe_obs,0.0,45.0,32.75323827477948,percentile,405,94,213,196,0.6738768718801996,0.18837675350701402,0.5827338129496403,0.34005343331612375
by_radar,KCRI,max_mesh_75_mh19,severe_obs,0.0,46.0,33.02443836208685,percentile,399,91,216,202,0.6638935108153078,0.18571428571428572,0.5765895953757225,0.33761900968011793
by_radar,KCRI,max_mesh_75_mh19,severe_obs,0.0,47.0,33.201070970137955,percentile,391,90,217,210,0.6505823627287853,0.18711018711018712,0.5658465991316932,0.32623288992663757
by_radar,KCRI,max_mesh_75_mh19,severe_obs,0.0,48.0,33.52231224774928,percentile,386,86,221,215,0.6422628951747088,0.18220338983050846,0.5618631732168851,0.3283825625399322
by_radar,KCRI,max_mesh_75_mh19,severe_obs,0.0,49.0,33.75251025583671,percentile,381,82,225,220,0.6339434276206323,0.1771058315334773,0.5578330893118595,0.3305044606016807
by_radar,KCRI,max_mesh_75_mh19,severe_obs,0.0,50.0,33.87134364476741,percentile,374,80,227,227,0.6222961730449251,0.1762114537444934,0.5491923641703378,0.3237885462555066
by_radar,KCRI,max_mesh_75_mh19,severe_obs,0.0,51.0,34.13920709555738,percentile,367,78,229,234,0.610648918469218,0.1752808988764045,0.540500736377025,0.3171582971379538
by_radar,KCRI,max_mesh_75_mh19,severe_obs,0.0,52.0,34.522530731417646,percentile,361,75,232,240,0.6006655574043261,0.1720183486238532,0.5340236686390533,0.3149615351452851
by_radar,KCRI,max_mesh_75_mh19,severe_obs,0.0,53.0,34.865972350040956,percentile,353,74,233,248,0.5873544093178037,0.17330210772833723,0.522962962962963,0.30414832091772376
by_radar,KCRI,max_mesh_75_mh19,severe_obs,0.0,54.0,35.06961267463365,percentile,347,71,236,254,0.5773710482529119,0.16985645933014354,0.5163690476190477,0.3020604707485053
by_radar,KCRI,max_mesh_75_mh19,severe_obs,0.0,55.0,35.36054159171585,percentile,341,68,239,260,0.56738768718802,0.16625916870415647,0.5097159940209267,0.2999985897682989
by_radar,KCRI,max_mesh_75_mh19,severe_obs,0.0,56.0,35.552786608270466,percentile,334,66,241,267,0.5557404326123128,0.165,0.5007496251874063,0.2937202761919889
by_radar,KCRI,max_mesh_75_mh19,severe_obs,0.0,57.0,35.794906250334094,percentile,327,64,243,274,0.5440931780366056,0.1636828644501279,0.4917293233082707,0.2875190944251243
by_radar,KCRI,max_mesh_75_mh19,severe_obs,0.0,58.0,36.07337454931698,percentile,321,60,247,280,0.5341098169717138,0.15748031496062992,0.4856278366111952,0.28816169926261376
by_radar,KCRI,max_mesh_75_mh19,severe_obs,0.0,59.0,36.25220167945531,percentile,314,58,249,287,0.5224625623960066,0.15591397849462366,0.4764795144157815,0.28207361232066736
by_radar,KCRI,max_mesh_75_mh19,severe_obs,0.0,60.0,36.36175283975047,percentile,307,56,251,294,0.5108153078202995,0.15426997245179064,0.4672754946727549,0.27605891759646095
by_radar,KCRI,max_mesh_75_mh19,severe_obs,0.0,61.0,36.54903089865419,percentile,299,55,252,302,0.49750415973377704,0.1553672316384181,0.4557926829268293,0.26600427505253244
by_radar,KCRI,max_mesh_75_mh19,severe_obs,0.0,62.0,36.83717168176227,percentile,293,52,255,308,0.4875207986688852,0.15072463768115943,0.44869831546707506,0.2642444595501015
by_radar,KCRI,max_mesh_75_mh19,severe_obs,0.0,63.0,37.22821896901669,percentile,287,49,258,314,0.47753743760399336,0.14583333333333334,0.44153846153846155,0.26250548191638845
by_radar,KCRI,max_mesh_75_mh19,severe_obs,0.0,64.0,37.69127374808027,percentile,279,48,259,322,0.46422628951747086,0.14678899082568808,0.42989214175654855,0.25270814333696645
by_radar,KCRI,max_mesh_75_mh19,severe_obs,0.0,65.0,38.141913197104344,percentile,271,47,260,330,0.4509151414309484,0.14779874213836477,0.4182098765432099,0.2430254568613229
by_radar,KCRI,max_mesh_75_mh19,severe_obs,0.0,66.0,38.49695798358966,percentile,264,45,262,337,0.43926788685524126,0.14563106796116504,0.4086687306501548,0.23744784132330246
by_radar,KCRI,max_mesh_75_mh19,severe_obs,0.0,67.0,38.94491433702158,percentile,257,43,264,344,0.4276206322795341,0.14333333333333334,0.39906832298136646,0.23193474212472787
by_radar,KCRI,max_mesh_75_mh19,severe_obs,0.0,68.0,39.23152596347562,percentile,250,41,266,351,0.415973377703827,0.140893470790378,0.3894080996884735,0.22648504631058297
by_radar,KCRI,max_mesh_75_mh19,severe_obs,0.0,69.0,39.43107908590232,percentile,241,41,266,360,0.40099833610648916,0.1453900709219858,0.37538940809968846,0.21324978392394123
by_radar,KCRI,max_mesh_75_mh19,severe_obs,0.0,70.0,39.66327952506668,percentile,233,40,267,368,0.3876871880199667,0.14652014652014653,0.36349453978159124,0.20406663716091664
by_radar,KCRI,max_mesh_75_mh19,severe_obs,0.0,71.0,39.88954762207797,percentile,225,39,268,376,0.37437603993344426,0.14772727272727273,0.3515625,0.19498731018688634
by_radar,KCRI,max_mesh_75_mh19,severe_obs,0.0,72.0,40.20517483055301,percentile,219,35,272,382,0.3643926788685524,0.1377952755905512,0.3443396226415094,0.19615652439749318
by_radar,KCRI,max_mesh_75_mh19,severe_obs,0.0,73.0,40.43783226479186,percentile,214,31,276,387,0.3560732113144759,0.12653061224489795,0.33860759493670883,0.1987299389036434
by_radar,KCRI,max_mesh_75_mh19,severe_obs,0.0,74.0,40.849542280009175,percentile,206,30,277,395,0.3427620632279534,0.1271186440677966,0.3264659270998415,0.189837169657628
by_radar,KCRI,max_mesh_75_mh19,severe_obs,0.0,75.0,41.23022212913721,percentile,200,27,280,401,0.33277870216306155,0.11894273127753303,0.3184713375796178,0.18862559241706162
by_radar,KCRI,max_mesh_75_mh19,severe_obs,0.0,76.0,41.41677942259745,percentile,193,25,282,408,0.3211314475873544,0.11467889908256881,0.3083067092651757,0.18365668914654
by_radar,KCRI,max_mesh_75_mh19,severe_obs,0.0,77.0,41.83820171231398,percentile,185,24,283,416,0.30782029950083195,0.11483253588516747,0.296,0.17499204975818874
by_radar,KCRI,max_mesh_75_mh19,severe_obs,0.0,78.0,42.24934412131144,percentile,177,23,284,424,0.2945091514143095,0.115,0.28365384615384615,0.16642158272199264
by_radar,KCRI,max_mesh_75_mh19,severe_obs,0.0,79.0,42.572825538041116,percentile,168,23,284,433,0.2795341098169717,0.12041884816753927,0.2692307692307692,0.15423426220600792
by_radar,KCRI,max_mesh_75_mh19,severe_obs,0.0,80.0,43.036105039103475,percentile,162,20,287,439,0.26955074875207985,0.10989010989010989,0.2608695652173913,0.15324664770418528
by_radar,KCRI,max_mesh_75_mh19,severe_obs,0.0,81.0,43.50670659857132,percentile,154,19,288,447,0.2562396006655574,0.10982658959537572,0.24838709677419354,0.14492993779883034
by_radar,KCRI,max_mesh_75_mh19,severe_obs,0.0,82.0,44.00245041169308,percentile,147,17,290,454,0.24459234608985025,0.10365853658536585,0.23786407766990292,0.14035200566039252
by_radar,KCRI,max_mesh_75_mh19,severe_obs,0.0,83.0,44.54265236227856,percentile,139,16,291,462,0.23128119800332778,0.1032258064516129,0.2252836304700162,0.13219151514182087
by_radar,KCRI,max_mesh_75_mh19,severe_obs,0.0,84.0,45.08236371880814,percentile,131,15,292,470,0.21797004991680533,0.10273972602739725,0.21266233766233766,0.12411691700610998
by_radar,KCRI,max_mesh_75_mh19,severe_obs,0.0,85.0,45.38822028226229,percentile,123,14,293,478,0.20465890183028287,0.10218978102189781,0.2,0.11612686227568605
by_radar,KCRI,max_mesh_75_mh19,severe_obs,0.0,86.0,46.22860965004213,percentile,113,14,293,488,0.18801996672212978,0.11023622047244094,0.183739837398374,0.10337746129787359
by_radar,KCRI,max_mesh_75_mh19,severe_obs,0.0,87.0,46.75115838725689,percentile,106,12,295,495,0.17637271214642264,0.1016949152542373,0.1729200652528548,0.0991358391909451
by_radar,KCRI,max_mesh_75_mh19,severe_obs,0.0,88.0,47.583089421153325,percentile,98,11,296,503,0.16306156405990016,0.10091743119266056,0.16013071895424835,0.09140251760885564
by_radar,KCRI,max_mesh_75_mh19,severe_obs,0.0,89.0,48.37282168643671,percentile,91,9,298,510,0.15141430948419302,0.09,0.14918032786885246,0.0872657406044454
by_radar,KCRI,max_mesh_75_mh19,severe_obs,0.0,90.0,49.15242052741322,percentile,84,7,300,517,0.13976705490848584,0.07692307692307693,0.13815789473684212,0.08317114811717416
by_radar,KCRI,max_mesh_75_mh19,severe_obs,0.0,91.0,49.77928352748508,percentile,75,7,300,526,0.12479201331114809,0.08536585365853659,0.12335526315789473,0.07215490797546012
by_radar,KCRI,max_mesh_75_mh19,severe_obs,0.0,92.0,50.33935371955892,percentile,67,6,301,534,0.11148086522462562,0.0821917808219178,0.11037891268533773,0.06471389385898986
by_radar,KCRI,max_mesh_75_mh19,severe_obs,0.0,93.0,51.00656115463011,percentile,58,6,301,543,0.09650582362728785,0.09375,0.09555189456342669,0.05390098919702709
by_radar,KCRI,max_mesh_75_mh19,severe_obs,0.0,94.0,51.91558404448197,percentile,50,5,302,551,0.08319467554076539,0.09090909090909091,0.08250825082508251,0.0466255490635233
by_radar,KCRI,max_mesh_75_mh19,severe_obs,0.0,95.0,52.45673967774303,percentile,42,4,303,559,0.06988352745424292,0.08695652173913043,0.06942148760330578,0.0394224553913684
by_radar,KCRI,max_mesh_75_mh19,severe_obs,0.0,96.0,53.44765981418058,percentile,34,3,304,567,0.056572379367720464,0.08108108108108109,0.056291390728476824,0.03229063440719481
by_radar,KCRI,max_mesh_75_mh19,severe_obs,0.0,97.0,55.013877593856954,percentile,27,1,306,574,0.04492512479201331,0.03571428571428571,0.044850498338870434,0.02860778899895065
by_radar,KCRI,max_mesh_75_mh19,severe_obs,0.0,98.0,56.793597853240634,percentile,18,1,306,583,0.029950083194675542,0.05263157894736842,0.029900332225913623,0.01823662061534246
by_radar,KCRI,max_mesh_75_mh19,severe_obs,0.0,99.0,58.71760949420967,percentile,10,0,307,591,0.016638935108153077,0.0,0.016638935108153077,0.011312383928308228
by_radar,KCRI,max_mesh_75_mh19,severe_obs,0.0,100.0,66.53414062792001,percentile,1,0,307,600,0.0016638935108153079,0.0,0.0016638935108153079,0.0011257503474424932
by_radar,KCRI,max_mesh_75_mh19,sig_severe_obs,0.0,0.0,0.0,percentile,134,774,0,0,1.0,0.8524229074889867,0.14757709251101322,0.0
by_radar,KCRI,max_mesh_75_mh19,sig_severe_obs,0.0,1.0,0.41703720521456555,percentile,133,765,9,1,0.9925373134328358,0.8518930957683741,0.14794215795328142,0.0012406805362496984
by_radar,KCRI,max_mesh_75_mh19,sig_severe_obs,0.0,2.0,10.24439046466965,percentile,132,757,17,2,0.9850746268656716,0.8515185601799775,0.14814814814814814,0.0021140057222949413
by_radar,KCRI,max_mesh_75_mh19,sig_severe_obs,0.0,3.0,12.319792404214448,percentile,130,750,24,4,0.9701492537313433,0.8522727272727273,0.14705882352941177,0.0003504304453970961
by_radar,KCRI,max_mesh_75_mh19,sig_severe_obs,0.0,4.0,13.647835817209764,percentile,128,743,31,6,0.9552238805970149,0.8530424799081515,0.1459521094640821,-0.0014430609384019132
by_radar,KCRI,max_mesh_75_mh19,sig_severe_obs,0.0,5.0,14.617057505393396,percentile,127,735,39,7,0.9477611940298507,0.8526682134570766,0.14614499424626007,-0.0005702812199265763
by_radar,KCRI,max_mesh_75_mh19,sig_severe_obs,0.0,6.0,15.585690940757232,percentile,126,727,47,8,0.9402985074626866,0.8522860492379836,0.14634146341463414,0.0003175592277918249
by_radar,KCRI,max_mesh_75_mh19,sig_severe_obs,0.0,7.0,16.116255411329643,percentile,126,718,56,8,0.9402985074626866,0.8507109004739336,0.14788732394366197,0.003964752384290877
by_radar,KCRI,max_mesh_75_mh19,sig_severe_obs,0.0,8.0,17.428576118180626,percentile,126,709,65,8,0.9402985074626866,0.8491017964071856,0.1494661921708185,0.007675986781938568
by_radar,KCRI,max_mesh_75_mh19,sig_severe_obs,0.0,9.0,18.159855664373655,percentile,126,700,74,8,0.9402985074626866,0.847457627118644,0.1510791366906475,0.011452964115686009
by_radar,KCRI,max_mesh_75_mh19,sig_severe_obs,0.0,10.0,19.130182193561346,percentile,126,691,83,8,0.9402985074626866,0.8457772337821298,0.15272727272727274,0.015297446908860727
by_radar,KCRI,max_mesh_75_mh19,sig_severe_obs,0.0,11.0,19.622318487172166,percentile,125,683,91,9,0.9328358208955224,0.8452970297029703,0.15299877600979192,0.016368395346215984
by_radar,KCRI,max_mesh_75_mh19,sig_severe_obs,0.0,12.0,20.269093082109332,percentile,125,674,100,9,0.9328358208955224,0.8435544430538173,0.1547029702970297,0.020327566378950827
by_radar,KCRI,max_mesh_75_mh19,sig_severe_obs,0.0,13.0,20.77462994738206,percentile,124,666,108,10,0.9253731343283582,0.8430379746835444,0.155,0.021464372712316188
by_radar,KCRI,max_mesh_75_mh19,sig_severe_obs,0.0,14.0,21.239143098913743,percentile,124,657,117,10,0.9253731343283582,0.8412291933418694,0.15676359039190899,0.025544156830439316
by_radar,KCRI,max_mesh_75_mh19,sig_severe_obs,0.0,15.0,21.722092793926766,percentile,124,647,127,10,0.9253731343283582,0.8391699092088197,0.1587708066581306,0.030166863920716876
by_radar,KCRI,max_mesh_75_mh19,sig_severe_obs,0.0,16.0,22.321295241162897,percentile,122,640,134,12,0.9104477611940298,0.8398950131233596,0.15762273901808785,0.028449894313959747
by_radar,KCRI,max_mesh_75_mh19,sig_severe_obs,0.0,17.0,22.616386556066363,percentile,120,633,141,14,0.8955223880597015,0.8406374501992032,0.15645371577574968,0.026700155071637796
by_radar,KCRI,max_mesh_75_mh19,sig_severe_obs,0.0,18.0,22.972684436096404,percentile,118,626,148,16,0.8805970149253731,0.8413978494623656,0.15526315789473685,0.02491669900574074
by_radar,KCRI,max_mesh_75_mh19,sig_severe_obs,0.0,19.0,23.306118494480426,percentile,118,617,157,16,0.8805970149253731,0.8394557823129252,0.15712383488681758,0.029232931129997704
by_radar,KCRI,max_mesh_75_mh19,sig_severe_obs,0.0,20.0,23.548832962575794,percentile,118,608,166,16,0.8805970149253731,0.837465564738292,0.15902964959568733,0.033633969627092745
by_radar,KCRI,max_mesh_75_mh19,sig_severe_obs,0.0,21.0,23.826305616925012,percentile,118,599,175,16,0.8805970149253731,0.8354253835425384,0.16098226466575716,0.03812233873968223
by_radar,KCRI,max_mesh_75_mh19,sig_severe_obs,0.0,22.0,24.28634529103576,percentile,118,590,184,16,0.8805970149253731,0.8333333333333334,0.16298342541436464,0.042700663892329745
by_radar,KCRI,max_mesh_75_mh19,sig_severe_obs,0.0,23.0,24.84678863055505,percentile,118,581,193,16,0.8805970149253731,0.8311874105865522,0.16503496503496504,0.04737167681255184
by_radar,KCRI,max_mesh_75_mh19,sig_severe_obs,0.0,24.0,25.2675906173712,percentile,117,573,201,17,0.8731343283582089,0.8304347826086956,0.16548797736916548,0.04891420130949169
by_radar,KCRI,max_mesh_75_mh19,sig_severe_obs,0.0,25.0,25.654555532969088,percentile,116,565,209,18,0.8656716417910447,0.8296622613803231,0.1659513590844063,0.050488599348534204
by_radar,KCRI,max_mesh_75_mh19,sig_severe_obs,0.0,26.0,26.155167073028476,percentile,115,557,217,19,0.8582089552238806,0.8288690476190477,0.16642547033285093,0.05209586915860749
by_radar,KCRI,max_mesh_75_mh19,sig_severe_obs,0.0,27.0,26.670522503303932,percentile,115,548,226,19,0.8582089552238806,0.8265460030165912,0.16862170087976538,0.05706310715175314
by_radar,KCRI,max_mesh_75_mh19,sig_severe_obs,0.0,28.0,26.87671735424272,percentile,115,539,235,19,0.8582089552238806,0.8241590214067278,0.17087667161961367,0.06213626738142131
by_radar,KCRI,max_mesh_75_mh19,sig_severe_obs,0.0,29.0,27.156796112769168,percentile,114,530,244,20,0.8507462686567164,0.8229813664596274,0.1716867469879518,0.06449969278724392
by_radar,KCRI,max_mesh_75_mh19,sig_severe_obs,0.0,30.0,27.361114014260956,percentile,113,522,252,21,0.8432835820895522,0.8220472440944881,0.1722560975609756,0.06633186383674954
by_radar,KCRI,max_mesh_75_mh19,sig_severe_obs,0.0,31.0,27.88905170410281,percentile,113,513,261,21,0.8432835820895522,0.8194888178913738,0.17465224111282843,0.0716812939392547
by_radar,KCRI,max_mesh_75_mh19,sig_severe_obs,0.0,32.0,28.19570437486701,percentile,112,505,269,22,0.835820895522388,0.8184764991896273,0.1752738654147105,0.0736344066037882
by_radar,KCRI,max_mesh_75_mh19,sig_severe_obs,0.0,33.0,28.412225200923963,percentile,112,496,278,22,0.835820895522388,0.8157894736842105,0.17777777777777778,0.07918683143040611
by_radar,KCRI,max_mesh_75_mh19,sig_severe_obs,0.0,34.0,28.821136973537545,percentile,112,487,287,22,0.835820895522388,0.8130217028380634,0.18035426731078905,0.0848659094869236
by_radar,KCRI,max_mesh_75_mh19,sig_severe_obs,0.0,35.0,29.0736208643686,percentile,111,479,295,23,0.8283582089552238,0.811864406779661,0.18107667210440456,0.0870387283885337
by_radar,KCRI,max_mesh_75_mh19,sig_severe_obs,0.0,36.0,29.506492650612543,percentile,110,471,303,24,0.8208955223880597,0.810671256454389,0.18181818181818182,0.08926226717891358
by_radar,KCRI,max_mesh_75_mh19,sig_severe_obs,0.0,37.0,29.7130809614535,percentile,109,463,311,25,0.8134328358208955,0.8094405594405595,0.18257956448911222,0.09153832275418655
by_radar,KCRI,max_mesh_75_mh19,sig_severe_obs,0.0,38.0,30.248642867407078,percentile,108,455,319,26,0.8059701492537313,0.8081705150976909,0.1833616298811545,0.09386877790502747
by_radar,KCRI,max_mesh_75_mh19,sig_severe_obs,0.0,39.0,30.627759227524276,percentile,107,447,327,27,0.7985074626865671,0.8068592057761733,0.18416523235800344,0.09625560651111223
by_radar,KCRI,max_mesh_75_mh19,sig_severe_obs,0.0,40.0,31.016229455371594,percentile,107,438,336,27,0.7985074626865671,0.8036697247706422,0.18706293706293706,0.10256083252563383
by_radar,KCRI,max_mesh_75_mh19,sig_severe_obs,0.0,41.0,31.410547645429755,percentile,107,429,345,27,0.7985074626865671,0.8003731343283582,0.19005328596802842,0.10902236223725663
by_radar,KCRI,max_mesh_75_mh19,sig_severe_obs,0.0,42.0,31.89714518414687,percentile,106,421,353,28,0.7910447761194029,0.7988614800759013,0.19099099099099098,0.11168923983335947
by_radar,KCRI,max_mesh_75_mh19,sig_severe_obs,0.0,43.0,32.090453552835655,percentile,102,415,359,32,0.7611940298507462,0.8027079303675049,0.18579234972677597,0.1031395287171419
by_radar,KCRI,max_mesh_75_mh19,sig_severe_obs,0.0,44.0,32.411731336482624,percentile,99,409,365,35,0.7388059701492538,0.8051181102362205,0.18232044198895028,0.09767408548049204
by_radar,KCRI,max_mesh_75_mh19,sig_severe_obs,0.0,45.0,32.75323827477948,percentile,97,402,372,37,0.7238805970149254,0.8056112224448898,0.18097014925373134,0.09618349688911462
by_radar,KCRI,max_mesh_75_mh19,sig_severe_obs,0.0,46.0,33.02443836208685,percentile,97,393,381,37,0.7238805970149254,0.8020408163265306,0.1840607210626186,0.10299766582734474
by_radar,KCRI,max_mesh_75_mh19,sig_severe_obs,0.0,47.0,33.201070970137955,percentile,92,389,385,42,0.6865671641791045,0.8087318087318087,0.17590822179732313,0.08885432770213637
by_radar,KCRI,max_mesh_75_mh19,sig_severe_obs,0.0,48.0,33.52231224774928,percentile,91,381,393,43,0.6791044776119403,0.8072033898305084,0.1766990291262136,0.09146859483849044
by_radar,KCRI,max_mesh_75_mh19,sig_severe_obs,0.0,49.0,33.75251025583671,percentile,91,372,402,43,0.6791044776119403,0.8034557235421166,0.17984189723320157,0.09849949281325958
by_radar,KCRI,max_mesh_75_mh19,sig_severe_obs,0.0,50.0,33.87134364476741,percentile,90,364,410,44,0.6716417910447762,0.801762114537445,0.18072289156626506,0.1013215859030837
by_radar,KCRI,max_mesh_75_mh19,sig_severe_obs,0.0,51.0,34.13920709555738,percentile,90,355,419,44,0.6716417910447762,0.797752808988764,0.18404907975460122,0.10869137357554765
by_radar,KCRI,max_mesh_75_mh19,sig_severe_obs,0.0,52.0,34.522530731417646,percentile,89,347,427,45,0.664179104477612,0.7958715596330275,0.18503118503118504,0.1117411008405039
by_radar,KCRI,max_mesh_75_mh19,sig_severe_obs,0.0,53.0,34.865972350040956,percentile,88,339,435,46,0.6567164179104478,0.7939110070257611,0.18604651162790697,0.11487978285968928
by_radar,KCRI,max_mesh_75_mh19,sig_severe_obs,0.0,54.0,35.06961267463365,percentile,86,332,442,48,0.6417910447761194,0.7942583732057417,0.18454935622317598,0.11344529178400378
by_radar,KCRI,max_mesh_75_mh19,sig_severe_obs,0.0,55.0,35.36054159171585,percentile,85,324,450,49,0.6343283582089553,0.7921760391198044,0.185589519650655,0.11670387448100315
by_radar,KCRI,max_mesh_75_mh19,sig_severe_obs,0.0,56.0,35.552786608270466,percentile,83,317,457,51,0.6194029850746269,0.7925,0.18403547671840353,0.11525344743587028
by_radar,KCRI,max_mesh_75_mh19,sig_severe_obs,0.0,57.0,35.794906250334094,percentile,82,309,465,52,0.6119402985074627,0.7902813299232737,0.18510158013544017,0.11864096883133644
by_radar,KCRI,max_mesh_75_mh19,sig_severe_obs,0.0,58.0,36.07337454931698,percentile,82,299,475,52,0.6119402985074627,0.7847769028871391,0.18937644341801385,0.12805051544135349
by_radar,KCRI,max_mesh_75_mh19,sig_severe_obs,0.0,59.0,36.25220167945531,percentile,80,292,482,54,0.5970149253731343,0.7849462365591398,0.18779342723004694,0.12670951099646424
by_radar,KCRI,max_mesh_75_mh19,sig_severe_obs,0.0,60.0,36.36175283975047,percentile,77,286,488,57,0.5746268656716418,0.7878787878787878,0.18333333333333332,0.12019480666229745
by_radar,KCRI,max_mesh_75_mh19,sig_severe_obs,0.0,61.0,36.54903089865419,percentile,75,279,495,59,0.5597014925373134,0.788135593220339,0.18159806295399517,0.11867950102230697
by_radar,KCRI,max_mesh_75_mh19,sig_severe_obs,0.0,62.0,36.83717168176227,percentile,73,272,502,61,0.5447761194029851,0.7884057971014493,0.17980295566502463,0.11711322385479689
by_radar,KCRI,max_mesh_75_mh19,sig_severe_obs,0.0,63.0,37.22821896901669,percentile,72,264,510,62,0.5373134328358209,0.7857142857142857,0.18090452261306533,0.12088669248497232
by_radar,KCRI,max_mesh_75_mh19,sig_severe_obs,0.0,64.0,37.69127374808027,percentile,70,257,517,64,0.5223880597014925,0.7859327217125383,0.17902813299232737,0.11930430999057265
by_radar,KCRI,max_mesh_75_mh19,sig_severe_obs,0.0,65.0,38.141913197104344,percentile,69,249,525,65,0.5149253731343284,0.7830188679245284,0.1801566579634465,0.12325026445915029
by_radar,KCRI,max_mesh_75_mh19,sig_severe_obs,0.0,66.0,38.49695798358966,percentile,68,241,533,66,0.5074626865671642,0.7799352750809061,0.18133333333333335,0.1273385258834431
by_radar,KCRI,max_mesh_75_mh19,sig_severe_obs,0.0,67.0,38.94491433702158,percentile,64,236,538,70,0.47761194029850745,0.7866666666666666,0.17297297297297298,0.11420847254456885
by_radar,KCRI,max_mesh_75_mh19,sig_severe_obs,0.0,68.0,39.23152596347562,percentile,62,229,545,72,0.4626865671641791,0.7869415807560137,0.17079889807162535,0.11238275871028086
by_radar,KCRI,max_mesh_75_mh19,sig_severe_obs,0.0,69.0,39.43107908590232,percentile,60,222,552,74,0.44776119402985076,0.7872340425531915,0.16853932584269662,0.11048743678678281
by_radar,KCRI,max_mesh_75_mh19,sig_severe_obs,0.0,70.0,39.66327952506668,percentile,60,213,561,74,0.44776119402985076,0.7802197802197802,0.1729106628242075,0.12077249048557316
by_radar,KCRI,max_mesh_75_mh19,sig_severe_obs,0.0,71.0,39.88954762207797,percentile,58,206,568,76,0.43283582089552236,0.7803030303030303,0.17058823529411765,0.11896831732224944
by_radar,KCRI,max_mesh_75_mh19,sig_severe_obs,0.0,72.0,40.20517483055301,percentile,57,197,577,77,0.4253731343283582,0.7755905511811023,0.17220543806646527,0.12468687551014664
by_radar,KCRI,max_mesh_75_mh19,sig_severe_obs,0.0,73.0,40.43783226479186,percentile,57,188,586,77,0.4253731343283582,0.7673469387755102,0.17701863354037267,0.13592749001694965
by_radar,KCRI,max_mesh_75_mh19,sig_severe_obs,0.0,74.0,40.849542280009175,percentile,56,180,594,78,0.417910447761194,0.7627118644067796,0.17834394904458598,0.1409838950981255
by_radar,KCRI,max_mesh_75_mh19,sig_severe_obs,0.0,75.0,41.23022212913721,percentile,54,173,601,80,0.40298507462686567,0.762114537444934,0.1758957654723127,0.13945578231292516
by_radar,KCRI,max_mesh_75_mh19,sig_severe_obs,0.0,76.0,41.41677942259745,percentile,52,166,608,82,0.3880597014925373,0.7614678899082569,0.17333333333333334,0.13786027137125179
by_radar,KCRI,max_mesh_75_mh19,sig_severe_obs,0.0,77.0,41.83820171231398,percentile,49,160,614,85,0.3656716417910448,0.7655502392344498,0.16666666666666666,0.12908327852422563
by_radar,KCRI,max_mesh_75_mh19,sig_severe_obs,0.0,78.0,42.24934412131144,percentile,46,154,620,88,0.34328358208955223,0.77,0.1597222222222222,0.11990131051940145
by_radar,KCRI,max_mesh_75_mh19,sig_severe_obs,0.0,79.0,42.572825538041116,percentile,44,147,627,90,0.3283582089552239,0.7696335078534031,0.15658362989323843,0.11773098494539014
by_radar,KCRI,max_mesh_75_mh19,sig_severe_obs,0.0,80.0,43.036105039103475,percentile,42,140,634,92,0.31343283582089554,0.7692307692307693,0.15328467153284672,0.11545567536699251
by_radar,KCRI,max_mesh_75_mh19,sig_severe_obs,0.0,81.0,43.50670659857132,percentile,40,133,641,94,0.29850746268656714,0.7687861271676301,0.149812734082397,0.11306757547592
by_radar,KCRI,max_mesh_75_mh19,sig_severe_obs,0.0,82.0,44.00245041169308,percentile,39,125,649,95,0.291044776119403,0.7621951219512195,0.15057915057915058,0.1185710755762646
by_radar,KCRI,max_mesh_75_mh19,sig_severe_obs,0.0,83.0,44.54265236227856,percentile,36,119,655,98,0.26865671641791045,0.7677419354838709,0.1422924901185771,0.10791770799377015
by_radar,KCRI,max_mesh_75_mh19,sig_severe_obs,0.0,84.0,45.08236371880814,percentile,34,112,662,100,0.2537313432835821,0.7671232876712328,0.13821138211382114,0.10513592919037525
by_radar,KCRI,max_mesh_75_mh19,sig_severe_obs,0.0,85.0,45.38822028226229,percentile,34,103,671,100,0.2537313432835821,0.7518248175182481,0.14345991561181434,0.11954984905804578
by_radar,KCRI,max_mesh_75_mh19,sig_severe_obs,0.0,86.0,46.22860965004213,percentile,33,94,680,101,0.2462686567164179,0.7401574803149606,0.14473684210526316,0.12757696401119475
by_radar,KCRI,max_mesh_75_mh19,sig_severe_obs,0.0,87.0,46.75115838725689,percentile,31,87,687,103,0.23134328358208955,0.7372881355932204,0.14027149321266968,0.1251166375917887
by_radar,KCRI,max_mesh_75_mh19,sig_severe_obs,0.0,88.0,47.583089421153325,percentile,31,78,696,103,0.23134328358208955,0.7155963302752294,0.14622641509433962,0.14148104810063103
by_radar,KCRI,max_mesh_75_mh19,sig_severe_obs,0.0,89.0,48.37282168643671,percentile,28,72,702,106,0.208955223880597,0.72,0.13592233009708737,0.12951872118574692
by_radar,KCRI,max_mesh_75_mh19,sig_severe_obs,0.0,90.0,49.15242052741322,percentile,25,66,708,109,0.1865671641791045,0.7252747252747253,0.125,0.1167904308773178
by_radar,KCRI,max_mesh_75_mh19,sig_severe_obs,0.0,91.0,49.77928352748508,percentile,21,61,713,113,0.15671641791044777,0.7439024390243902,0.1076923076923077,0.09279250310073958
by_radar,KCRI,max_mesh_75_mh19,sig_severe_obs,0.0,92.0,50.33935371955892,percentile,18,55,719,116,0.13432835820895522,0.7534246575342466,0.09523809523809523,0.07793719416599364
by_radar,KCRI,max_mesh_75_mh19,sig_severe_obs,0.0,93.0,51.00656115463011,percentile,14,50,724,120,0.1044776119402985,0.78125,0.07608695652173914,0.050863298735796154
by_radar,KCRI,max_mesh_75_mh19,sig_severe_obs,0.0,94.0,51.91558404448197,percentile,12,43,731,122,0.08955223880597014,0.7818181818181819,0.06779661016949153,0.044953847722984344
by_radar,KCRI,max_mesh_75_mh19,sig_severe_obs,0.0,95.0,52.45673967774303,percentile,10,36,738,124,0.07462686567164178,0.782608695652174,0.058823529411764705,0.038593890624172796
by_radar,KCRI,max_mesh_75_mh19,sig_severe_obs,0.0,96.0,53.44765981418058,percentile,6,31,743,128,0.04477611940298507,0.8378378378378378,0.03636363636363636,0.006742253288568441
by_radar,KCRI,max_mesh_75_mh19,sig_severe_obs,0.0,97.0,55.013877593856954,percentile,5,23,751,129,0.03731343283582089,0.8214285714285714,0.03184713375796178,0.011290045274800849
by_radar,KCRI,max_mesh_75_mh19,sig_severe_obs,0.0,98.0,56.793597853240634,percentile,5,14,760,129,0.03731343283582089,0.7368421052631579,0.033783783783783786,0.02979855341024568
by_radar,KCRI,max_mesh_75_mh19,sig_severe_obs,0.0,99.0,58.71760949420967,percentile,1,9,765,133,0.007462686567164179,0.9,0.006993006993006993,-0.006746205259541508
by_radar,KCRI,max_mesh_75_mh19,sig_severe_obs,0.0,100.0,66.53414062792001,percentile,0,1,773,134,0.0,1.0,0.0,-0.0021911177971090327
by_radar,KTLX,max_reflectivity,severe_obs,0.0,0.0,41.95051574707031,percentile,727,369,0,0,1.0,0.33667883211678834,0.6633211678832117,0.0
by_radar,KTLX,max_reflectivity,severe_obs,0.0,1.0,45.930517959594724,percentile,721,364,5,6,0.9917469050894085,0.33548387096774196,0.6608615948670944,0.006959511413892575
by_radar,KTLX,max_reflectivity,severe_obs,0.0,2.0,47.280738067626956,percentile,717,357,12,10,0.9862448418156808,0.3324022346368715,0.6614391143911439,0.02441911229687121
by_radar,KTLX,max_reflectivity,severe_obs,0.0,3.0,48.09130325317383,percentile,716,347,22,11,0.984869325997249,0.3264346190028222,0.6666666666666666,0.05734699859215161
by_radar,KTLX,max_reflectivity,severe_obs,0.0,4.0,48.782883453369145,percentile,713,339,30,14,0.9807427785419532,0.32224334600760457,0.6688555347091932,0.07922394425193252
by_radar,KTLX,max_reflectivity,severe_obs,0.0,5.0,49.224061012268066,percentile,711,330,39,16,0.9779917469050894,0.3170028818443804,0.6726584673604541,0.10586304625643106
by_radar,KTLX,max_reflectivity,severe_obs,0.0,6.0,49.60877799987793,percentile,707,323,46,20,0.9724896836313618,0.31359223300970873,0.6733333333333333,0.12177025221234804
by_radar,KTLX,max_reflectivity,severe_obs,0.0,7.0,50.016239929199216,percentile,702,317,52,25,0.9656121045392022,0.31108930323846906,0.6724137931034483,0.13231324799185165
by_radar,KTLX,max_reflectivity,severe_obs,0.0,8.0,50.547028350830075,percentile,698,310,59,29,0.9601100412654745,0.30753968253968256,0.6730954676952748,0.14769411462443338
by_radar,KTLX,max_reflectivity,severe_obs,0.0,9.0,50.98007183074951,percentile,695,302,67,32,0.9559834938101788,0.3029087261785356,0.6754130223517979,0.16778291570614687
by_radar,KTLX,max_reflectivity,severe_obs,0.0,10.0,51.33774375915527,percentile,691,295,74,36,0.9504814305364512,0.29918864097363085,0.6761252446183953,0.1825760921487864
by_radar,KTLX,max_reflectivity,severe_obs,0.0,11.0,51.72238273620606,percentile,686,289,80,41,0.9436038514442916,0.2964102564102564,0.6751968503937008,0.19221337287991747
by_radar,KTLX,max_reflectivity,severe_obs,0.0,12.0,52.04063186645508,percentile,683,281,88,44,0.9394773039889959,0.29149377593361,0.6775793650793651,0.21138859369465107
by_radar,KTLX,max_reflectivity,severe_obs,0.0,13.0,52.28625831604003,percentile,677,276,93,50,0.9312242090784044,0.28961175236096537,0.674975074775673,0.21579920020719112
by_radar,KTLX,max_reflectivity,severe_obs,0.0,14.0,52.64825630187988,percentile,674,268,101,53,0.9270976616231087,0.28450106157112526,0.6773869346733669,0.2344436804219725
by_radar,KTLX,max_reflectivity,severe_obs,0.0,15.0,52.821457862854004,percentile,668,263,106,59,0.9188445667125172,0.2824919441460795,0.6747474747474748,0.23858345523350896
by_radar,KTLX,max_reflectivity,severe_obs,0.0,16.0,53.02206726074219,percentile,663,257,112,64,0.9119669876203577,0.2793478260869565,0.6737804878048781,0.2473429290249705
by_radar,KTLX,max_reflectivity,severe_obs,0.0,17.0,53.24077529907227,percentile,658,251,118,69,0.9050894085281981,0.2761276127612761,0.6728016359918201,0.25595604302352715
by_radar,KTLX,max_reflectivity,severe_obs,0.0,18.0,53.38491973876953,percentile,655,243,126,72,0.9009628610729024,0.27060133630289535,0.6752577319587629,0.27364992804665605
by_radar,KTLX,max_reflectivity,severe_obs,0.0,19.0,53.57855587005615,percentile,651,236,133,76,0.8954607977991746,0.266065388951522,0.67601246105919,0.2864791777083168
by_radar,KTLX,max_reflectivity,severe_obs,0.0,20.0,53.8847770690918,percentile,645,232,137,82,0.8872077028885832,0.2645381984036488,0.6725755995828988,0.28722976807379885
by_radar,KTLX,max_reflectivity,severe_obs,0.0,21.0,54.01478824615479,percentile,640,226,143,87,0.8803301237964236,0.26096997690531176,0.6715634837355718,0.29524779975511745
by_radar,KTLX,max_reflectivity,severe_obs,0.0,22.0,54.144775390625,percentile,632,223,146,95,0.8693259972489684,0.2608187134502924,0.6652631578947369,0.2897359293420447
by_radar,KTLX,max_reflectivity,severe_obs,0.0,23.0,54.36569080352783,percentile,626,218,151,101,0.8610729023383769,0.25829383886255924,0.6624338624338625,0.29317483422286916
by_radar,KTLX,max_reflectivity,severe_obs,0.0,24.0,54.560489654541016,percentile,620,213,156,107,0.8528198074277854,0.25570228091236497,0.6595744680851063,0.2965594149761923
by_radar,KTLX,max_reflectivity,severe_obs,0.0,25.0,54.727821350097656,percentile,614,208,161,113,0.844566712517194,0.25304136253041365,0.6566844919786097,0.2998909487459106
by_radar,KTLX,max_reflectivity,severe_obs,0.0,26.0,54.89659538269043,percentile,609,202,167,118,0.8376891334250344,0.24907521578298397,0.6555435952637244,0.30749880541964325
by_radar,KTLX,max_reflectivity,severe_obs,0.0,27.0,54.99829063415528,percentile,603,197,172,124,0.8294360385144429,0.24625,0.6525974025974026,0.31069452499255473
by_radar,KTLX,max_reflectivity,severe_obs,0.0,28.0,55.16280059814453,percentile,596,193,176,131,0.8198074277854195,0.24461343472750316,0.6478260869565218,0.3095794528804464
by_radar,KTLX,max_reflectivity,severe_obs,0.0,29.0,55.256246948242186,percentile,588,190,179,139,0.8088033012379643,0.2442159383033419,0.6412213740458015,0.30425185425301193
by_radar,KTLX,max_reflectivity,severe_obs,0.0,30.0,55.331336975097656,percentile,580,187,182,147,0.797799174690509,0.2438070404172099,0.6345733041575492,0.29900460737716533
by_radar,KTLX,max_reflectivity,severe_obs,0.0,31.0,55.455303001403806,percentile,573,183,186,154,0.7881705639614855,0.24206349206349206,0.6296703296703297,0.29800206787495437
by_radar,KTLX,max_reflectivity,severe_obs,0.0,32.0,55.5560188293457,percentile,566,179,190,161,0.7785419532324622,0.24026845637583893,0.6247240618101545,0.2970144241834282
by_radar,KTLX,max_reflectivity,severe_obs,0.0,33.0,55.665113830566405,percentile,558,176,193,169,0.7675378266850069,0.23978201634877383,0.6179401993355482,0.291936631586832
by_radar,KTLX,max_reflectivity,severe_obs,0.0,34.0,55.7921646118164,percentile,550,173,196,177,0.7565337001375516,0.2392807745504841,0.6111111111111112,0.286933180657226
by_radar,KTLX,max_reflectivity,severe_obs,0.0,35.0,55.897972106933594,percentile,541,171,198,186,0.7441540577716643,0.2401685393258427,0.6024498886414253,0.27795739403870856
by_radar,KTLX,max_reflectivity,severe_obs,0.0,36.0,56.00978317260742,percentile,532,169,200,195,0.7317744154057771,0.24108416547788872,0.59375,0.26911112169633994
by_radar,KTLX,max_reflectivity,severe_obs,0.0,37.0,56.19669742584229,percentile,521,169,200,206,0.7166437414030261,0.24492753623188407,0.5814732142857143,0.2524173657443449
by_radar,KTLX,max_reflectivity,severe_obs,0.0,38.0,56.34919471740723,percentile,515,164,205,212,0.7083906464924347,0.24153166421207659,0.5780022446689114,0.25575481750374746
by_radar,KTLX,max_reflectivity,severe_obs,0.0,39.0,56.420969009399414,percentile,506,162,207,221,0.6960110041265475,0.24251497005988024,0.5691788526434196,0.24725274725274726
by_radar,KTLX,max_reflectivity,severe_obs,0.0,40.0,56.49694442749024,percentile,497,161,208,230,0.6836313617606602,0.24468085106382978,0.5596846846846847,0.23643153941000805
by_radar,KTLX,max_reflectivity,severe_obs,0.0,41.0,56.669155311584475,percentile,488,159,210,239,0.671251719394773,0.24574961360123648,0.5507900677200903,0.22817720811230682
by_radar,KTLX,max_reflectivity,severe_obs,0.0,42.0,56.77033157348633,percentile,480,156,213,247,0.6602475928473177,0.24528301886792453,0.5436013590033975,0.22388877955523068
by_radar,KTLX,max_reflectivity,severe_obs,0.0,43.0,56.970640754699716,percentile,471,154,215,256,0.6478679504814305,0.2464,0.5346197502837684,0.21583409243999568
by_radar,KTLX,max_reflectivity,severe_obs,0.0,44.0,57.067813110351565,percentile,465,149,220,262,0.6396148555708391,0.24267100977198697,0.5308219178082192,0.21928663038580193
by_radar,KTLX,max_reflectivity,severe_obs,0.0,45.0,57.197391510009766,percentile,457,146,223,270,0.6286107290233838,0.24212271973466004,0.5234822451317297,0.21514568321174418
by_radar,KTLX,max_reflectivity,severe_obs,0.0,46.0,57.35906829833985,percentile,448,144,225,279,0.6162310866574966,0.24324324324324326,0.5143513203214696,0.20731256924781485
by_radar,KTLX,max_reflectivity,severe_obs,0.0,47.0,57.496875572204594,percentile,439,142,227,288,0.6038514442916093,0.24440619621342513,0.5051783659378596,0.19958423489369798
by_radar,KTLX,max_reflectivity,severe_obs,0.0,48.0,57.62498931884765,percentile,432,138,231,295,0.594222833562586,0.24210526315789474,0.49942196531791905,0.19935485177112083
by_radar,KTLX,max_reflectivity,severe_obs,0.0,49.0,57.69584293365479,percentile,423,136,233,304,0.5818431911966988,0.24329159212880144,0.4901506373117034,0.19178105150250557
by_radar,KTLX,max_reflectivity,severe_obs,0.0,50.0,57.82258605957031,percentile,416,132,237,311,0.5722145804676754,0.24087591240875914,0.4842840512223516,0.19160583941605838
by_radar,KTLX,max_reflectivity,severe_obs,0.0,51.0,57.981071090698244,percentile,407,130,239,320,0.5598349381017882,0.24208566108007448,0.4749124854142357,0.18418118720494386
by_radar,KTLX,max_reflectivity,severe_obs,0.0,52.0,58.07320175170898,percentile,398,128,241,329,0.547455295735901,0.24334600760456274,0.4654970760233918,0.17685263704550983
by_radar,KTLX,max_reflectivity,severe_obs,0.0,53.0,58.15275382995606,percentile,389,126,243,338,0.5350756533700137,0.2446601941747573,0.45603751465416176,0.16961833506960886
by_radar,KTLX,max_reflectivity,severe_obs,0.0,54.0,58.26474533081055,percentile,385,119,250,342,0.5295735900962861,0.2361111111111111,0.45508274231678486,0.18025829060938411
by_radar,KTLX,max_reflectivity,severe_obs,0.0,55.0,58.44689083099365,percentile,380,113,256,347,0.5226960110041265,0.22920892494929007,0.4523809523809524,0.18722936395087522
by_radar,KTLX,max_reflectivity,severe_obs,0.0,56.0,58.62684326171875,percentile,371,111,258,356,0.5103163686382394,0.23029045643153526,0.44272076372315033,0.1800665133058651
by_radar,KTLX,max_reflectivity,severe_obs,0.0,57.0,58.77847099304199,percentile,362,109,260,365,0.49793672627235214,0.23142250530785563,0.43301435406698563,0.17299346996214424
by_radar,KTLX,max_reflectivity,severe_obs,0.0,58.0,58.87468643188476,percentile,354,106,263,373,0.48693259972489683,0.23043478260869565,0.4249699879951981,0.1694762953400663
by_radar,KTLX,max_reflectivity,severe_obs,0.0,59.0,59.01396121978759,percentile,346,103,266,381,0.4759284731774415,0.22939866369710468,0.41686746987951806,0.1660026727458533
by_radar,KTLX,max_reflectivity,severe_obs,0.0,60.0,59.16558837890625,percentile,339,100,269,388,0.46629986244841815,0.22779043280182232,0.40991535671100365,0.16381658146115724
by_radar,KTLX,max_reflectivity,severe_obs,0.0,61.0,59.251738929748534,percentile,331,97,272,396,0.45529573590096284,0.2266355140186916,0.4016990291262136,0.16041816870944484
by_radar,KTLX,max_reflectivity,severe_obs,0.0,62.0,59.38040008544922,percentile,324,93,276,403,0.44566712517193946,0.22302158273381295,0.3951219512195122,0.1604463896859643
by_radar,KTLX,max_reflectivity,severe_obs,0.0,63.0,59.51844654083252,percentile,318,88,281,409,0.437414030261348,0.21674876847290642,0.3901840490797546,0.1638391020563548
by_radar,KTLX,max_reflectivity,severe_obs,0.0,64.0,59.65001602172852,percentile,312,83,286,415,0.42916093535075656,0.21012658227848102,0.3851851851851852,0.16719104278115665
by_radar,KTLX,max_reflectivity,severe_obs,0.0,65.0,59.74331188201904,percentile,303,81,288,424,0.4167812929848693,0.2109375,0.375,0.16052902990960383
by_radar,KTLX,max_reflectivity,severe_obs,0.0,66.0,59.85893287658691,percentile,293,80,289,434,0.4030261348005502,0.21447721179624665,0.3630731102850062,0.1506412286018412
by_radar,KTLX,max_reflectivity,severe_obs,0.0,67.0,60.03561286926269,percentile,285,77,292,442,0.3920220082530949,0.212707182320442,0.35447761194029853,0.14744093190007135
by_radar,KTLX,max_reflectivity,severe_obs,0.0,68.0,60.15555191040039,percentile,277,74,295,450,0.3810178817056396,0.21082621082621084,0.34581772784019976,0.1442781918365036
by_radar,KTLX,max_reflectivity,severe_obs,0.0,69.0,60.24187602996827,percentile,270,70,299,457,0.3713892709766162,0.20588235294117646,0.33877038895859474,0.14439941221084565
by_radar,KTLX,max_reflectivity,severe_obs,0.0,70.0,60.36029624938965,percentile,261,68,301,466,0.35900962861072905,0.2066869300911854,0.3283018867924528,0.13806276785319804
by_radar,KTLX,max_reflectivity,severe_obs,0.0,71.0,60.49985942840576,percentile,253,65,304,474,0.34800550206327374,0.20440251572327045,0.3194444444444444,0.13500881472674348
by_radar,KTLX,max_reflectivity,severe_obs,0.0,72.0,60.58562088012696,percentile,244,63,306,483,0.3356258596973865,0.20521172638436483,0.30886075949367087,0.1287986652807016
by_radar,KTLX,max_reflectivity,severe_obs,0.0,73.0,60.757332229614256,percentile,234,62,307,493,0.3218707015130674,0.20945945945945946,0.2965779467680608,0.1194862946278647
by_radar,KTLX,max_reflectivity,severe_obs,0.0,74.0,60.90623397827149,percentile,225,60,309,502,0.30949105914718017,0.21052631578947367,0.28589580686149935,0.11343452865873493
by_radar,KTLX,max_reflectivity,severe_obs,0.0,75.0,61.06748580932617,percentile,218,56,313,509,0.2998624484181568,0.20437956204379562,0.2784163473818646,0.11372549019607843
by_radar,KTLX,max_reflectivity,severe_obs,0.0,76.0,61.216101837158206,percentile,209,54,315,518,0.2874828060522696,0.20532319391634982,0.2676056338028169,0.10777384656110259
by_radar,KTLX,max_reflectivity,severe_obs,0.0,77.0,61.38370246887207,percentile,202,50,319,525,0.27785419532324623,0.1984126984126984,0.25997425997426,0.10809311383347298
by_radar,KTLX,max_reflectivity,severe_obs,0.0,78.0,61.51923522949219,percentile,193,48,321,534,0.265474552957359,0.1991701244813278,0.24903225806451612,0.10223866102568
by_radar,KTLX,max_reflectivity,severe_obs,0.0,79.0,61.77623691558839,percentile,183,47,322,544,0.2517193947730399,0.20434782608695654,0.2364341085271318,0.09338066098212336
by_radar,KTLX,max_reflectivity,severe_obs,0.0,80.0,62.013275146484375,percentile,178,42,327,549,0.24484181568088034,0.19090909090909092,0.23146944083224968,0.09790092920649776
by_radar,KTLX,max_reflectivity,severe_obs,0.0,81.0,62.17374019622803,percentile,170,39,330,557,0.23383768913342504,0.18660287081339713,0.22193211488250653,0.09523110378547585
by_radar,KTLX,max_reflectivity,severe_obs,0.0,82.0,62.36115493774414,percentile,160,38,331,567,0.2200825309491059,0.1919191919191919,0.20915032679738563,0.08655091278784639
by_radar,KTLX,max_reflectivity,severe_obs,0.0,83.0,62.50540599822998,percentile,153,34,335,574,0.21045392022008252,0.18181818181818182,0.20105124835742444,0.08697451243138964
by_radar,KTLX,max_reflectivity,severe_obs,0.0,84.0,62.728851318359375,percentile,143,33,336,584,0.19669876203576342,0.1875,0.1881578947368421,0.07843180009376056
by_radar,KTLX,max_reflectivity,severe_obs,0.0,85.0,62.89587116241455,percentile,133,32,337,594,0.1829436038514443,0.19393939393939394,0.17523056653491437,0.06998029067860251
by_radar,KTLX,max_reflectivity,severe_obs,0.0,86.0,63.10434417724609,percentile,125,29,340,602,0.171939477303989,0.18831168831168832,0.16534391534391535,0.06752959577164738
by_radar,KTLX,max_reflectivity,severe_obs,0.0,87.0,63.241645622253415,percentile,117,26,343,610,0.1609353507565337,0.18181818181818182,0.1553784860557769,0.06510478837121345
by_radar,KTLX,max_reflectivity,severe_obs,0.0,88.0,63.49814987182617,percentile,106,26,343,621,0.14580467675378267,0.19696969696969696,0.1407702523240372,0.0539320326175127
by_radar,KTLX,max_reflectivity,severe_obs,0.0,89.0,63.68907814025879,percentile,98,23,346,629,0.13480055020632736,0.19008264462809918,0.13066666666666665,0.051603638612613044
by_radar,KTLX,max_reflectivity,severe_obs,0.0,90.0,63.887529373168945,percentile,92,18,351,635,0.1265474552957359,0.16363636363636364,0.12348993288590604,0.055087587732964356
by_radar,KTLX,max_reflectivity,severe_obs,0.0,91.0,64.14640312194824,percentile,83,16,353,644,0.11416781292984869,0.16161616161616163,0.1117092866756393,0.04989820713206804
by_radar,KTLX,max_reflectivity,severe_obs,0.0,92.0,64.35886688232422,percentile,75,13,356,652,0.1031636863823934,0.14772727272727273,0.10135135135135136,0.04762651446252914
by_radar,KTLX,max_reflectivity,severe_obs,0.0,93.0,64.77408943176269,percentile,65,12,357,662,0.08940852819807428,0.15584415584415584,0.08795669824086604,0.039678846008845255
by_radar,KTLX,max_reflectivity,severe_obs,0.0,94.0,65.04692993164062,percentile,56,10,359,671,0.07702888583218707,0.15151515151515152,0.07598371777476255,0.03464724172361879
by_radar,KTLX,max_reflectivity,severe_obs,0.0,95.0,65.24038696289062,percentile,46,9,360,681,0.06327372764786796,0.16363636363636364,0.0625,0.026845896677656213
by_radar,KTLX,max_reflectivity,severe_obs,0.0,96.0,65.75229797363282,percentile,36,8,361,691,0.04951856946354883,0.18181818181818182,0.04897959183673469,0.01912322032162245
by_radar,KTLX,max_reflectivity,severe_obs,0.0,97.0,66.38205757141111,percentile,27,6,363,700,0.037138927097661624,0.18181818181818182,0.036834924965893585,0.01427046363082787
by_radar,KTLX,max_reflectivity,severe_obs,0.0,98.0,67.00582275390624,percentile,19,3,366,708,0.026134800550206328,0.13636363636363635,0.026027397260273973,0.012244649620491916
by_radar,KTLX,max_reflectivity,severe_obs,0.0,99.0,68.21883659362793,percentile,10,1,368,717,0.013755158184319119,0.09090909090909091,0.013736263736263736,0.00747426386194684
by_radar,KTLX,max_reflectivity,severe_obs,0.0,100.0,69.94667053222656,percentile,1,0,369,726,0.001375515818431912,0.0,0.001375515818431912,0.0009266304552542961
by_radar,KTLX,max_reflectivity,sig_severe_obs,0.0,0.0,41.95051574707031,percentile,147,949,0,0,1.0,0.8658759124087592,0.13412408759124086,0.0
by_radar,KTLX,max_reflectivity,sig_severe_obs,0.0,1.0,45.930517959594724,percentile,147,938,11,0,1.0,0.864516129032258,0.13548387096774195,0.003135902691989194
by_radar,KTLX,max_reflectivity,sig_severe_obs,0.0,2.0,47.280738067626956,percentile,146,928,21,1,0.9931972789115646,0.8640595903165735,0.13581395348837208,0.00418207069225202
by_radar,KTLX,max_reflectivity,sig_severe_obs,0.0,3.0,48.09130325317383,percentile,146,917,32,1,0.9931972789115646,0.8626528692380057,0.13721804511278196,0.007408956649217965
by_radar,KTLX,max_reflectivity,sig_severe_obs,0.0,4.0,48.782883453369145,percentile,146,906,43,1,0.9931972789115646,0.8612167300380228,0.13865147198480532,0.010692504896418847
by_radar,KTLX,max_reflectivity,sig_severe_obs,0.0,5.0,49.224061012268066,percentile,145,896,53,2,0.9863945578231292,0.8607108549471661,0.13902205177372962,0.011833404618903327
by_radar,KTLX,max_reflectivity,sig_severe_obs,0.0,6.0,49.60877799987793,percentile,144,886,63,3,0.9795918367346939,0.8601941747572815,0.1393998063891578,0.012994695959771955
by_radar,KTLX,max_reflectivity,sig_severe_obs,0.0,7.0,50.016239929199216,percentile,142,877,72,5,0.9659863945578231,0.8606476938174681,0.138671875,0.01193642357029693
by_radar,KTLX,max_reflectivity,sig_severe_obs,0.0,8.0,50.547028350830075,percentile,142,866,83,5,0.9659863945578231,0.8591269841269841,0.140177690029615,0.015380680083504551
by_radar,KTLX,max_reflectivity,sig_severe_obs,0.0,9.0,50.98007183074951,percentile,142,855,94,5,0.9659863945578231,0.8575727181544633,0.14171656686626746,0.018888192641661444
by_radar,KTLX,max_reflectivity,sig_severe_obs,0.0,10.0,51.33774375915527,percentile,142,844,105,5,0.9659863945578231,0.8559837728194726,0.1432896064581231,0.02246072000369793
by_radar,KTLX,max_reflectivity,sig_severe_obs,0.0,11.0,51.72238273620606,percentile,142,833,116,5,0.9659863945578231,0.8543589743589743,0.14489795918367346,0.026100086738729798
by_radar,KTLX,max_reflectivity,sig_severe_obs,0.0,12.0,52.04063186645508,percentile,142,822,127,5,0.9659863945578231,0.8526970954356846,0.14654282765737875,0.029808186333276247
by_radar,KTLX,max_reflectivity,sig_severe_obs,0.0,13.0,52.28625831604003,percentile,141,812,137,6,0.9591836734693877,0.8520461699895068,0.1470281543274244,0.031218325124430256
by_radar,KTLX,max_reflectivity,sig_severe_obs,0.0,14.0,52.64825630187988,percentile,140,802,147,7,0.9523809523809523,0.851380042462845,0.1475237091675448,0.03265560835962627
by_radar,KTLX,max_reflectivity,sig_severe_obs,0.0,15.0,52.821457862854004,percentile,139,792,157,8,0.9455782312925171,0.8506981740064447,0.14802981895633652,0.034120827430615994
by_radar,KTLX,max_reflectivity,sig_severe_obs,0.0,16.0,53.02206726074219,percentile,138,782,167,9,0.9387755102040817,0.85,0.14854682454251883,0.03561480479491675
by_radar,KTLX,max_reflectivity,sig_severe_obs,0.0,17.0,53.24077529907227,percentile,136,773,176,11,0.9251700680272109,0.8503850385038504,0.14782608695652175,0.034675833866963254
by_radar,KTLX,max_reflectivity,sig_severe_obs,0.0,18.0,53.38491973876953,percentile,136,762,187,11,0.9251700680272109,0.8485523385300668,0.1496149614961496,0.03869248889151125
by_radar,KTLX,max_reflectivity,sig_severe_obs,0.0,19.0,53.57855587005615,percentile,136,751,198,11,0.9251700680272109,0.846674182638106,0.1514476614699332,0.04279037142143255
by_radar,KTLX,max_reflectivity,sig_severe_obs,0.0,20.0,53.8847770690918,percentile,136,741,208,11,0.9251700680272109,0.8449258836944128,0.15315315315315314,0.04658829844088721
by_radar,KTLX,max_reflectivity,sig_severe_obs,0.0,21.0,54.01478824615479,percentile,136,730,219,11,0.9251700680272109,0.8429561200923787,0.15507411630558723,0.05084824997311966
by_radar,KTLX,max_reflectivity,sig_severe_obs,0.0,22.0,54.144775390625,percentile,135,720,229,12,0.9183673469387755,0.8421052631578947,0.15570934256055363,0.05260845844817447
by_radar,KTLX,max_reflectivity,sig_severe_obs,0.0,23.0,54.36569080352783,percentile,135,709,240,12,0.9183673469387755,0.840047393364929,0.15771028037383178,0.05702147971360382
by_radar,KTLX,max_reflectivity,sig_severe_obs,0.0,24.0,54.560489654541016,percentile,134,699,250,13,0.9115646258503401,0.8391356542617047,0.15839243498817968,0.05888482328281744
by_radar,KTLX,max_reflectivity,sig_severe_obs,0.0,25.0,54.727821350097656,percentile,134,688,261,13,0.9115646258503401,0.8369829683698297,0.16047904191616766,0.06346025384101536
by_radar,KTLX,max_reflectivity,sig_severe_obs,0.0,26.0,54.89659538269043,percentile,133,678,271,14,0.9047619047619048,0.8360049321824907,0.16121212121212122,0.0654341038083432
by_radar,KTLX,max_reflectivity,sig_severe_obs,0.0,27.0,54.99829063415528,percentile,132,668,281,15,0.8979591836734694,0.835,0.1619631901840491,0.06745133995754393
by_radar,KTLX,max_reflectivity,sig_severe_obs,0.0,28.0,55.16280059814453,percentile,130,659,290,17,0.8843537414965986,0.835234474017744,0.16129032258064516,0.06675232085049566
by_radar,KTLX,max_reflectivity,sig_severe_obs,0.0,29.0,55.256246948242186,percentile,130,648,301,17,0.8843537414965986,0.8329048843187661,0.16352201257861634,0.07162182129446111
by_radar,KTLX,max_reflectivity,sig_severe_obs,0.0,30.0,55.331336975097656,percentile,130,637,312,17,0.8843537414965986,0.8305084745762712,0.16581632653061223,0.07660200503448648
by_radar,KTLX,max_reflectivity,sig_severe_obs,0.0,31.0,55.455303001403806,percentile,128,628,321,19,0.8707482993197279,0.8306878306878307,0.16516129032258065,0.07598407138687349
by_radar,KTLX,max_reflectivity,sig_severe_obs,0.0,32.0,55.5560188293457,percentile,127,618,331,20,0.8639455782312925,0.8295302013422818,0.16601307189542483,0.07824129121726545
by_radar,KTLX,max_reflectivity,sig_severe_obs,0.0,33.0,55.665113830566405,percentile,127,607,342,20,0.8639455782312925,0.8269754768392371,0.16843501326259946,0.08347515271146203
by_radar,KTLX,max_reflectivity,sig_severe_obs,0.0,34.0,55.7921646118164,percentile,124,599,350,23,0.8435374149659864,0.8284923928077456,0.16621983914209115,0.07995864812850391
by_radar,KTLX,max_reflectivity,sig_severe_obs,0.0,35.0,55.897972106933594,percentile,123,589,360,24,0.8367346938775511,0.827247191011236,0.1671195652173913,0.08234535660041303
by_radar,KTLX,max_reflectivity,sig_severe_obs,0.0,36.0,56.00978317260742,percentile,120,581,368,27,0.8163265306122449,0.8288159771754636,0.16483516483516483,0.07872929322534888
by_radar,KTLX,max_reflectivity,sig_severe_obs,0.0,37.0,56.19669742584229,percentile,117,573,376,30,0.7959183673469388,0.8304347826086956,0.1625,0.07502393308812415
by_radar,KTLX,max_reflectivity,sig_severe_obs,0.0,38.0,56.34919471740723,percentile,116,563,386,31,0.7891156462585034,0.8291605301914581,0.16338028169014085,0.07743846273754021
by_radar,KTLX,max_reflectivity,sig_severe_obs,0.0,39.0,56.420969009399414,percentile,114,554,395,33,0.7755102040816326,0.8293413173652695,0.16262482168330955,0.07676853488852663
by_radar,KTLX,max_reflectivity,sig_severe_obs,0.0,40.0,56.49694442749024,percentile,110,548,401,37,0.7482993197278912,0.8328267477203647,0.15827338129496402,0.06920160039951918
by_radar,KTLX,max_reflectivity,sig_severe_obs,0.0,41.0,56.669155311584475,percentile,107,540,409,40,0.7278911564625851,0.8346213292117465,0.15574963609898107,0.06518471895836213
by_radar,KTLX,max_reflectivity,sig_severe_obs,0.0,42.0,56.77033157348633,percentile,106,530,419,41,0.7210884353741497,0.8333333333333334,0.15657311669128507,0.06759398317003981
by_radar,KTLX,max_reflectivity,sig_severe_obs,0.0,43.0,56.970640754699716,percentile,103,522,427,44,0.7006802721088435,0.8352,0.15396113602391628,0.06344868817957552
by_radar,KTLX,max_reflectivity,sig_severe_obs,0.0,44.0,57.067813110351565,percentile,103,511,438,44,0.7006802721088435,0.8322475570032574,0.15653495440729484,0.06925360345196928
by_radar,KTLX,max_reflectivity,sig_severe_obs,0.0,45.0,57.197391510009766,percentile,100,503,446,47,0.6802721088435374,0.8341625207296849,0.15384615384615385,0.06501757357480324
by_radar,KTLX,max_reflectivity,sig_severe_obs,0.0,46.0,57.35906829833985,percentile,97,495,454,50,0.6598639455782312,0.8361486486486487,0.15109034267912771,0.0606640079509857
by_radar,KTLX,max_reflectivity,sig_severe_obs,0.0,47.0,57.496875572204594,percentile,95,486,463,52,0.6462585034013606,0.8364888123924269,0.1500789889415482,0.05968354612055356
by_radar,KTLX,max_reflectivity,sig_severe_obs,0.0,48.0,57.62498931884765,percentile,93,477,472,54,0.6326530612244898,0.8368421052631579,0.14903846153846154,0.058675103355913125
by_radar,KTLX,max_reflectivity,sig_severe_obs,0.0,49.0,57.69584293365479,percentile,92,467,482,55,0.6258503401360545,0.8354203935599285,0.1498371335504886,0.0612342680865727
by_radar,KTLX,max_reflectivity,sig_severe_obs,0.0,50.0,57.82258605957031,percentile,92,456,493,55,0.6258503401360545,0.8321167883211679,0.15257048092868988,0.06751824817518248
by_radar,KTLX,max_reflectivity,sig_severe_obs,0.0,51.0,57.981071090698244,percentile,89,448,501,58,0.6054421768707483,0.8342644320297952,0.1495798319327731,0.0628774590814923
by_radar,KTLX,max_reflectivity,sig_severe_obs,0.0,52.0,58.07320175170898,percentile,88,438,511,59,0.5986394557823129,0.8326996197718631,0.15042735042735042,0.06561640169890422
by_radar,KTLX,max_reflectivity,sig_severe_obs,0.0,53.0,58.15275382995606,percentile,88,427,522,59,0.5986394557823129,0.829126213592233,0.15331010452961671,0.07225738580351203
by_radar,KTLX,max_reflectivity,sig_severe_obs,0.0,54.0,58.26474533081055,percentile,87,417,532,60,0.5918367346938775,0.8273809523809523,0.15425531914893617,0.0752281893440883
by_radar,KTLX,max_reflectivity,sig_severe_obs,0.0,55.0,58.44689083099365,percentile,86,407,542,61,0.5850340136054422,0.8255578093306288,0.1552346570397112,0.07829318344360627
by_radar,KTLX,max_reflectivity,sig_severe_obs,0.0,56.0,58.62684326171875,percentile,82,400,549,65,0.5578231292517006,0.8298755186721992,0.14990859232175502,0.06944982069690839
by_radar,KTLX,max_reflectivity,sig_severe_obs,0.0,57.0,58.77847099304199,percentile,82,389,560,65,0.5578231292517006,0.8259023354564756,0.15298507462686567,0.07658846366548268
by_radar,KTLX,max_reflectivity,sig_severe_obs,0.0,58.0,58.87468643188476,percentile,81,379,570,66,0.5510204081632653,0.8239130434782609,0.15399239543726237,0.07982914239140278
by_radar,KTLX,max_reflectivity,sig_severe_obs,0.0,59.0,59.01396121978759,percentile,80,369,580,67,0.54421768707483,0.821826280623608,0.15503875968992248,0.08317952456783255
by_radar,KTLX,max_reflectivity,sig_severe_obs,0.0,60.0,59.16558837890625,percentile,78,361,588,69,0.5306122448979592,0.8223234624145785,0.15354330708661418,0.08166565989204778
by_radar,KTLX,max_reflectivity,sig_severe_obs,0.0,61.0,59.251738929748534,percentile,77,351,598,70,0.5238095238095238,0.8200934579439252,0.15461847389558234,0.0851600418741871
by_radar,KTLX,max_reflectivity,sig_severe_obs,0.0,62.0,59.38040008544922,percentile,75,342,607,72,0.5102040816326531,0.8201438848920863,0.15337423312883436,0.08435543824387645
by_radar,KTLX,max_reflectivity,sig_severe_obs,0.0,63.0,59.51844654083252,percentile,75,331,618,72,0.5102040816326531,0.8152709359605911,0.15690376569037656,0.09252882537125763
by_radar,KTLX,max_reflectivity,sig_severe_obs,0.0,64.0,59.65001602172852,percentile,75,320,629,72,0.5102040816326531,0.810126582278481,0.16059957173447537,0.1010039715255429
by_radar,KTLX,max_reflectivity,sig_severe_obs,0.0,65.0,59.74331188201904,percentile,73,311,638,74,0.4965986394557823,0.8098958333333334,0.15938864628820962,0.10045194849492624
by_radar,KTLX,max_reflectivity,sig_severe_obs,0.0,66.0,59.85893287658691,percentile,72,301,648,75,0.4897959183673469,0.806970509383378,0.16071428571428573,0.10464130987402717
by_radar,KTLX,max_reflectivity,sig_severe_obs,0.0,67.0,60.03561286926269,percentile,70,292,657,77,0.47619047619047616,0.8066298342541437,0.15945330296127563,0.10413879265277913
by_radar,KTLX,max_reflectivity,sig_severe_obs,0.0,68.0,60.15555191040039,percentile,68,283,666,79,0.46258503401360546,0.8062678062678063,0.15813953488372093,0.10361624349885001
by_radar,KTLX,max_reflectivity,sig_severe_obs,0.0,69.0,60.24187602996827,percentile,66,274,675,81,0.4489795918367347,0.8058823529411765,0.15676959619952494,0.10307244024786072
by_radar,KTLX,max_reflectivity,sig_severe_obs,0.0,70.0,60.36029624938965,percentile,64,265,684,83,0.43537414965986393,0.8054711246200608,0.1553398058252427,0.10250605925124126
by_radar,KTLX,max_reflectivity,sig_severe_obs,0.0,71.0,60.49985942840576,percentile,64,254,695,83,0.43537414965986393,0.7987421383647799,0.1596009975062344,0.11245037823082173
by_radar,KTLX,max_reflectivity,sig_severe_obs,0.0,72.0,60.58562088012696,percentile,63,244,705,84,0.42857142857142855,0.7947882736156352,0.16112531969309463,0.11744401290366929
by_radar,KTLX,max_reflectivity,sig_severe_obs,0.0,73.0,60.757332229614256,percentile,61,235,714,86,0.41496598639455784,0.793918918918919,0.15968586387434555,0.11715817156164053
by_radar,KTLX,max_reflectivity,sig_severe_obs,0.0,74.0,60.90623397827149,percentile,60,225,724,87,0.40816326530612246,0.7894736842105263,0.16129032258064516,0.12248448735122484
by_radar,KTLX,max_reflectivity,sig_severe_obs,0.0,75.0,61.06748580932617,percentile,59,215,734,88,0.4013605442176871,0.7846715328467153,0.16298342541436464,0.12805755395683452
by_radar,KTLX,max_reflectivity,sig_severe_obs,0.0,76.0,61.216101837158206,percentile,59,204,745,88,0.4013605442176871,0.7756653992395437,0.16809116809116809,0.13978679597245441
by_radar,KTLX,max_reflectivity,sig_severe_obs,0.0,77.0,61.38370246887207,percentile,56,196,753,91,0.38095238095238093,0.7777777777777778,0.16326530612244897,0.1339808818994758
by_radar,KTLX,max_reflectivity,sig_severe_obs,0.0,78.0,61.51923522949219,percentile,52,189,760,95,0.35374149659863946,0.7842323651452282,0.15476190476190477,0.1217007059938938
by_radar,KTLX,max_reflectivity,sig_severe_obs,0.0,79.0,61.77623691558839,percentile,50,180,769,97,0.3401360544217687,0.782608695652174,0.1529051987767584,0.12147974951674326
by_radar,KTLX,max_reflectivity,sig_severe_obs,0.0,80.0,62.013275146484375,percentile,49,171,778,98,0.3333333333333333,0.7772727272727272,0.1540880503144654,0.12658197848035266
by_radar,KTLX,max_reflectivity,sig_severe_obs,0.0,81.0,62.17374019622803,percentile,47,162,787,100,0.3197278911564626,0.7751196172248804,0.15210355987055016,0.1264806984455328
by_radar,KTLX,max_reflectivity,sig_severe_obs,0.0,82.0,62.36115493774414,percentile,46,152,797,101,0.3129251700680272,0.7676767676767676,0.15384615384615385,0.13322580241819523
by_radar,KTLX,max_reflectivity,sig_severe_obs,0.0,83.0,62.50540599822998,percentile,45,142,807,102,0.30612244897959184,0.7593582887700535,0.15570934256055363,0.1403534713873334
by_radar,KTLX,max_reflectivity,sig_severe_obs,0.0,84.0,62.728851318359375,percentile,42,134,815,105,0.2857142857142857,0.7613636363636364,0.1494661921708185,0.13339332504036205
by_radar,KTLX,max_reflectivity,sig_severe_obs,0.0,85.0,62.89587116241455,percentile,42,123,826,105,0.2857142857142857,0.7454545454545455,0.15555555555555556,0.14842456090130246
by_radar,KTLX,max_reflectivity,sig_severe_obs,0.0,86.0,63.10434417724609,percentile,39,115,834,108,0.2653061224489796,0.7467532467532467,0.14885496183206107,0.14128311432787577
by_radar,KTLX,max_reflectivity,sig_severe_obs,0.0,87.0,63.241645622253415,percentile,36,107,842,111,0.24489795918367346,0.7482517482517482,0.14173228346456693,0.13368479829440388
by_radar,KTLX,max_reflectivity,sig_severe_obs,0.0,88.0,63.49814987182617,percentile,32,100,849,115,0.21768707482993196,0.7575757575757576,0.12955465587044535,0.11737384633824763
by_radar,KTLX,max_reflectivity,sig_severe_obs,0.0,89.0,63.68907814025879,percentile,30,91,858,117,0.20408163265306123,0.7520661157024794,0.12605042016806722,0.1169302044516064
by_radar,KTLX,max_reflectivity,sig_severe_obs,0.0,90.0,63.887529373168945,percentile,28,82,867,119,0.19047619047619047,0.7454545454545455,0.1222707423580786,0.11645516820945566
by_radar,KTLX,max_reflectivity,sig_severe_obs,0.0,91.0,64.14640312194824,percentile,25,74,875,122,0.17006802721088435,0.7474747474747475,0.11312217194570136,0.10683131678516486
by_radar,KTLX,max_reflectivity,sig_severe_obs,0.0,92.0,64.35886688232422,percentile,21,67,882,126,0.14285714285714285,0.7613636363636364,0.09813084112149532,0.08701356997341252
by_radar,KTLX,max_reflectivity,sig_severe_obs,0.0,93.0,64.77408943176269,percentile,20,57,892,127,0.1360544217687075,0.7402597402597403,0.09803921568627451,0.09513339854441683
by_radar,KTLX,max_reflectivity,sig_severe_obs,0.0,94.0,65.04692993164062,percentile,17,49,900,130,0.11564625850340136,0.7424242424242424,0.08673469387755102,0.08344078787539011
by_radar,KTLX,max_reflectivity,sig_severe_obs,0.0,95.0,65.24038696289062,percentile,15,40,909,132,0.10204081632653061,0.7272727272727273,0.08021390374331551,0.0814240188673729
by_radar,KTLX,max_reflectivity,sig_severe_obs,0.0,96.0,65.75229797363282,percentile,14,30,919,133,0.09523809523809523,0.6818181818181818,0.07909604519774012,0.09038696537678208
by_radar,KTLX,max_reflectivity,sig_severe_obs,0.0,97.0,66.38205757141111,percentile,11,22,927,136,0.07482993197278912,0.6666666666666666,0.0650887573964497,0.07682137564106666
by_radar,KTLX,max_reflectivity,sig_severe_obs,0.0,98.0,67.00582275390624,percentile,10,12,937,137,0.06802721088435375,0.5454545454545454,0.06289308176100629,0.08644185370001567
by_radar,KTLX,max_reflectivity,sig_severe_obs,0.0,99.0,68.21883659362793,percentile,5,6,943,142,0.034013605442176874,0.5454545454545454,0.032679738562091505,0.04546470982852166
by_radar,KTLX,max_reflectivity,sig_severe_obs,0.0,100.0,69.94667053222656,percentile,1,0,949,146,0.006802721088435374,0.0,0.006802721088435374,0.011722272317403066
by_radar,KTLX,max_hdr_size,severe_obs,0.0,0.0,0.0,percentile,727,369,0,0,1.0,0.33667883211678834,0.6633211678832117,0.0
by_radar,KTLX,max_hdr_size,severe_obs,0.0,1.0,11.724602508544923,percentile,720,365,4,7,0.9903713892709766,0.33640552995391704,0.6593406593406593,0.0015917249891028058
by_radar,KTLX,max_hdr_size,severe_obs,0.0,2.0,12.261654376983643,percentile,719,355,14,8,0.9889958734525447,0.33054003724394787,0.6645101663585952,0.035052146495270435
by_radar,KTLX,max_hdr_size,severe_obs,0.0,3.0,12.479789447784423,percentile,716,347,22,11,0.984869325997249,0.3264346190028222,0.6666666666666666,0.05734699859215161
by_radar,KTLX,max_hdr_size,severe_obs,0.0,4.0,12.59000015258789,percentile,715,340,29,12,0.9834938101788171,0.3222748815165877,0.6701030927835051,0.07947945846118606
by_radar,KTLX,max_hdr_size,severe_obs,0.0,5.0,12.894280672073366,percentile,712,329,40,15,0.9793672627235214,0.3160422670509126,0.6742424242424242,0.11103146795437076
by_radar,KTLX,max_hdr_size,severe_obs,0.0,6.0,13.361814689636228,percentile,707,323,46,20,0.9724896836313618,0.31359223300970873,0.6733333333333333,0.12177025221234804
by_radar,KTLX,max_hdr_size,severe_obs,0.0,7.0,13.68167586326599,percentile,706,313,56,21,0.9711141678129298,0.3071638861629048,0.6788461538461539,0.15261001412069725
by_radar,KTLX,max_hdr_size,severe_obs,0.0,8.0,14.100534248352051,percentile,702,306,63,25,0.9656121045392022,0.30357142857142855,0.6795740561471443,0.16780752784863556
by_radar,KTLX,max_hdr_size,severe_obs,0.0,9.0,14.457250928878784,percentile,699,298,71,28,0.9614855570839065,0.29889669007021064,0.6819512195121952,0.1877162590425266
by_radar,KTLX,max_hdr_size,severe_obs,0.0,10.0,14.726512908935547,percentile,696,290,79,31,0.9573590096286108,0.29411764705882354,0.6843657817109144,0.20727167848870223
by_radar,KTLX,max_hdr_size,severe_obs,0.0,11.0,15.082950782775878,percentile,693,282,87,34,0.953232462173315,0.28923076923076924,0.686818632309217,0.22648310857592097
by_radar,KTLX,max_hdr_size,severe_obs,0.0,12.0,15.443293380737305,percentile,687,277,92,40,0.9449793672627235,0.28734439834024894,0.6842629482071713,0.2308005667729366
by_radar,KTLX,max_hdr_size,severe_obs,0.0,13.0,15.823358917236328,percentile,682,271,98,45,0.938101788170564,0.28436516264428124,0.6833667334669339,0.23985443946463925
by_radar,KTLX,max_hdr_size,severe_obs,0.0,14.0,16.273473930358886,percentile,678,264,105,49,0.9325997248968363,0.2802547770700637,0.6841574167507568,0.2535229656451009
by_radar,KTLX,max_hdr_size,severe_obs,0.0,15.0,16.644994735717773,percentile,674,257,112,53,0.9270976616231087,0.27604726100966703,0.6849593495934959,0.2669592270881608
by_radar,KTLX,max_hdr_size,severe_obs,0.0,16.0,17.027614974975585,percentile,670,250,119,57,0.921595598349381,0.2717391304347826,0.6857727737973388,0.2801690941142241
by_radar,KTLX,max_hdr_size,severe_obs,0.0,17.0,17.191957092285158,percentile,667,242,127,60,0.9174690508940853,0.2662266226622662,0.6883384932920537,0.2978085156034538
by_radar,KTLX,max_hdr_size,severe_obs,0.0,18.0,17.508662796020506,percentile,664,234,135,63,0.9133425034387895,0.26057906458797325,0.6909469302809573,0.31515564644399
by_radar,KTLX,max_hdr_size,severe_obs,0.0,19.0,17.893045711517335,percentile,656,231,138,71,0.9023383768913342,0.26042841037204056,0.6847599164926931,0.30934843483305025
by_radar,KTLX,max_hdr_size,severe_obs,0.0,20.0,18.08148002624512,percentile,652,225,144,75,0.8968363136176066,0.25655644241733183,0.6848739495798319,0.31900933255458486
by_radar,KTLX,max_hdr_size,severe_obs,0.0,21.0,18.301487350463866,percentile,647,219,150,80,0.889958734525447,0.2528868360277136,0.6839323467230444,0.326770262385879
by_radar,KTLX,max_hdr_size,severe_obs,0.0,22.0,18.511695289611815,percentile,642,213,156,85,0.8830811554332875,0.24912280701754386,0.6829787234042554,0.3344066256098406
by_radar,KTLX,max_hdr_size,severe_obs,0.0,23.0,18.81625051498413,percentile,636,208,161,91,0.874828060522696,0.24644549763033174,0.6802139037433155,0.33748989163836324
by_radar,KTLX,max_hdr_size,severe_obs,0.0,24.0,18.955455398559568,percentile,629,204,165,98,0.8651994497936726,0.24489795918367346,0.6756176154672395,0.3361279478837815
by_radar,KTLX,max_hdr_size,severe_obs,0.0,25.0,19.221558094024658,percentile,621,201,168,106,0.8541953232462174,0.24452554744525548,0.6691810344827587,0.33042529989094876
by_radar,KTLX,max_hdr_size,severe_obs,0.0,26.0,19.36018314361572,percentile,615,196,173,112,0.8459422283356258,0.24167694204685575,0.6663055254604551,0.33346760021640665
by_radar,KTLX,max_hdr_size,severe_obs,0.0,27.0,19.714305210113526,percentile,608,192,177,119,0.8363136176066025,0.24,0.661588683351469,0.3321682158027555
by_radar,KTLX,max_hdr_size,severe_obs,0.0,28.0,19.91378974914551,percentile,601,188,181,126,0.8266850068775791,0.23827629911280102,0.6568306010928961,0.33088872902611166
by_radar,KTLX,max_hdr_size,severe_obs,0.0,29.0,20.036313915252684,percentile,594,184,185,133,0.8170563961485557,0.2365038560411311,0.6520307354555434,0.32962868631673187
by_radar,KTLX,max_hdr_size,severe_obs,0.0,30.0,20.170246124267578,percentile,588,179,190,139,0.8088033012379643,0.2333767926988266,0.6490066225165563,0.33258522498784004
by_radar,KTLX,max_hdr_size,severe_obs,0.0,31.0,20.419958877563477,percentile,578,178,191,149,0.7950481430536451,0.23544973544973544,0.6386740331491713,0.3188328670478044
by_radar,KTLX,max_hdr_size,severe_obs,0.0,32.0,20.592038345336913,percentile,569,176,193,158,0.782668500687758,0.23624161073825503,0.6301218161683277,0.30942005199195594
by_radar,KTLX,max_hdr_size,severe_obs,0.0,33.0,20.842031764984135,percentile,560,174,195,167,0.7702888583218707,0.23705722070844687,0.6215316315205327,0.3001460619452455
by_radar,KTLX,max_hdr_size,severe_obs,0.0,34.0,21.010634994506837,percentile,552,171,198,175,0.7592847317744154,0.23651452282157676,0.6146993318485523,0.29508251573542915
by_radar,KTLX,max_hdr_size,severe_obs,0.0,35.0,21.285351753234863,percentile,543,169,200,184,0.7469050894085282,0.23735955056179775,0.6060267857142857,0.28604750727076783
by_radar,KTLX,max_hdr_size,severe_obs,0.0,36.0,21.42484092712402,percentile,537,164,205,190,0.7386519944979367,0.23395149786019973,0.6026936026936027,0.289190486484902
by_radar,KTLX,max_hdr_size,severe_obs,0.0,37.0,21.62833023071289,percentile,528,162,207,199,0.7262723521320495,0.23478260869565218,0.59392575928009,0.2803271174232227
by_radar,KTLX,max_hdr_size,severe_obs,0.0,38.0,21.7894681930542,percentile,523,156,213,204,0.71939477303989,0.22974963181148747,0.5922989807474519,0.28742482526954544
by_radar,KTLX,max_hdr_size,severe_obs,0.0,39.0,22.064558315277104,percentile,514,154,215,213,0.7070151306740028,0.23053892215568864,0.583427922814983,0.2786991076808309
by_radar,KTLX,max_hdr_size,severe_obs,0.0,40.0,22.260534286499023,percentile,509,149,220,218,0.7001375515818432,0.22644376899696048,0.5810502283105022,0.2833001917224372
by_radar,KTLX,max_hdr_size,severe_obs,0.0,41.0,22.46226873397827,percentile,503,144,225,224,0.6918844566712518,0.22256568778979907,0.5774971297359357,0.2863548054907762
by_radar,KTLX,max_hdr_size,severe_obs,0.0,42.0,22.667839813232423,percentile,495,141,228,232,0.6808803301237965,0.22169811320754718,0.5702764976958525,0.2816638083724592
by_radar,KTLX,max_hdr_size,severe_obs,0.0,43.0,22.91994686126709,percentile,487,138,231,240,0.6698762035763411,0.2208,0.5630057803468208,0.27703728522516674
by_radar,KTLX,max_hdr_size,severe_obs,0.0,44.0,23.1067138671875,percentile,477,137,232,250,0.656121045392022,0.22312703583061888,0.5520833333333334,0.2648757322610836
by_radar,KTLX,max_hdr_size,severe_obs,0.0,45.0,23.37179946899414,percentile,470,133,236,257,0.6464924346629987,0.22056384742951907,0.5465116279069767,0.26419907801101017
by_radar,KTLX,max_hdr_size,severe_obs,0.0,46.0,23.51503963470459,percentile,460,132,237,267,0.6327372764786795,0.22297297297297297,0.5355064027939465,0.25228774262382536
by_radar,KTLX,max_hdr_size,severe_obs,0.0,47.0,23.720443344116212,percentile,451,130,239,276,0.6203576341127923,0.22375215146299485,0.5262543757292882,0.24425860317870088
by_radar,KTLX,max_hdr_size,severe_obs,0.0,48.0,24.041411590576175,percentile,441,129,240,286,0.6066024759284732,0.22631578947368422,0.5151869158878505,0.23263802190534677
by_radar,KTLX,max_hdr_size,severe_obs,0.0,49.0,24.22777214050293,percentile,434,125,244,293,0.5969738651994498,0.22361359570661896,0.5093896713615024,0.2321919989273803
by_radar,KTLX,max_hdr_size,severe_obs,0.0,50.0,24.438819885253906,percentile,424,124,245,303,0.5832187070151307,0.22627737226277372,0.4982373678025852,0.2208029197080292
by_radar,KTLX,max_hdr_size,severe_obs,0.0,51.0,24.64194841384888,percentile,416,121,248,311,0.5722145804676754,0.22532588454376165,0.49056603773584906,0.21681393971674612
by_radar,KTLX,max_hdr_size,severe_obs,0.0,52.0,24.983943557739256,percentile,406,120,249,321,0.5584594222833562,0.22813688212927757,0.4793388429752066,0.20567180073757074
by_radar,KTLX,max_hdr_size,severe_obs,0.0,53.0,25.14714803695679,percentile,398,117,252,329,0.547455295735901,0.22718446601941747,0.471563981042654,0.20183141689880507
by_radar,KTLX,max_hdr_size,severe_obs,0.0,54.0,25.41524715423584,percentile,387,117,252,340,0.53232462173315,0.23214285714285715,0.4585308056872038,0.18737101693815303
by_radar,KTLX,max_hdr_size,severe_obs,0.0,55.0,25.596081256866455,percentile,379,114,255,348,0.5213204951856947,0.23123732251521298,0.450653983353151,0.1836955785767486
by_radar,KTLX,max_hdr_size,severe_obs,0.0,56.0,25.760816192626958,percentile,372,110,259,355,0.5116918844566712,0.22821576763485477,0.4444444444444444,0.18357800575423397
by_radar,KTLX,max_hdr_size,severe_obs,0.0,57.0,25.943324470520018,percentile,364,107,262,363,0.5006877579092159,0.22717622080679406,0.4364508393285372,0.17997242802153543
by_radar,KTLX,max_hdr_size,severe_obs,0.0,58.0,26.084220504760744,percentile,354,106,263,373,0.48693259972489683,0.23043478260869565,0.4249699879951981,0.1694762953400663
by_radar,KTLX,max_hdr_size,severe_obs,0.0,59.0,26.209606647491455,percentile,345,104,265,382,0.47455295735900965,0.23162583518930957,0.4151624548736462,0.16255640279852213
by_radar,KTLX,max_hdr_size,severe_obs,0.0,60.0,26.405805587768555,percentile,337,102,267,390,0.46354883081155435,0.23234624145785876,0.40651387213510254,0.15696261901411754
by_radar,KTLX,max_hdr_size,severe_obs,0.0,61.0,26.58210983276367,percentile,329,99,270,398,0.45254470426409904,0.23130841121495327,0.3983050847457627,0.15360614573751336
by_radar,KTLX,max_hdr_size,severe_obs,0.0,62.0,26.754121398925783,percentile,324,93,276,403,0.44566712517193946,0.22302158273381295,0.3951219512195122,0.1604463896859643
by_radar,KTLX,max_hdr_size,severe_obs,0.0,63.0,26.954632568359376,percentile,314,92,277,413,0.43191196698762035,0.22660098522167488,0.3833943833943834,0.15037977170716132
by_radar,KTLX,max_hdr_size,severe_obs,0.0,64.0,27.20925407409668,percentile,305,90,279,422,0.4195323246217332,0.22784810126582278,0.3733170134638923,0.14377874277902047
by_radar,KTLX,max_hdr_size,severe_obs,0.0,65.0,27.372136116027832,percentile,296,88,281,431,0.40715268225584594,0.22916666666666666,0.36319018404907977,0.13725656737244435
by_radar,KTLX,max_hdr_size,severe_obs,0.0,66.0,27.619232368469238,percentile,288,85,284,439,0.39614855570839064,0.22788203753351208,0.35467980295566504,0.13411673888592374
by_radar,KTLX,max_hdr_size,severe_obs,0.0,67.0,27.901959896087654,percentile,282,80,289,445,0.3878954607977992,0.22099447513812154,0.34944237918215615,0.13758475770238432
by_radar,KTLX,max_hdr_size,severe_obs,0.0,68.0,28.07279052734375,percentile,271,80,289,456,0.37276478679504815,0.22792022792022792,0.3358116480793061,0.1246815092068052
by_radar,KTLX,max_hdr_size,severe_obs,0.0,69.0,28.25203342437744,percentile,265,75,294,462,0.36451169188445665,0.22058823529411764,0.33042394014962595,0.1281641069397042
by_radar,KTLX,max_hdr_size,severe_obs,0.0,70.0,28.468721389770508,percentile,256,73,296,471,0.35213204951856947,0.22188449848024316,0.32,0.12192162118378227
by_radar,KTLX,max_hdr_size,severe_obs,0.0,71.0,28.670400047302245,percentile,247,71,298,480,0.33975240715268223,0.22327044025157233,0.30952380952380953,0.11575112600080827
by_radar,KTLX,max_hdr_size,severe_obs,0.0,72.0,28.92917366027832,percentile,238,69,300,489,0.32737276478679506,0.2247557003257329,0.2989949748743719,0.10965138319895879
by_radar,KTLX,max_hdr_size,severe_obs,0.0,73.0,29.103402042388918,percentile,228,68,301,499,0.31361760660247595,0.22972972972972974,0.28679245283018867,0.10044816045765637
by_radar,KTLX,max_hdr_size,severe_obs,0.0,74.0,29.380113220214845,percentile,220,65,304,507,0.30261348005502064,0.22807017543859648,0.2777777777777778,0.09765934233593662
by_radar,KTLX,max_hdr_size,severe_obs,0.0,75.0,29.574419498443604,percentile,212,62,307,515,0.29160935350756534,0.22627737226277372,0.26869455006337134,0.09490196078431372
by_radar,KTLX,max_hdr_size,severe_obs,0.0,76.0,29.733618164062502,percentile,204,59,310,523,0.28060522696011003,0.22433460076045628,0.2595419847328244,0.09217548723524774
by_radar,KTLX,max_hdr_size,severe_obs,0.0,77.0,29.91234607696533,percentile,198,54,315,529,0.2723521320495186,0.21428571428571427,0.2535211267605634,0.09568397454767781
by_radar,KTLX,max_hdr_size,severe_obs,0.0,78.0,30.160413932800292,percentile,193,48,321,534,0.265474552957359,0.1991701244813278,0.24903225806451612,0.10223866102568
by_radar,KTLX,max_hdr_size,severe_obs,0.0,79.0,30.45759382247925,percentile,187,43,326,540,0.25722145804676755,0.18695652173913044,0.24285714285714285,0.1056530039806733
by_radar,KTLX,max_hdr_size,severe_obs,0.0,80.0,30.92327880859375,percentile,181,39,330,546,0.24896836313617607,0.17727272727272728,0.2362924281984334,0.10705929540744702
by_radar,KTLX,max_hdr_size,severe_obs,0.0,81.0,31.336358642578123,percentile,172,37,332,555,0.23658872077028886,0.17703349282296652,0.225130890052356,0.10130337825671427
by_radar,KTLX,max_hdr_size,severe_obs,0.0,82.0,31.64767551422119,percentile,166,32,337,561,0.22833562585969738,0.16161616161616163,0.21870882740447958,0.1046689112118891
by_radar,KTLX,max_hdr_size,severe_obs,0.0,83.0,31.982264900207518,percentile,158,29,340,569,0.2173314993122421,0.15508021390374332,0.20899470899470898,0.10199137900324177
by_radar,KTLX,max_hdr_size,severe_obs,0.0,84.0,32.37735137939453,percentile,147,29,340,580,0.20220082530949107,0.16477272727272727,0.19444444444444445,0.09038082051393871
by_radar,KTLX,max_hdr_size,severe_obs,0.0,85.0,32.66028118133545,percentile,140,25,344,587,0.19257221458046767,0.15151515151515152,0.18617021276595744,0.09077945350687658
by_radar,KTLX,max_hdr_size,severe_obs,0.0,86.0,32.98648109436035,percentile,131,23,346,596,0.18019257221458046,0.14935064935064934,0.17466666666666666,0.08526278887900116
by_radar,KTLX,max_hdr_size,severe_obs,0.0,87.0,33.327582550048824,percentile,124,19,350,603,0.17056396148555708,0.13286713286713286,0.16621983914209115,0.08568424271524333
by_radar,KTLX,max_hdr_size,severe_obs,0.0,88.0,33.703653717041014,percentile,114,18,351,613,0.15680880330123798,0.13636363636363635,0.15302013422818792,0.07732784015711053
by_radar,KTLX,max_hdr_size,severe_obs,0.0,89.0,34.203267097473145,percentile,106,15,354,621,0.14580467675378267,0.12396694214876033,0.14285714285714285,0.07487716895340782
by_radar,KTLX,max_hdr_size,severe_obs,0.0,90.0,34.53587532043457,percentile,96,14,355,631,0.13204951856946354,0.12727272727272726,0.12955465587044535,0.0666638500578285
by_radar,KTLX,max_hdr_size,severe_obs,0.0,91.0,34.92578945159912,percentile,87,12,357,640,0.11966987620357634,0.12121212121212122,0.11772665764546685,0.061414592500164185
by_radar,KTLX,max_hdr_size,severe_obs,0.0,92.0,35.64440078735353,percentile,77,11,358,650,0.10591471801925723,0.125,0.1043360433604336,0.05335507678155152
by_radar,KTLX,max_hdr_size,severe_obs,0.0,93.0,36.118247795104985,percentile,66,11,358,661,0.0907840440165062,0.14285714285714285,0.08943089430894309,0.042528463676474795
by_radar,KTLX,max_hdr_size,severe_obs,0.0,94.0,36.68642234802246,percentile,57,9,360,670,0.07840440165061899,0.13636363636363635,0.07744565217391304,0.03748234527215442
by_radar,KTLX,max_hdr_size,severe_obs,0.0,95.0,37.01959705352783,percentile,49,6,363,678,0.06740027510316368,0.10909090909090909,0.06684856753069578,0.035308106271763555
by_radar,KTLX,max_hdr_size,severe_obs,0.0,96.0,37.842820739746095,percentile,39,5,364,688,0.05364511691884457,0.11363636363636363,0.05327868852459016,0.02754276349482741
by_radar,KTLX,max_hdr_size,severe_obs,0.0,97.0,38.81796874999999,percentile,28,5,364,699,0.03851444291609354,0.15151515151515152,0.03825136612021858,0.01706289857804932
by_radar,KTLX,max_hdr_size,severe_obs,0.0,98.0,39.54664039611816,percentile,18,4,365,709,0.024759284731774415,0.18181818181818182,0.024623803009575923,0.009466153557539712
by_radar,KTLX,max_hdr_size,severe_obs,0.0,99.0,41.48563251495361,percentile,8,3,366,719,0.011004126547455296,0.2727272727272727,0.010958904109589041,0.0019448725742696638
by_radar,KTLX,max_hdr_size,severe_obs,0.0,100.0,45.576805114746094,percentile,1,0,369,726,0.001375515818431912,0.0,0.001375515818431912,0.0009266304552542961
by_radar,KTLX,max_hdr_size,sig_severe_obs,0.0,0.0,0.0,percentile,147,949,0,0,1.0,0.8658759124087592,0.13412408759124086,0.0
by_radar,KTLX,max_hdr_size,sig_severe_obs,0.0,1.0,11.724602508544923,percentile,145,940,9,2,0.9863945578231292,0.8663594470046083,0.13339466421343146,-0.0011151169127357988
by_radar,KTLX,max_hdr_size,sig_severe_obs,0.0,2.0,12.261654376983643,percentile,145,929,20,2,0.9863945578231292,0.8649906890130353,0.13475836431226765,0.0020382215441190855
by_radar,KTLX,max_hdr_size,sig_severe_obs,0.0,3.0,12.479789447784423,percentile,145,918,31,2,0.9863945578231292,0.863593603010348,0.13615023474178403,0.005246448929499486
by_radar,KTLX,max_hdr_size,sig_severe_obs,0.0,4.0,12.59000015258789,percentile,145,910,39,2,0.9863945578231292,0.8625592417061612,0.13718070009460737,0.007615004437949132
by_radar,KTLX,max_hdr_size,sig_severe_obs,0.0,5.0,12.894280672073366,percentile,145,896,53,2,0.9863945578231292,0.8607108549471661,0.13902205177372962,0.011833404618903327
by_radar,KTLX,max_hdr_size,sig_severe_obs,0.0,6.0,13.361814689636228,percentile,145,885,64,2,0.9863945578231292,0.8592233009708737,0.14050387596899225,0.015215180333315774
by_radar,KTLX,max_hdr_size,sig_severe_obs,0.0,7.0,13.68167586326599,percentile,145,874,75,2,0.9863945578231292,0.8577036310107949,0.14201762977473065,0.018657944498390148
by_radar,KTLX,max_hdr_size,sig_severe_obs,0.0,8.0,14.100534248352051,percentile,145,863,86,2,0.9863945578231292,0.8561507936507936,0.14356435643564355,0.022163361965822543
by_radar,KTLX,max_hdr_size,sig_severe_obs,0.0,9.0,14.457250928878784,percentile,145,852,97,2,0.9863945578231292,0.8545636910732196,0.14514514514514515,0.02573315873951032
by_radar,KTLX,max_hdr_size,sig_severe_obs,0.0,10.0,14.726512908935547,percentile,145,841,108,2,0.9863945578231292,0.8529411764705882,0.14676113360323886,0.029369124809325506
by_radar,KTLX,max_hdr_size,sig_severe_obs,0.0,11.0,15.082950782775878,percentile,145,830,119,2,0.9863945578231292,0.8512820512820513,0.14841351074718526,0.03307311714394175
by_radar,KTLX,max_hdr_size,sig_severe_obs,0.0,12.0,15.443293380737305,percentile,144,820,129,3,0.9795918367346939,0.8506224066390041,0.14891416752843847,0.03450077067991095
by_radar,KTLX,max_hdr_size,sig_severe_obs,0.0,13.0,15.823358917236328,percentile,144,809,140,3,0.9795918367346939,0.8488982161594963,0.1506276150627615,0.038324303179752287
by_radar,KTLX,max_hdr_size,sig_severe_obs,0.0,14.0,16.273473930358886,percentile,143,799,150,4,0.9727891156462585,0.8481953290870489,0.1511627906976744,0.03982997962024709
by_radar,KTLX,max_hdr_size,sig_severe_obs,0.0,15.0,16.644994735717773,percentile,143,788,161,4,0.9727891156462585,0.8464017185821697,0.15294117647058825,0.04377961915630983
by_radar,KTLX,max_hdr_size,sig_severe_obs,0.0,16.0,17.027614974975585,percentile,143,777,172,4,0.9727891156462585,0.8445652173913043,0.15476190476190477,0.04780677944984827
by_radar,KTLX,max_hdr_size,sig_severe_obs,0.0,17.0,17.191957092285158,percentile,142,767,182,5,0.9659863945578231,0.8437843784378438,0.15536105032822758,0.04945120375675463
by_radar,KTLX,max_hdr_size,sig_severe_obs,0.0,18.0,17.508662796020506,percentile,140,758,191,7,0.9523809523809523,0.844097995545657,0.15469613259668508,0.048641337648132096
by_radar,KTLX,max_hdr_size,sig_severe_obs,0.0,19.0,17.893045711517335,percentile,137,750,199,10,0.9319727891156463,0.8455467869222097,0.1527313266443701,0.045302732651297556
by_radar,KTLX,max_hdr_size,sig_severe_obs,0.0,20.0,18.08148002624512,percentile,137,740,209,10,0.9319727891156463,0.8437856328392246,0.1544532130777903,0.0491239678599274
by_radar,KTLX,max_hdr_size,sig_severe_obs,0.0,21.0,18.301487350463866,percentile,136,730,219,11,0.9251700680272109,0.8429561200923787,0.15507411630558723,0.05084824997311966
by_radar,KTLX,max_hdr_size,sig_severe_obs,0.0,22.0,18.511695289611815,percentile,135,720,229,12,0.9183673469387755,0.8421052631578947,0.15570934256055363,0.05260845844817447
by_radar,KTLX,max_hdr_size,sig_severe_obs,0.0,23.0,18.81625051498413,percentile,134,710,239,13,0.9115646258503401,0.8412322274881516,0.15635939323220538,0.05440572792362768
by_radar,KTLX,max_hdr_size,sig_severe_obs,0.0,24.0,18.955455398559568,percentile,133,700,249,14,0.9047619047619048,0.8403361344537815,0.15702479338842976,0.056241241325746705
by_radar,KTLX,max_hdr_size,sig_severe_obs,0.0,25.0,19.221558094024658,percentile,133,689,260,14,0.9047619047619048,0.8381995133819952,0.1590909090909091,0.06078824315297261
by_radar,KTLX,max_hdr_size,sig_severe_obs,0.0,26.0,19.36018314361572,percentile,131,680,269,16,0.891156462585034,0.8384710234278668,0.15840386940749698,0.06003198880145502
by_radar,KTLX,max_hdr_size,sig_severe_obs,0.0,27.0,19.714305210113526,percentile,130,670,279,17,0.8843537414965986,0.8375,0.1591187270501836,0.06198985439360568
by_radar,KTLX,max_hdr_size,sig_severe_obs,0.0,28.0,19.91378974914551,percentile,129,660,289,18,0.8775510204081632,0.8365019011406845,0.15985130111524162,0.06399123304236103
by_radar,KTLX,max_hdr_size,sig_severe_obs,0.0,29.0,20.036313915252684,percentile,128,650,299,19,0.8707482993197279,0.8354755784061697,0.1606022584692597,0.06603759164811202
by_radar,KTLX,max_hdr_size,sig_severe_obs,0.0,30.0,20.170246124267578,percentile,128,639,310,19,0.8707482993197279,0.833116036505867,0.1628498727735369,0.07095431087567601
by_radar,KTLX,max_hdr_size,sig_severe_obs,0.0,31.0,20.419958877563477,percentile,128,628,321,19,0.8707482993197279,0.8306878306878307,0.16516129032258065,0.07598407138687349
by_radar,KTLX,max_hdr_size,sig_severe_obs,0.0,32.0,20.592038345336913,percentile,125,620,329,22,0.8503401360544217,0.8322147651006712,0.16297262059973924,0.07246223975154296
by_radar,KTLX,max_hdr_size,sig_severe_obs,0.0,33.0,20.842031764984135,percentile,123,611,338,24,0.8367346938775511,0.832425068119891,0.16226912928759896,0.07178105577636107
by_radar,KTLX,max_hdr_size,sig_severe_obs,0.0,34.0,21.010634994506837,percentile,119,604,345,28,0.8095238095238095,0.8354080221300139,0.1584553928095872,0.06516698652285284
by_radar,KTLX,max_hdr_size,sig_severe_obs,0.0,35.0,21.285351753234863,percentile,119,593,356,28,0.8095238095238095,0.8328651685393258,0.1608108108108108,0.07036943955767781
by_radar,KTLX,max_hdr_size,sig_severe_obs,0.0,36.0,21.42484092712402,percentile,119,582,367,28,0.8095238095238095,0.8302425106990015,0.16323731138545952,0.07569879747937963
by_radar,KTLX,max_hdr_size,sig_severe_obs,0.0,37.0,21.62833023071289,percentile,116,574,375,31,0.7891156462585034,0.8318840579710145,0.1608876560332871,0.07195601910168344
by_radar,KTLX,max_hdr_size,sig_severe_obs,0.0,38.0,21.7894681930542,percentile,116,563,386,31,0.7891156462585034,0.8291605301914581,0.16338028169014085,0.07743846273754021
by_radar,KTLX,max_hdr_size,sig_severe_obs,0.0,39.0,22.064558315277104,percentile,113,555,394,34,0.7687074829931972,0.8308383233532934,0.16096866096866097,0.0736229421624228
by_radar,KTLX,max_hdr_size,sig_severe_obs,0.0,40.0,22.260534286499023,percentile,113,545,404,34,0.7687074829931972,0.8282674772036475,0.16329479768786126,0.0787482506518318
by_radar,KTLX,max_hdr_size,sig_severe_obs,0.0,41.0,22.46226873397827,percentile,113,534,415,34,0.7687074829931972,0.8253477588871716,0.16593245227606462,0.0845257247730167
by_radar,KTLX,max_hdr_size,sig_severe_obs,0.0,42.0,22.667839813232423,percentile,112,524,425,35,0.7619047619047619,0.8238993710691824,0.16691505216095381,0.08718920594054685
by_radar,KTLX,max_hdr_size,sig_severe_obs,0.0,43.0,22.91994686126709,percentile,112,513,436,35,0.7619047619047619,0.8208,0.1696969696969697,0.09323300551662082
by_radar,KTLX,max_hdr_size,sig_severe_obs,0.0,44.0,23.1067138671875,percentile,109,505,444,38,0.7414965986394558,0.8224755700325733,0.16717791411042945,0.08937784986381858
by_radar,KTLX,max_hdr_size,sig_severe_obs,0.0,45.0,23.37179946899414,percentile,108,495,454,39,0.7346938775510204,0.8208955223880597,0.16822429906542055,0.09221706234353624
by_radar,KTLX,max_hdr_size,sig_severe_obs,0.0,46.0,23.51503963470459,percentile,108,484,465,39,0.7346938775510204,0.8175675675675675,0.17115689381933438,0.09858215808874407
by_radar,KTLX,max_hdr_size,sig_severe_obs,0.0,47.0,23.720443344116212,percentile,107,474,475,40,0.7278911564625851,0.8158347676419966,0.1723027375201288,0.10163074852409763
by_radar,KTLX,max_hdr_size,sig_severe_obs,0.0,48.0,24.041411590576175,percentile,103,467,482,44,0.7006802721088435,0.8192982456140351,0.16775244299674266,0.09412990172292204
by_radar,KTLX,max_hdr_size,sig_severe_obs,0.0,49.0,24.22777214050293,percentile,102,457,492,45,0.6938775510204082,0.817531305903399,0.16887417218543047,0.097202303792068
by_radar,KTLX,max_hdr_size,sig_severe_obs,0.0,50.0,24.438819885253906,percentile,99,449,500,48,0.673469387755102,0.8193430656934306,0.16610738255033558,0.09306569343065693
by_radar,KTLX,max_hdr_size,sig_severe_obs,0.0,51.0,24.64194841384888,percentile,99,438,511,48,0.673469387755102,0.8156424581005587,0.16923076923076924,0.09991787571858746
by_radar,KTLX,max_hdr_size,sig_severe_obs,0.0,52.0,24.983943557739256,percentile,98,428,521,49,0.6666666666666666,0.8136882129277566,0.17043478260869566,0.10321735132872699
by_radar,KTLX,max_hdr_size,sig_severe_obs,0.0,53.0,25.14714803695679,percentile,94,421,528,53,0.6394557823129252,0.8174757281553398,0.16549295774647887,0.09516461084540062
by_radar,KTLX,max_hdr_size,sig_severe_obs,0.0,54.0,25.41524715423584,percentile,93,411,538,54,0.6326530612244898,0.8154761904761905,0.16666666666666666,0.09849288898323073
by_radar,KTLX,max_hdr_size,sig_severe_obs,0.0,55.0,25.596081256866455,percentile,93,400,549,54,0.6326530612244898,0.8113590263691683,0.170018281535649,0.10586560957990865
by_radar,KTLX,max_hdr_size,sig_severe_obs,0.0,56.0,25.760816192626958,percentile,92,390,559,55,0.6258503401360545,0.8091286307053942,0.1713221601489758,0.10947348432284781
by_radar,KTLX,max_hdr_size,sig_severe_obs,0.0,57.0,25.943324470520018,percentile,91,380,569,56,0.6190476190476191,0.8067940552016986,0.17267552182163187,0.11319949374041949
by_radar,KTLX,max_hdr_size,sig_severe_obs,0.0,58.0,26.084220504760744,percentile,87,373,576,60,0.5918367346938775,0.8108695652173913,0.1673076923076923,0.10464273855163461
by_radar,KTLX,max_hdr_size,sig_severe_obs,0.0,59.0,26.209606647491455,percentile,84,365,584,63,0.5714285714285714,0.8129175946547884,0.1640625,0.10000191861245947
by_radar,KTLX,max_hdr_size,sig_severe_obs,0.0,60.0,26.405805587768555,percentile,82,357,592,65,0.5578231292517006,0.8132118451025057,0.1626984126984127,0.09875094994056782
by_radar,KTLX,max_hdr_size,sig_severe_obs,0.0,61.0,26.58210983276367,percentile,77,351,598,70,0.5238095238095238,0.8200934579439252,0.15461847389558234,0.0851600418741871
by_radar,KTLX,max_hdr_size,sig_severe_obs,0.0,62.0,26.754121398925783,percentile,76,341,608,71,0.5170068027210885,0.8177458033573142,0.1557377049180328,0.08877884192385772
by_radar,KTLX,max_hdr_size,sig_severe_obs,0.0,63.0,26.954632568359376,percentile,73,333,616,74,0.4965986394557823,0.8201970443349754,0.15208333333333332,0.08352166731042644
by_radar,KTLX,max_hdr_size,sig_severe_obs,0.0,64.0,27.20925407409668,percentile,71,324,625,76,0.48299319727891155,0.8202531645569621,0.15074309978768577,0.08265711380157438
by_radar,KTLX,max_hdr_size,sig_severe_obs,0.0,65.0,27.372136116027832,percentile,67,317,632,80,0.4557823129251701,0.8255208333333334,0.14439655172413793,0.07241408714931355
by_radar,KTLX,max_hdr_size,sig_severe_obs,0.0,66.0,27.619232368469238,percentile,63,310,639,84,0.42857142857142855,0.8310991957104558,0.13785557986870897,0.06177839385735826
by_radar,KTLX,max_hdr_size,sig_severe_obs,0.0,67.0,27.901959896087654,percentile,63,299,650,84,0.42857142857142855,0.8259668508287292,0.1412556053811659,0.07014947855288457
by_radar,KTLX,max_hdr_size,sig_severe_obs,0.0,68.0,28.07279052734375,percentile,62,289,660,85,0.4217687074829932,0.8233618233618234,0.14220183486238533,0.0739018648303036
by_radar,KTLX,max_hdr_size,sig_severe_obs,0.0,69.0,28.25203342437744,percentile,61,279,670,86,0.41496598639455784,0.8205882352941176,0.1431924882629108,0.07780687518442019
by_radar,KTLX,max_hdr_size,sig_severe_obs,0.0,70.0,28.468721389770508,percentile,59,270,679,88,0.4013605442176871,0.8206686930091185,0.14148681055155876,0.07671600348259877
by_radar,KTLX,max_hdr_size,sig_severe_obs,0.0,71.0,28.670400047302245,percentile,58,260,689,89,0.3945578231292517,0.8176100628930818,0.14250614250614252,0.08084623739631093
by_radar,KTLX,max_hdr_size,sig_severe_obs,0.0,72.0,28.92917366027832,percentile,56,251,698,91,0.38095238095238093,0.8175895765472313,0.1407035175879397,0.07977394028370396
by_radar,KTLX,max_hdr_size,sig_severe_obs,0.0,73.0,29.103402042388918,percentile,54,242,707,93,0.3673469387755102,0.8175675675675675,0.13881748071979436,0.07865416658302049
by_radar,KTLX,max_hdr_size,sig_severe_obs,0.0,74.0,29.380113220214845,percentile,54,231,718,93,0.3673469387755102,0.8105263157894737,0.14285714285714285,0.08873389071088734
by_radar,KTLX,max_hdr_size,sig_severe_obs,0.0,75.0,29.574419498443604,percentile,53,221,728,94,0.36054421768707484,0.8065693430656934,0.14402173913043478,0.09352517985611511
by_radar,KTLX,max_hdr_size,sig_severe_obs,0.0,76.0,29.733618164062502,percentile,52,211,738,95,0.35374149659863946,0.8022813688212928,0.1452513966480447,0.09854369714921594
by_radar,KTLX,max_hdr_size,sig_severe_obs,0.0,77.0,29.91234607696533,percentile,52,200,749,95,0.35374149659863946,0.7936507936507936,0.14985590778097982,0.10984097616845073
by_radar,KTLX,max_hdr_size,sig_severe_obs,0.0,78.0,30.160413932800292,percentile,50,191,758,97,0.3401360544217687,0.7925311203319502,0.14792899408284024,0.1093302934022585
by_radar,KTLX,max_hdr_size,sig_severe_obs,0.0,79.0,30.45759382247925,percentile,48,182,767,99,0.32653061224489793,0.7913043478260869,0.1458966565349544,0.10879353651337492
by_radar,KTLX,max_hdr_size,sig_severe_obs,0.0,80.0,30.92327880859375,percentile,47,173,776,100,0.3197278911564626,0.7863636363636364,0.146875,0.1135943499075698
by_radar,KTLX,max_hdr_size,sig_severe_obs,0.0,81.0,31.336358642578123,percentile,45,164,785,102,0.30612244897959184,0.784688995215311,0.14469453376205788,0.11314452590271651
by_radar,KTLX,max_hdr_size,sig_severe_obs,0.0,82.0,31.64767551422119,percentile,43,155,794,104,0.2925170068027211,0.7828282828282829,0.1423841059602649,0.11266989259412082
by_radar,KTLX,max_hdr_size,sig_severe_obs,0.0,83.0,31.982264900207518,percentile,41,146,803,106,0.2789115646258503,0.7807486631016043,0.13993174061433447,0.1121683393016722
by_radar,KTLX,max_hdr_size,sig_severe_obs,0.0,84.0,32.37735137939453,percentile,37,139,810,110,0.25170068027210885,0.7897727272727273,0.12937062937062938,0.0971336315274065
by_radar,KTLX,max_hdr_size,sig_severe_obs,0.0,85.0,32.66028118133545,percentile,34,131,818,113,0.23129251700680273,0.793939393939394,0.1223021582733813,0.08866488096455177
by_radar,KTLX,max_hdr_size,sig_severe_obs,0.0,86.0,32.98648109436035,percentile,33,121,828,114,0.22448979591836735,0.7857142857142857,0.12313432835820895,0.09507413393296325
by_radar,KTLX,max_hdr_size,sig_severe_obs,0.0,87.0,33.327582550048824,percentile,32,111,838,115,0.21768707482993196,0.7762237762237763,0.12403100775193798,0.10189341474557466
by_radar,KTLX,max_hdr_size,sig_severe_obs,0.0,88.0,33.703653717041014,percentile,29,103,846,118,0.19727891156462585,0.7803030303030303,0.116,0.09274241879419873
by_radar,KTLX,max_hdr_size,sig_severe_obs,0.0,89.0,34.203267097473145,percentile,27,94,855,120,0.1836734693877551,0.7768595041322314,0.11203319502074689,0.09145703727232582
by_radar,KTLX,max_hdr_size,sig_severe_obs,0.0,90.0,34.53587532043457,percentile,26,84,865,121,0.17687074829931973,0.7636363636363637,0.11255411255411256,0.09887218648228066
by_radar,KTLX,max_hdr_size,sig_severe_obs,0.0,91.0,34.92578945159912,percentile,25,74,875,122,0.17006802721088435,0.7474747474747475,0.11312217194570136,0.10683131678516486
by_radar,KTLX,max_hdr_size,sig_severe_obs,0.0,92.0,35.64440078735353,percentile,22,66,883,125,0.14965986394557823,0.75,0.10328638497652583,0.09647456924829943
by_radar,KTLX,max_hdr_size,sig_severe_obs,0.0,93.0,36.118247795104985,percentile,20,57,892,127,0.1360544217687075,0.7402597402597403,0.09803921568627451,0.09513339854441683
by_radar,KTLX,max_hdr_size,sig_severe_obs,0.0,94.0,36.68642234802246,percentile,14,52,897,133,0.09523809523809523,0.7878787878787878,0.07035175879396985,0.05271813272037525
by_radar,KTLX,max_hdr_size,sig_severe_obs,0.0,95.0,37.01959705352783,percentile,12,43,906,135,0.08163265306122448,0.7818181818181819,0.06315789473684211,0.049380670688327764
by_radar,KTLX,max_hdr_size,sig_severe_obs,0.0,96.0,37.842820739746095,percentile,10,34,915,137,0.06802721088435375,0.7727272727272727,0.055248618784530384,0.04574338085539715
by_radar,KTLX,max_hdr_size,sig_severe_obs,0.0,97.0,38.81796874999999,percentile,7,26,923,140,0.047619047619047616,0.7878787878787878,0.04046242774566474,0.030078154154538378
by_radar,KTLX,max_hdr_size,sig_severe_obs,0.0,98.0,39.54664039611816,percentile,5,17,932,142,0.034013605442176874,0.7727272727272727,0.03048780487804878,0.02512922643156034
by_radar,KTLX,max_hdr_size,sig_severe_obs,0.0,99.0,41.48563251495361,percentile,1,10,939,146,0.006802721088435374,0.9090909090909091,0.006369426751592357,-0.0061317923429096005
by_radar,KTLX,max_hdr_size,sig_severe_obs,0.0,100.0,45.576805114746094,percentile,0,1,948,147,0.0,1.0,0.0,-0.0018157787467420977
by_radar,KTLX,max_hsda,severe_obs,0.0,,2.0,hsda_class,337,127,235,376,0.4726507713884993,0.27370689655172414,0.4011904761904762,0.10418299202632159
by_radar,KTLX,max_hsda,sig_severe_obs,0.0,,3.0,hsda_class,60,242,687,86,0.410958904109589,0.8013245033112583,0.15463917525773196,0.10374768692681538
by_radar,KTLX,max_mesh_75_mh19,severe_obs,0.0,0.0,0.0,percentile,727,369,0,0,1.0,0.33667883211678834,0.6633211678832117,0.0
by_radar,KTLX,max_mesh_75_mh19,severe_obs,0.0,1.0,5.009535915651884,percentile,718,367,2,9,0.9876203576341128,0.3382488479262673,0.6563071297989032,-0.009143847860476733
by_radar,KTLX,max_mesh_75_mh19,severe_obs,0.0,2.0,11.57374171924826,percentile,712,362,7,15,0.9793672627235214,0.3370577281191806,0.6538108356290174,-0.0021634731991268495
by_radar,KTLX,max_mesh_75_mh19,severe_obs,0.0,3.0,13.299017211870384,percentile,708,355,14,19,0.9738651994497937,0.3339604891815616,0.6543438077634011,0.015217255512471231
by_radar,KTLX,max_mesh_75_mh19,severe_obs,0.0,4.0,14.556537733239077,percentile,704,348,21,23,0.9683631361760661,0.33079847908745247,0.6548837209302325,0.032272190701039566
by_radar,KTLX,max_mesh_75_mh19,severe_obs,0.0,5.0,15.504018694989744,percentile,703,338,31,24,0.9669876203576341,0.32468780019212296,0.6600938967136151,0.06451567267291342
by_radar,KTLX,max_mesh_75_mh19,severe_obs,0.0,6.0,16.533110328911423,percentile,700,330,39,27,0.9628610729023384,0.32038834951456313,0.6622516556291391,0.08592414005775
by_radar,KTLX,max_mesh_75_mh19,severe_obs,0.0,7.0,17.16998030312181,percentile,698,321,48,29,0.9601100412654745,0.3150147203140334,0.666030534351145,0.11201648186300608
by_radar,KTLX,max_mesh_75_mh19,severe_obs,0.0,8.0,17.97127283026649,percentile,694,314,55,33,0.9546079779917469,0.3115079365079365,0.6666666666666666,0.12758070140023123
by_radar,KTLX,max_mesh_75_mh19,severe_obs,0.0,9.0,18.643858994851513,percentile,691,306,63,36,0.9504814305364512,0.3069207622868606,0.6689254598257502,0.14784957236976715
by_radar,KTLX,max_mesh_75_mh19,severe_obs,0.0,10.0,19.194436669957394,percentile,688,298,71,39,0.9463548830811555,0.3022312373225152,0.671219512195122,0.1677587403448369
by_radar,KTLX,max_mesh_75_mh19,severe_obs,0.0,11.0,19.95677968998086,percentile,682,293,76,45,0.938101788170564,0.3005128205128205,0.6686274509803921,0.17263066676791544
by_radar,KTLX,max_mesh_75_mh19,severe_obs,0.0,12.0,20.63158812759514,percentile,679,285,84,48,0.9339752407152683,0.29564315352697096,0.6709486166007905,0.19197662061636556
by_radar,KTLX,max_mesh_75_mh19,severe_obs,0.0,13.0,21.707186345777014,percentile,675,278,91,52,0.9284731774415406,0.291710388247639,0.6716417910447762,0.20617710450421187
by_radar,KTLX,max_mesh_75_mh19,severe_obs,0.0,14.0,22.270810046808773,percentile,670,272,97,57,0.921595598349381,0.28874734607218683,0.6706706706706707,0.2153643951988441
by_radar,KTLX,max_mesh_75_mh19,severe_obs,0.0,15.0,23.09351894856582,percentile,667,264,105,60,0.9174690508940853,0.28356605800214824,0.6730575176589304,0.2338541599244003
by_radar,KTLX,max_mesh_75_mh19,severe_obs,0.0,16.0,23.7912506422041,percentile,662,258,111,65,0.9105914718019257,0.28043478260869564,0.6720812182741117,0.2426534768693628
by_radar,KTLX,max_mesh_75_mh19,severe_obs,0.0,17.0,24.313934042616175,percentile,658,251,118,69,0.9050894085281981,0.2761276127612761,0.6728016359918201,0.25595604302352715
by_radar,KTLX,max_mesh_75_mh19,severe_obs,0.0,18.0,24.70001858747903,percentile,653,245,124,74,0.8982118294360385,0.2728285077951002,0.6718106995884774,0.2644264350694707
by_radar,KTLX,max_mesh_75_mh19,severe_obs,0.0,19.0,25.084859964200206,percentile,650,237,132,77,0.8940852819807428,0.26719278466741825,0.6742738589211619,0.2819053262833701
by_radar,KTLX,max_mesh_75_mh19,severe_obs,0.0,20.0,25.55080811088809,percentile,645,232,137,82,0.8872077028885832,0.2645381984036488,0.6725755995828988,0.28722976807379885
by_radar,KTLX,max_mesh_75_mh19,severe_obs,0.0,21.0,25.94784494506111,percentile,640,226,143,87,0.8803301237964236,0.26096997690531176,0.6715634837355718,0.29524779975511745
by_radar,KTLX,max_mesh_75_mh19,severe_obs,0.0,22.0,26.23167219868499,percentile,631,224,145,96,0.8679504814305364,0.26198830409356727,0.6635120925341745,0.28526885971526506
by_radar,KTLX,max_mesh_75_mh19,severe_obs,0.0,23.0,26.462263905691408,percentile,625,219,150,102,0.859697386519945,0.259478672985782,0.6606765327695561,0.2887433284813197
by_radar,KTLX,max_mesh_75_mh19,severe_obs,0.0,24.0,26.791220096827903,percentile,622,211,158,105,0.8555708390646493,0.2533013205282113,0.6631130063965884,0.3053524222889899
by_radar,KTLX,max_mesh_75_mh19,severe_obs,0.0,25.0,27.31970644675563,percentile,613,209,160,114,0.8431911966987621,0.2542579075425791,0.6549145299145299,0.2955288985823337
by_radar,KTLX,max_mesh_75_mh19,severe_obs,0.0,26.0,27.54975193420674,percentile,607,204,165,120,0.8349381017881705,0.25154130702836003,0.6519871106337272,0.2988425404873888
by_radar,KTLX,max_mesh_75_mh19,severe_obs,0.0,27.0,27.764349170546343,percentile,599,201,168,128,0.8239339752407153,0.25125,0.6454741379310345,0.2935155723443941
by_radar,KTLX,max_mesh_75_mh19,severe_obs,0.0,28.0,28.011541137695072,percentile,591,198,171,136,0.81292984869326,0.2509505703422053,0.6389189189189189,0.28827017673478117
by_radar,KTLX,max_mesh_75_mh19,severe_obs,0.0,29.0,28.306837092223155,percentile,584,194,175,143,0.8033012379642366,0.2493573264781491,0.6340933767643865,0.287333966210532
by_radar,KTLX,max_mesh_75_mh19,severe_obs,0.0,30.0,28.641181118560652,percentile,577,190,179,150,0.7936726272352133,0.24771838331160365,0.6292257360959651,0.2864118757731623
by_radar,KTLX,max_mesh_75_mh19,severe_obs,0.0,31.0,28.962066774640185,percentile,568,188,181,159,0.781292984869326,0.24867724867724866,0.6207650273224044,0.27717126870210435
by_radar,KTLX,max_mesh_75_mh19,severe_obs,0.0,32.0,29.283156530356184,percentile,562,183,186,165,0.7730398899587345,0.24563758389261744,0.6175824175824176,0.2804735871053912
by_radar,KTLX,max_mesh_75_mh19,severe_obs,0.0,33.0,29.542319605593836,percentile,554,180,189,173,0.7620357634112792,0.2452316076294278,0.6108048511576626,0.27551777087000484
by_radar,KTLX,max_mesh_75_mh19,severe_obs,0.0,34.0,29.974602478887363,percentile,545,178,191,182,0.749656121045392,0.24619640387275243,0.6022099447513812,0.2665598429617182
by_radar,KTLX,max_mesh_75_mh19,severe_obs,0.0,35.0,30.253114275500934,percentile,536,176,193,191,0.7372764786795049,0.24719101123595505,0.593576965669989,0.2577321109585603
by_radar,KTLX,max_mesh_75_mh19,severe_obs,0.0,36.0,30.506191969922313,percentile,531,170,199,196,0.7303988995873453,0.24251069900142652,0.5919732441471572,0.2650952487386275
by_radar,KTLX,max_mesh_75_mh19,severe_obs,0.0,37.0,30.843480618790245,percentile,522,168,201,205,0.7180192572214581,0.24347826086956523,0.5832402234636872,0.25640447312704173
by_radar,KTLX,max_mesh_75_mh19,severe_obs,0.0,38.0,31.091276223555106,percentile,517,162,207,210,0.7111416781292985,0.23858615611192932,0.5815523059617548,0.2636723194451969
by_radar,KTLX,max_mesh_75_mh19,severe_obs,0.0,39.0,31.47985562583462,percentile,508,160,209,219,0.6987620357634112,0.23952095808383234,0.5727170236753101,0.2551143373597682
by_radar,KTLX,max_mesh_75_mh19,severe_obs,0.0,40.0,31.757399084977152,percentile,502,156,213,225,0.6905089408528198,0.23708206686930092,0.5685164212910532,0.2559601445401869
by_radar,KTLX,max_mesh_75_mh19,severe_obs,0.0,41.0,32.02503027007473,percentile,493,154,215,234,0.6781292984869326,0.23802163833075735,0.5595913734392736,0.2475697405717966
by_radar,KTLX,max_mesh_75_mh19,severe_obs,0.0,42.0,32.25593255329535,percentile,488,148,221,239,0.671251719394773,0.23270440251572327,0.5577142857142857,0.2547021282577525
by_radar,KTLX,max_mesh_75_mh19,severe_obs,0.0,43.0,32.4749747964881,percentile,479,146,223,248,0.6588720770288858,0.2336,0.5486827033218786,0.2464356888325812
by_radar,KTLX,max_mesh_75_mh19,severe_obs,0.0,44.0,32.75669716347764,percentile,473,141,228,254,0.6506189821182944,0.2296416938110749,0.5449308755760369,0.24967936496932303
by_radar,KTLX,max_mesh_75_mh19,severe_obs,0.0,45.0,33.08815646348961,percentile,467,136,233,260,0.6423658872077029,0.22553897180762852,0.541135573580533,0.25287906382656417
by_radar,KTLX,max_mesh_75_mh19,severe_obs,0.0,46.0,33.36238237299883,percentile,459,133,236,268,0.6313617606602476,0.22466216216216217,0.5337209302325582,0.2485398115091578
by_radar,KTLX,max_mesh_75_mh19,severe_obs,0.0,47.0,33.568208977716566,percentile,449,132,237,278,0.6176066024759285,0.22719449225473323,0.5227008149010477,0.2368128751312004
by_radar,KTLX,max_mesh_75_mh19,severe_obs,0.0,48.0,33.86270324275728,percentile,441,129,240,286,0.6066024759284732,0.22631578947368422,0.5151869158878505,0.23263802190534677
by_radar,KTLX,max_mesh_75_mh19,severe_obs,0.0,49.0,34.209326811291774,percentile,435,124,245,292,0.5983493810178817,0.22182468694096602,0.5111633372502937,0.23586572142055073
by_radar,KTLX,max_mesh_75_mh19,severe_obs,0.0,50.0,34.52167020975392,percentile,429,119,250,298,0.5900962861072903,0.21715328467153286,0.5070921985815603,0.23905109489051096
by_radar,KTLX,max_mesh_75_mh19,severe_obs,0.0,51.0,34.83771922611542,percentile,421,116,253,306,0.579092159559835,0.21601489757914338,0.49940688018979834,0.23494324666774738
by_radar,KTLX,max_mesh_75_mh19,severe_obs,0.0,52.0,35.02533486703104,percentile,413,113,256,314,0.5680880330123796,0.21482889733840305,0.49166666666666664,0.23088856896812407
by_radar,KTLX,max_mesh_75_mh19,severe_obs,0.0,53.0,35.22095754226827,percentile,404,111,258,323,0.5557083906464925,0.21553398058252426,0.4821002386634845,0.22330680478493586
by_radar,KTLX,max_mesh_75_mh19,severe_obs,0.0,54.0,35.35576210215181,percentile,396,108,261,331,0.5447042640990372,0.21428571428571427,0.474251497005988,0.2193782854176131
by_radar,KTLX,max_mesh_75_mh19,severe_obs,0.0,55.0,35.596305835299944,percentile,386,107,262,341,0.530949105914718,0.21703853955375255,0.4628297362110312,0.208432076195635
by_radar,KTLX,max_mesh_75_mh19,severe_obs,0.0,56.0,35.88528082957396,percentile,377,105,264,350,0.5185694635488308,0.21784232365145229,0.453125,0.2011354679960784
by_radar,KTLX,max_mesh_75_mh19,severe_obs,0.0,57.0,36.1521895384402,percentile,373,98,271,354,0.5130674002751031,0.208067940552017,0.45212121212121215,0.21137773928879577
by_radar,KTLX,max_mesh_75_mh19,severe_obs,0.0,58.0,36.41959302625056,percentile,363,97,272,364,0.49931224209078406,0.2108695652173913,0.4405339805825243,0.20068595438783002
by_radar,KTLX,max_mesh_75_mh19,severe_obs,0.0,59.0,36.635563132369796,percentile,357,92,277,370,0.49105914718019256,0.20489977728285078,0.4358974358974359,0.20391164216649635
by_radar,KTLX,max_mesh_75_mh19,severe_obs,0.0,60.0,36.89017942881173,percentile,350,89,280,377,0.4814305364511692,0.20273348519362186,0.42892156862745096,0.20151337491987556
by_radar,KTLX,max_mesh_75_mh19,severe_obs,0.0,61.0,37.08056970343692,percentile,343,85,284,384,0.4718019257221458,0.1985981308411215,0.4224137931034483,0.20129030654103375
by_radar,KTLX,max_mesh_75_mh19,severe_obs,0.0,62.0,37.323754063505056,percentile,335,82,287,392,0.4607977991746905,0.19664268585131894,0.41409147095179233,0.19768465465957072
by_radar,KTLX,max_mesh_75_mh19,severe_obs,0.0,63.0,37.55934426314366,percentile,327,79,290,400,0.4497936726272352,0.19458128078817735,0.4057071960297767,0.19412259534204016
by_radar,KTLX,max_mesh_75_mh19,severe_obs,0.0,64.0,37.840008854690616,percentile,317,78,291,410,0.4360385144429161,0.19746835443037974,0.3937888198757764,0.1839141142112539
by_radar,KTLX,max_mesh_75_mh19,severe_obs,0.0,65.0,38.046693420316984,percentile,308,76,293,419,0.4236588720770289,0.19791666666666666,0.3835616438356164,0.17715221743614634
by_radar,KTLX,max_mesh_75_mh19,severe_obs,0.0,66.0,38.458083268639164,percentile,299,74,295,428,0.41127922971114167,0.19839142091152814,0.3732833957553059,0.1704706162609422
by_radar,KTLX,max_mesh_75_mh19,severe_obs,0.0,67.0,38.80602096622742,percentile,289,73,296,438,0.39752407152682256,0.20165745856353592,0.36125,0.1605824974969874
by_radar,KTLX,max_mesh_75_mh19,severe_obs,0.0,68.0,39.032716249066645,percentile,279,72,297,448,0.38376891334250346,0.20512820512820512,0.34918648310387984,0.15081041937973638
by_radar,KTLX,max_mesh_75_mh19,severe_obs,0.0,69.0,39.31803478161978,percentile,271,69,300,456,0.37276478679504815,0.20294117647058824,0.34045226130653267,0.14764647326507394
by_radar,KTLX,max_mesh_75_mh19,severe_obs,0.0,70.0,39.543909485035144,percentile,263,66,303,464,0.36176066024759285,0.2006079027355623,0.3316519546027743,0.14451922652096436
by_radar,KTLX,max_mesh_75_mh19,severe_obs,0.0,71.0,39.84841742187057,percentile,254,64,305,473,0.3493810178817056,0.20125786163522014,0.3211125158027813,0.13821842951439933
by_radar,KTLX,max_mesh_75_mh19,severe_obs,0.0,72.0,40.22633266407303,percentile,245,62,307,482,0.33700137551581844,0.20195439739413681,0.3105196451204056,0.13198987896099207
by_radar,KTLX,max_mesh_75_mh19,severe_obs,0.0,73.0,40.50911600378897,percentile,236,60,309,491,0.3246217331499312,0.20270270270270271,0.29987293519695046,0.12583233935126747
by_radar,KTLX,max_mesh_75_mh19,severe_obs,0.0,74.0,40.844399115079284,percentile,230,55,314,497,0.31636863823933975,0.19298245614035087,0.29411764705882354,0.12920971498153325
by_radar,KTLX,max_mesh_75_mh19,severe_obs,0.0,75.0,41.17011431501023,percentile,222,52,317,505,0.30536451169188444,0.1897810218978102,0.28498074454428757,0.12627450980392158
by_radar,KTLX,max_mesh_75_mh19,severe_obs,0.0,76.0,41.497085759946074,percentile,214,49,320,513,0.29436038514442914,0.18631178707224336,0.2757731958762887,0.12337220588695744
by_radar,KTLX,max_mesh_75_mh19,severe_obs,0.0,77.0,41.84591743915134,percentile,206,46,323,521,0.2833562585969739,0.18253968253968253,0.2664941785252264,0.12050225311926813
by_radar,KTLX,max_mesh_75_mh19,severe_obs,0.0,78.0,42.392669146589846,percentile,198,43,326,529,0.2723521320495186,0.17842323651452283,0.2571428571428571,0.11766411358537622
by_radar,KTLX,max_mesh_75_mh19,severe_obs,0.0,79.0,42.56539415916106,percentile,192,38,331,535,0.2640990371389271,0.16521739130434782,0.25098039215686274,0.12099343272886072
by_radar,KTLX,max_mesh_75_mh19,severe_obs,0.0,80.0,42.92591180829826,percentile,186,34,335,541,0.2558459422283356,0.15454545454545454,0.24441524310118265,0.1223232390756958
by_radar,KTLX,max_mesh_75_mh19,severe_obs,0.0,81.0,43.22326694312143,percentile,179,30,339,548,0.24621733149931224,0.14354066985645933,0.23645970937912814,0.12255633890604872
by_radar,KTLX,max_mesh_75_mh19,severe_obs,0.0,82.0,43.54215665513274,percentile,170,28,341,557,0.23383768913342504,0.1414141414141414,0.2251655629139073,0.11674757682791759
by_radar,KTLX,max_mesh_75_mh19,severe_obs,0.0,83.0,44.23158908420227,percentile,161,26,343,566,0.22145804676753783,0.13903743315508021,0.21381142098273573,0.11100149894635307
by_radar,KTLX,max_mesh_75_mh19,severe_obs,0.0,84.0,44.548157608420496,percentile,151,25,344,576,0.2077028885832187,0.14204545454545456,0.20079787234042554,0.10232984093411686
by_radar,KTLX,max_mesh_75_mh19,severe_obs,0.0,85.0,44.81270607731004,percentile,143,22,347,584,0.19669876203576342,0.13333333333333333,0.1909212283044059,0.09969338043327974
by_radar,KTLX,max_mesh_75_mh19,severe_obs,0.0,86.0,45.43339869596055,percentile,135,19,350,592,0.1856946354883081,0.12337662337662338,0.18096514745308312,0.097084917617237
by_radar,KTLX,max_mesh_75_mh19,severe_obs,0.0,87.0,46.00732842326317,percentile,126,17,352,601,0.1733149931224209,0.11888111888111888,0.1693548387096774,0.09156408681353759
by_radar,KTLX,max_mesh_75_mh19,severe_obs,0.0,88.0,46.54853542759485,percentile,118,14,355,609,0.1623108665749656,0.10606060606060606,0.1592442645074224,0.08902574392690944
by_radar,KTLX,max_mesh_75_mh19,severe_obs,0.0,89.0,46.90304874430661,percentile,108,13,356,619,0.1485557083906465,0.10743801652892562,0.14594594594594595,0.08069555153860651
by_radar,KTLX,max_mesh_75_mh19,severe_obs,0.0,90.0,47.43794109626731,percentile,98,12,357,629,0.13480055020632736,0.10909090909090909,0.13261163734776726,0.07245198122026057
by_radar,KTLX,max_mesh_75_mh19,severe_obs,0.0,91.0,48.03349023345639,percentile,89,10,359,638,0.12242090784044017,0.10101010101010101,0.12075983717774763,0.06717278518421226
by_radar,KTLX,max_mesh_75_mh19,severe_obs,0.0,92.0,48.61469514134742,percentile,80,8,361,647,0.11004126547455295,0.09090909090909091,0.10884353741496598,0.06194792026008509
by_radar,KTLX,max_mesh_75_mh19,severe_obs,0.0,93.0,49.59441818669975,percentile,70,7,362,657,0.09628610729023383,0.09090909090909091,0.09536784741144415,0.05392693434699295
by_radar,KTLX,max_mesh_75_mh19,severe_obs,0.0,94.0,50.03039175544734,percentile,63,3,366,664,0.08665749656121045,0.045454545454545456,0.0863013698630137,0.05449296656336819
by_radar,KTLX,max_mesh_75_mh19,severe_obs,0.0,95.0,51.24236156338137,percentile,53,2,367,674,0.07290233837689133,0.03636363636363636,0.07270233196159122,0.04659105239724
by_radar,KTLX,max_mesh_75_mh19,severe_obs,0.0,96.0,52.2597209122389,percentile,43,1,368,684,0.059147180192572216,0.022727272727272728,0.059065934065934064,0.038768821059100685
by_radar,KTLX,max_mesh_75_mh19,severe_obs,0.0,97.0,53.055273135651134,percentile,32,1,368,695,0.04401650618982118,0.030303030303030304,0.04395604395604396,0.028232638366935126
by_radar,KTLX,max_mesh_75_mh19,severe_obs,0.0,98.0,54.67521414862772,percentile,21,1,368,706,0.02888583218707015,0.045454545454545456,0.028846153846153848,0.01780164174639632
by_radar,KTLX,max_mesh_75_mh19,severe_obs,0.0,99.0,57.05328039028398,percentile,10,1,368,717,0.013755158184319119,0.09090909090909091,0.013736263736263736,0.00747426386194684
by_radar,KTLX,max_mesh_75_mh19,severe_obs,0.0,100.0,62.07887846773464,percentile,1,0,369,726,0.001375515818431912,0.0,0.001375515818431912,0.0009266304552542961
by_radar,KTLX,max_mesh_75_mh19,sig_severe_obs,0.0,0.0,0.0,percentile,147,949,0,0,1.0,0.8658759124087592,0.13412408759124086,0.0
by_radar,KTLX,max_mesh_75_mh19,sig_severe_obs,0.0,1.0,5.009535915651884,percentile,146,939,10,1,0.9931972789115646,0.8654377880184332,0.13443830570902393,0.0010103928896266975
by_radar,KTLX,max_mesh_75_mh19,sig_severe_obs,0.0,2.0,11.57374171924826,percentile,143,931,18,4,0.9727891156462585,0.866852886405959,0.1326530612244898,-0.002249476752146783
by_radar,KTLX,max_mesh_75_mh19,sig_severe_obs,0.0,3.0,13.299017211870384,percentile,143,920,29,4,0.9727891156462585,0.8654750705550329,0.13402061855670103,0.0009214334900625273
by_radar,KTLX,max_mesh_75_mh19,sig_severe_obs,0.0,4.0,14.556537733239077,percentile,143,909,40,4,0.9727891156462585,0.8640684410646388,0.13541666666666666,0.004148023120650945
by_radar,KTLX,max_mesh_75_mh19,sig_severe_obs,0.0,5.0,15.504018694989744,percentile,142,899,50,5,0.9659863945578231,0.8635926993275697,0.13575525812619502,0.005230955206557469
by_radar,KTLX,max_mesh_75_mh19,sig_severe_obs,0.0,6.0,16.533110328911423,percentile,142,888,61,5,0.9659863945578231,0.8621359223300971,0.13719806763285025,0.008553727212684315
by_radar,KTLX,max_mesh_75_mh19,sig_severe_obs,0.0,7.0,17.16998030312181,percentile,142,877,72,5,0.9659863945578231,0.8606476938174681,0.138671875,0.01193642357029693
by_radar,KTLX,max_mesh_75_mh19,sig_severe_obs,0.0,8.0,17.97127283026649,percentile,142,866,83,5,0.9659863945578231,0.8591269841269841,0.140177690029615,0.015380680083504551
by_radar,KTLX,max_mesh_75_mh19,sig_severe_obs,0.0,9.0,18.643858994851513,percentile,142,855,94,5,0.9659863945578231,0.8575727181544633,0.14171656686626746,0.018888192641661444
by_radar,KTLX,max_mesh_75_mh19,sig_severe_obs,0.0,10.0,19.194436669957394,percentile,142,844,105,5,0.9659863945578231,0.8559837728194726,0.1432896064581231,0.02246072000369793
by_radar,KTLX,max_mesh_75_mh19,sig_severe_obs,0.0,11.0,19.95677968998086,percentile,142,833,116,5,0.9659863945578231,0.8543589743589743,0.14489795918367346,0.026100086738729798
by_radar,KTLX,max_mesh_75_mh19,sig_severe_obs,0.0,12.0,20.63158812759514,percentile,142,822,127,5,0.9659863945578231,0.8526970954356846,0.14654282765737875,0.029808186333276247
by_radar,KTLX,max_mesh_75_mh19,sig_severe_obs,0.0,13.0,21.707186345777014,percentile,142,811,138,5,0.9659863945578231,0.85099685204617,0.14822546972860126,0.033586984476204264
by_radar,KTLX,max_mesh_75_mh19,sig_severe_obs,0.0,14.0,22.270810046808773,percentile,141,801,148,6,0.9591836734693877,0.8503184713375797,0.14873417721518986,0.035047065446499874
by_radar,KTLX,max_mesh_75_mh19,sig_severe_obs,0.0,15.0,23.09351894856582,percentile,140,791,158,7,0.9523809523809523,0.849624060150376,0.14925373134328357,0.03653552536203945
by_radar,KTLX,max_mesh_75_mh19,sig_severe_obs,0.0,16.0,23.7912506422041,percentile,140,780,169,7,0.9523809523809523,0.8478260869565217,0.15102481121898598,0.040491594656889354
by_radar,KTLX,max_mesh_75_mh19,sig_severe_obs,0.0,17.0,24.313934042616175,percentile,140,769,180,7,0.9523809523809523,0.845984598459846,0.15283842794759825,0.044526080460157505
by_radar,KTLX,max_mesh_75_mh19,sig_severe_obs,0.0,18.0,24.70001858747903,percentile,139,759,190,8,0.9455782312925171,0.8452115812917594,0.1534216335540839,0.04615412545897688
by_radar,KTLX,max_mesh_75_mh19,sig_severe_obs,0.0,19.0,25.084859964200206,percentile,138,749,200,9,0.9387755102040817,0.8444193912063134,0.15401785714285715,0.04781509388116256
by_radar,KTLX,max_mesh_75_mh19,sig_severe_obs,0.0,20.0,25.55080811088809,percentile,138,739,210,9,0.9387755102040817,0.8426453819840365,0.15575620767494355,0.05165963727896759
by_radar,KTLX,max_mesh_75_mh19,sig_severe_obs,0.0,21.0,25.94784494506111,percentile,137,729,220,10,0.9319727891156463,0.8418013856812933,0.15639269406392695,0.05341006306361057
by_radar,KTLX,max_mesh_75_mh19,sig_severe_obs,0.0,22.0,26.23167219868499,percentile,135,720,229,12,0.9183673469387755,0.8421052631578947,0.15570934256055363,0.05260845844817447
by_radar,KTLX,max_mesh_75_mh19,sig_severe_obs,0.0,23.0,26.462263905691408,percentile,134,710,239,13,0.9115646258503401,0.8412322274881516,0.15635939323220538,0.05440572792362768
by_radar,KTLX,max_mesh_75_mh19,sig_severe_obs,0.0,24.0,26.791220096827903,percentile,132,701,248,15,0.8979591836734694,0.8415366146458584,0.15566037735849056,0.053597659368675964
by_radar,KTLX,max_mesh_75_mh19,sig_severe_obs,0.0,25.0,27.31970644675563,percentile,131,691,258,16,0.891156462585034,0.8406326034063261,0.15632458233890215,0.055444221776887105
by_radar,KTLX,max_mesh_75_mh19,sig_severe_obs,0.0,26.0,27.54975193420674,percentile,130,681,268,17,0.8843537414965986,0.8397040690505548,0.1570048309178744,0.05733093129801093
by_radar,KTLX,max_mesh_75_mh19,sig_severe_obs,0.0,27.0,27.764349170546343,percentile,129,671,278,18,0.8775510204081632,0.83875,0.15770171149144255,0.05925911161163655
by_radar,KTLX,max_mesh_75_mh19,sig_severe_obs,0.0,28.0,28.011541137695072,percentile,128,661,288,19,0.8707482993197279,0.8377693282636248,0.15841584158415842,0.0612301452342264
by_radar,KTLX,max_mesh_75_mh19,sig_severe_obs,0.0,29.0,28.306837092223155,percentile,127,651,298,20,0.8639455782312925,0.8367609254498715,0.15914786967418545,0.06324547682493746
by_radar,KTLX,max_mesh_75_mh19,sig_severe_obs,0.0,30.0,28.641181118560652,percentile,126,641,308,21,0.8571428571428571,0.8357235984354628,0.1598984771573604,0.06530661671686552
by_radar,KTLX,max_mesh_75_mh19,sig_severe_obs,0.0,31.0,28.962066774640185,percentile,124,632,317,23,0.8435374149659864,0.8359788359788359,0.15917843388960207,0.0645588357935118
by_radar,KTLX,max_mesh_75_mh19,sig_severe_obs,0.0,32.0,29.283156530356184,percentile,124,621,328,23,0.8435374149659864,0.8335570469798658,0.16145833333333334,0.06957271401868173
by_radar,KTLX,max_mesh_75_mh19,sig_severe_obs,0.0,33.0,29.542319605593836,percentile,123,611,338,24,0.8367346938775511,0.832425068119891,0.16226912928759896,0.07178105577636107
by_radar,KTLX,max_mesh_75_mh19,sig_severe_obs,0.0,34.0,29.974602478887363,percentile,122,601,348,25,0.8299319727891157,0.8312586445366529,0.16310160427807488,0.07404198348624348
by_radar,KTLX,max_mesh_75_mh19,sig_severe_obs,0.0,35.0,30.253114275500934,percentile,120,592,357,27,0.8163265306122449,0.8314606741573034,0.16238159675236807,0.07336341881836161
by_radar,KTLX,max_mesh_75_mh19,sig_severe_obs,0.0,36.0,30.506191969922313,percentile,120,581,368,27,0.8163265306122449,0.8288159771754636,0.16483516483516483,0.07872929322534888
by_radar,KTLX,max_mesh_75_mh19,sig_severe_obs,0.0,37.0,30.843480618790245,percentile,120,570,379,27,0.8163265306122449,0.8260869565217391,0.16736401673640167,0.0842276750474463
by_radar,KTLX,max_mesh_75_mh19,sig_severe_obs,0.0,38.0,31.091276223555106,percentile,120,559,390,27,0.8163265306122449,0.8232695139911634,0.16997167138810199,0.08986353394646222
by_radar,KTLX,max_mesh_75_mh19,sig_severe_obs,0.0,39.0,31.47985562583462,percentile,118,550,399,29,0.8027210884353742,0.8233532934131736,0.16929698708751795,0.08935090579294193
by_radar,KTLX,max_mesh_75_mh19,sig_severe_obs,0.0,40.0,31.757399084977152,percentile,117,541,408,30,0.7959183673469388,0.8221884498480243,0.17005813953488372,0.0914771176549153
by_radar,KTLX,max_mesh_75_mh19,sig_severe_obs,0.0,41.0,32.02503027007473,percentile,117,530,419,30,0.7959183673469388,0.8191653786707882,0.172821270310192,0.0974197286494531
by_radar,KTLX,max_mesh_75_mh19,sig_severe_obs,0.0,42.0,32.25593255329535,percentile,116,520,429,31,0.7891156462585034,0.8176100628930818,0.17391304347826086,0.10025268778755154
by_radar,KTLX,max_mesh_75_mh19,sig_severe_obs,0.0,43.0,32.4749747964881,percentile,114,511,438,33,0.7755102040816326,0.8176,0.17325227963525835,0.09985174270263089
by_radar,KTLX,max_mesh_75_mh19,sig_severe_obs,0.0,44.0,32.75669716347764,percentile,111,503,446,36,0.7551020408163265,0.8192182410423453,0.17076923076923076,0.09608593200110169
by_radar,KTLX,max_mesh_75_mh19,sig_severe_obs,0.0,45.0,33.08815646348961,percentile,109,494,455,38,0.7414965986394558,0.8192371475953566,0.17004680187207488,0.09561699843962787
by_radar,KTLX,max_mesh_75_mh19,sig_severe_obs,0.0,46.0,33.36238237299883,percentile,109,483,466,38,0.7414965986394558,0.8158783783783784,0.173015873015873,0.1020292626467221
by_radar,KTLX,max_mesh_75_mh19,sig_severe_obs,0.0,47.0,33.568208977716566,percentile,106,475,474,41,0.7210884353741497,0.8175559380378657,0.17041800643086816,0.0981351483238023
by_radar,KTLX,max_mesh_75_mh19,sig_severe_obs,0.0,48.0,33.86270324275728,percentile,104,466,483,43,0.7074829931972789,0.8175438596491228,0.16965742251223492,0.09767538155962294
by_radar,KTLX,max_mesh_75_mh19,sig_severe_obs,0.0,49.0,34.209326811291774,percentile,103,456,493,44,0.7006802721088435,0.815742397137746,0.17081260364842454,0.10079910736261753
by_radar,KTLX,max_mesh_75_mh19,sig_severe_obs,0.0,50.0,34.52167020975392,percentile,102,446,503,45,0.6938775510204082,0.8138686131386861,0.17200674536256325,0.10401459854014598
by_radar,KTLX,max_mesh_75_mh19,sig_severe_obs,0.0,51.0,34.83771922611542,percentile,101,436,513,46,0.6870748299319728,0.8119180633147114,0.1732418524871355,0.10732595904600649
by_radar,KTLX,max_mesh_75_mh19,sig_severe_obs,0.0,52.0,35.02533486703104,percentile,99,427,522,48,0.673469387755102,0.811787072243346,0.17247386759581881,0.10697744629170927
by_radar,KTLX,max_mesh_75_mh19,sig_severe_obs,0.0,53.0,35.22095754226827,percentile,98,417,532,49,0.6666666666666666,0.8097087378640777,0.17375886524822695,0.11043609420665967
by_radar,KTLX,max_mesh_75_mh19,sig_severe_obs,0.0,54.0,35.35576210215181,percentile,98,406,543,49,0.6666666666666666,0.8055555555555556,0.17721518987341772,0.1178801386825161
by_radar,KTLX,max_mesh_75_mh19,sig_severe_obs,0.0,55.0,35.596305835299944,percentile,97,396,553,50,0.6598639455782312,0.8032454361054767,0.17863720073664824,0.12162128165779572
by_radar,KTLX,max_mesh_75_mh19,sig_severe_obs,0.0,56.0,35.88528082957396,percentile,94,388,561,53,0.6394557823129252,0.8049792531120332,0.17570093457943925,0.1174782170480357
by_radar,KTLX,max_mesh_75_mh19,sig_severe_obs,0.0,57.0,36.1521895384402,percentile,92,379,570,55,0.6258503401360545,0.8046709129511678,0.17490494296577946,0.11726738597096802
by_radar,KTLX,max_mesh_75_mh19,sig_severe_obs,0.0,58.0,36.41959302625056,percentile,91,369,580,56,0.6190476190476191,0.8021739130434783,0.17635658914728683,0.12118513599178918
by_radar,KTLX,max_mesh_75_mh19,sig_severe_obs,0.0,59.0,36.635563132369796,percentile,90,359,590,57,0.6122448979591837,0.799554565701559,0.17786561264822134,0.12523550967939986
by_radar,KTLX,max_mesh_75_mh19,sig_severe_obs,0.0,60.0,36.89017942881173,percentile,89,350,599,58,0.6054421768707483,0.7972665148063781,0.1790744466800805,0.1286502075254779
by_radar,KTLX,max_mesh_75_mh19,sig_severe_obs,0.0,61.0,37.08056970343692,percentile,88,340,609,59,0.5986394557823129,0.794392523364486,0.1806981519507187,0.13296640548171176
by_radar,KTLX,max_mesh_75_mh19,sig_severe_obs,0.0,62.0,37.323754063505056,percentile,87,330,619,60,0.5918367346938775,0.7913669064748201,0.18238993710691823,0.13743628240365172
by_radar,KTLX,max_mesh_75_mh19,sig_severe_obs,0.0,63.0,37.55934426314366,percentile,86,320,629,61,0.5850340136054422,0.7881773399014779,0.1841541755888651,0.14206819470582918
by_radar,KTLX,max_mesh_75_mh19,sig_severe_obs,0.0,64.0,37.840008854690616,percentile,82,313,636,65,0.5578231292517006,0.7924050632911392,0.1782608695652174,0.1331109725424878
by_radar,KTLX,max_mesh_75_mh19,sig_severe_obs,0.0,65.0,38.046693420316984,percentile,81,303,646,66,0.5510204081632653,0.7890625,0.18,0.13783576362240982
by_radar,KTLX,max_mesh_75_mh19,sig_severe_obs,0.0,66.0,38.458083268639164,percentile,81,292,657,66,0.5510204081632653,0.7828418230563002,0.1845102505694761,0.1475042258906961
by_radar,KTLX,max_mesh_75_mh19,sig_severe_obs,0.0,67.0,38.80602096622742,percentile,80,282,667,67,0.54421768707483,0.7790055248618785,0.1864801864801865,0.1526949556526285
by_radar,KTLX,max_mesh_75_mh19,sig_severe_obs,0.0,68.0,39.032716249066645,percentile,74,277,672,73,0.5034013605442177,0.7891737891737892,0.17452830188679244,0.1333306221673964
by_radar,KTLX,max_mesh_75_mh19,sig_severe_obs,0.0,69.0,39.31803478161978,percentile,73,267,682,74,0.4965986394557823,0.7852941176470588,0.17632850241545894,0.1384442313366775
by_radar,KTLX,max_mesh_75_mh19,sig_severe_obs,0.0,70.0,39.543909485035144,percentile,71,258,691,76,0.48299319727891155,0.78419452887538,0.17530864197530865,0.13861213732734076
by_radar,KTLX,max_mesh_75_mh19,sig_severe_obs,0.0,71.0,39.84841742187057,percentile,70,248,701,77,0.47619047619047616,0.779874213836478,0.17721518987341772,0.14405451906533254
by_radar,KTLX,max_mesh_75_mh19,sig_severe_obs,0.0,72.0,40.22633266407303,percentile,68,239,710,79,0.46258503401360546,0.7785016286644951,0.17616580310880828,0.14435120763221596
by_radar,KTLX,max_mesh_75_mh19,sig_severe_obs,0.0,73.0,40.50911600378897,percentile,65,231,718,82,0.4421768707482993,0.7804054054054054,0.17195767195767195,0.13916046012085198
by_radar,KTLX,max_mesh_75_mh19,sig_severe_obs,0.0,74.0,40.844399115079284,percentile,64,221,728,83,0.43537414965986393,0.775438596491228,0.17391304347826086,0.14498488511144986
by_radar,KTLX,max_mesh_75_mh19,sig_severe_obs,0.0,75.0,41.17011431501023,percentile,62,212,737,85,0.4217687074829932,0.7737226277372263,0.17270194986072424,0.14532374100719425
by_radar,KTLX,max_mesh_75_mh19,sig_severe_obs,0.0,76.0,41.497085759946074,percentile,61,202,747,86,0.41496598639455784,0.7680608365019012,0.17478510028653296,0.1515705384933797
by_radar,KTLX,max_mesh_75_mh19,sig_severe_obs,0.0,77.0,41.84591743915134,percentile,59,193,756,88,0.4013605442176871,0.7658730158730159,0.17352941176470588,0.15208581119774459
by_radar,KTLX,max_mesh_75_mh19,sig_severe_obs,0.0,78.0,42.392669146589846,percentile,58,183,766,89,0.3945578231292517,0.7593360995850622,0.17575757575757575,0.1588119437687997
by_radar,KTLX,max_mesh_75_mh19,sig_severe_obs,0.0,79.0,42.56539415916106,percentile,57,173,776,90,0.3877551020408163,0.7521739130434782,0.178125,0.16588149502853242
by_radar,KTLX,max_mesh_75_mh19,sig_severe_obs,0.0,80.0,42.92591180829826,percentile,55,165,784,92,0.3741496598639456,0.75,0.1762820512820513,0.16554486419870124
by_radar,KTLX,max_mesh_75_mh19,sig_severe_obs,0.0,81.0,43.22326694312143,percentile,52,157,792,95,0.35374149659863946,0.7511961722488039,0.17105263157894737,0.15982112980257354
by_radar,KTLX,max_mesh_75_mh19,sig_severe_obs,0.0,82.0,43.54215665513274,percentile,51,147,802,96,0.3469387755102041,0.7424242424242424,0.17346938775510204,0.16748565212498592
by_radar,KTLX,max_mesh_75_mh19,sig_severe_obs,0.0,83.0,44.23158908420227,percentile,50,137,812,97,0.3401360544217687,0.732620320855615,0.176056338028169,0.1755848864944099
by_radar,KTLX,max_mesh_75_mh19,sig_severe_obs,0.0,84.0,44.548157608420496,percentile,48,128,821,99,0.32653061224489793,0.7272727272727273,0.17454545454545456,0.17690495725590874
by_radar,KTLX,max_mesh_75_mh19,sig_severe_obs,0.0,85.0,44.81270607731004,percentile,47,118,831,100,0.3197278911564626,0.7151515151515152,0.17735849056603772,0.18577436086177165
by_radar,KTLX,max_mesh_75_mh19,sig_severe_obs,0.0,86.0,45.43339869596055,percentile,44,110,839,103,0.29931972789115646,0.7142857142857143,0.17120622568093385,0.17979059799030286
by_radar,KTLX,max_mesh_75_mh19,sig_severe_obs,0.0,87.0,46.00732842326317,percentile,41,102,847,106,0.2789115646258503,0.7132867132867133,0.1646586345381526,0.17342402773044038
by_radar,KTLX,max_mesh_75_mh19,sig_severe_obs,0.0,88.0,46.54853542759485,percentile,38,94,855,109,0.2585034013605442,0.7121212121212122,0.15767634854771784,0.16663670142634543
by_radar,KTLX,max_mesh_75_mh19,sig_severe_obs,0.0,89.0,46.90304874430661,percentile,34,87,862,113,0.23129251700680273,0.71900826446281,0.1452991452991453,0.15089442735731384
by_radar,KTLX,max_mesh_75_mh19,sig_severe_obs,0.0,90.0,47.43794109626731,percentile,29,81,868,118,0.19727891156462585,0.7363636363636363,0.12719298245614036,0.12524665907304317
by_radar,KTLX,max_mesh_75_mh19,sig_severe_obs,0.0,91.0,48.03349023345639,percentile,26,73,876,121,0.17687074829931973,0.7373737373737373,0.11818181818181818,0.11594528294041828
by_radar,KTLX,max_mesh_75_mh19,sig_severe_obs,0.0,92.0,48.61469514134742,percentile,24,64,885,123,0.16326530612244897,0.7272727272727273,0.11374407582938388,0.11539656779807327
by_radar,KTLX,max_mesh_75_mh19,sig_severe_obs,0.0,93.0,49.59441818669975,percentile,23,54,895,124,0.1564625850340136,0.7012987012987013,0.11442786069651742,0.12463991815709888
by_radar,KTLX,max_mesh_75_mh19,sig_severe_obs,0.0,94.0,50.03039175544734,percentile,20,46,903,127,0.1360544217687075,0.696969696969697,0.10362694300518134,0.11416344303040496
by_radar,KTLX,max_mesh_75_mh19,sig_severe_obs,0.0,95.0,51.24236156338137,percentile,17,38,911,130,0.11564625850340136,0.6909090909090909,0.0918918918918919,0.10278625098673631
by_radar,KTLX,max_mesh_75_mh19,sig_severe_obs,0.0,96.0,52.2597209122389,percentile,13,31,918,134,0.08843537414965986,0.7045454545454546,0.07303370786516854,0.07922606924643584
by_radar,KTLX,max_mesh_75_mh19,sig_severe_obs,0.0,97.0,53.055273135651134,percentile,8,25,924,139,0.05442176870748299,0.7575757575757576,0.046511627906976744,0.041763959526170444
by_radar,KTLX,max_mesh_75_mh19,sig_severe_obs,0.0,98.0,54.67521414862772,percentile,6,16,933,141,0.04081632653061224,0.7272727272727273,0.03680981595092025,0.0373917518852514
by_radar,KTLX,max_mesh_75_mh19,sig_severe_obs,0.0,99.0,57.05328039028398,percentile,4,7,942,143,0.027210884353741496,0.6363636363636364,0.025974025974025976,0.03256558428566385
by_radar,KTLX,max_mesh_75_mh19,sig_severe_obs,0.0,100.0,62.07887846773464,percentile,0,1,948,147,0.0,1.0,0.0,-0.0018157787467420977
